<?xml version="1.0" encoding="utf-8"?>
<TEI.2>
  <teiHeader>
    <fileDesc>
      <titleStmt>
        <title>The United Nations Parallel Corpus v1.0 - NPT/CONF.2015/PC.III/1</title>
      </titleStmt>
      <publicationStmt>
        <publisher>United Nations DGACM</publisher>
        <pubPlace>New York</pubPlace>
        <date>20140115</date>
        <idno type="symbol">NPT/CONF.2015/PC.III/1</idno>
        <idno type="jobno">N1420711</idno>
        <availability>
          <p>The following disclaimer, an integral part of the United Nations Parallel Corpus v1.0, 
             shall be respected in regard to the Corpus v1.0 (no other restrictions apply):</p>

          <p>The United Nations Parallel Corpus is made available without warranty of any kind, 
             explicit or implied. The United Nations specifically makes no warranties or 
             representations as to the accuracy or completeness of the information contained in 
             the United Nations corpus.</p>

          <p>Under no circumstances shall the United Nations be liable for any loss, liability,
             injury or damage incurred or suffered that is claimed to have resulted from the use
             of the United Nations Corpus. The use of the United Nations Corpus is at the user's 
             sole risk. The user specifically acknowledges and agrees that the United Nations is 
             not liable for the conduct of any user. If the user is dissatisfied with any of the 
             material provided in the United Nations Corpus, the users's sole and exclusive remedy 
             is to discontinue using the United Nations Corpus.</p>

          <p>When using the United Nations Corpus, the user must acknowledge the United Nations as the
             source of the information. For references, please use this reference:
             Ziemski, M., Junczys-Dowmunt, M., and Pouliquen, B. (2016) The United Nations
             Parallel Corpus, Language Resources and Evaluation (LREC’16), Portorož, Slovenia, 
             May 2016.</p>

          <p>Nothing herein shall constitute or be considered to be a limitation upon or waiver,
             express or implied, of the privileges and immunities of the United Nations, which
             are specifically reserved.</p>
        </availability>
        <distributor>http://conferences.unite.un.org/UNCorpus</distributor>
      </publicationStmt>
      <sourceDesc>
        <p>http://www.un.org/en/official-documents-system-search/index.html</p>
      </sourceDesc>
    </fileDesc>
    <profileDesc>
      <langUsage>
        <language ident="en">English</language>
      </langUsage>
    </profileDesc>
  </teiHeader>
  <text>
    <body>
      <p id="1">
        <s id="1:1" lang="en">Third session</s>
      </p>
      <p id="2">
        <s id="2:1" lang="en">New York, 28 April-9 May 2014</s>
      </p>
      <p id="3">
        <s id="3:1" lang="en">Revised estimated cost of the 2015 Review Conference of</s>
      </p>
      <p id="4">
        <s id="4:1" lang="en">the Parties to the Treaty on the Non-Proliferation of</s>
      </p>
      <p id="5">
        <s id="5:1" lang="en">Nuclear Weapons</s>
      </p>
      <p id="6">
        <s id="6:1" lang="en">Note by the Secretariat</s>
      </p>
      <p id="7">
        <s id="7:1" lang="en">1. At the second session of the Preparatory Committee for the 2015 Review Conference of the Parties to the Treaty on the Non-Proliferation of Nuclear Weapons, held in Geneva from 22 April to 3 May 2013, the Committee requested the Secretariat to issue revised cost estimates of the 2015 Review Conference, including its Preparatory Committee, prior to the third session of the Committee (see NPT/CONF.2015/PC.II/12).</s>
        <s id="7:2" lang="en">Pursuant to that request, the Secretariat submits herewith a revised summary of the estimated costs of the 2015 Review Conference, including the three sessions of its Preparatory Committee.</s>
      </p>
      <p id="8">
        <s id="8:1" lang="en">A. Estimated programme costs</s>
      </p>
      <p id="9">
        <s id="9:1" lang="en">2. The estimates of the programme costs provided in the annex relate to the third session of the Preparatory Committee and to the 2015 Review Conference itself and are, in general, in keeping with past practice, based on notional costs.</s>
        <s id="9:2" lang="en">The cost of documentation is a major component of the estimates provided herein.</s>
      </p>
      <p id="10">
        <s id="10:1" lang="en">3. Since all expenditures relating to the aforementioned meetings have no financial implications for the regular budget of the United Nations, the Secretary-General is obliged to request advance payment for both the third session of the Preparatory Committee and the 2015 Review Conference.</s>
      </p>
      <p id="11">
        <s id="11:1" lang="en">4. The estimates have been compiled taking into account the decision of the Preparatory Committee, at its first session, that the working languages of the Conference and its preparation will be Arabic, Chinese, English, French, Russian and Spanish (see NPT/CONF.2015/PC.I/14).</s>
        <s id="11:2" lang="en">The Committee also decided that summary records will be provided at each session for the Committee&apos;s opening meeting, the general debate and the closing meeting, a total of five meetings, and that there will be records of decisions taken at the other meetings.</s>
        <s id="11:3" lang="en">Without prejudice to an eventual decision by the Preparatory Committee, the estimates also include the provision of summary records for the 2015 Review Conference itself.</s>
      </p>
      <p id="12">
        <s id="12:1" lang="en">5. In addition, in anticipation of a request from the Preparatory Committee to the Secretary-General of the United Nations for the International Atomic Energy Agency (IAEA) and other intergovernmental organizations to prepare a number of background papers dealing with various aspects of the implementation of the Treaty on the Non-Proliferation of Nuclear Weapons, the estimates take into account the costs involved in the preparation and processing of those papers, it being understood that the final costs relating to background documentation will depend on the total number of pages produced.</s>
      </p>
      <p id="13">
        <s id="13:1" lang="en">6. The estimates also include provision for editing, documents control and documents distribution officers; sound/recording technicians and messengers; and security officers and access passes.</s>
      </p>
      <p id="14">
        <s id="14:1" lang="en">7. The significance of the 2015 Review Conference and its preparatory process necessitates the involvement of an adequate number of Secretariat staff.</s>
        <s id="14:2" lang="en">Requirements associated with staff costs estimated at a minimal level of $387,160 would cover: (a) a provision under temporary assistance for 24 work-months of General Service (Other level) staff to assist in all administrative arrangements and secretarial support related to the sessions of the Preparatory Committee; (b) travel and subsistence allowance for four staff, including the Secretary of the Preparatory Committee, from the Office for Disarmament Affairs of the Secretariat, in connection with servicing the first and second session of the Preparatory Committee; one staff from the Geneva Branch of the Office for Disarmament Affairs in connection with the servicing of the first session of the Preparatory Committee; two staff from IAEA in connection with servicing the second and third sessions of the Preparatory Committee and the Conference; travel and subsistence allowance for the Secretary of the Preparatory Committee to provide substantive support to the Chair of the second and third sessions of the Preparatory Committee and for the Secretary-General of the Review Conference to provide substantial support to the President of the Conference in connection with their consultations with States parties.</s>
      </p>
      <p id="15">
        <s id="15:1" lang="en">8. The Conference is expected to raise considerable interest among the press and other media representations and the public at large.</s>
        <s id="15:2" lang="en">Therefore, a provision of $51,006 has been included to ensure adequate press coverage of the plenary meetings of the Conference.</s>
        <s id="15:3" lang="en">In addition, $25,664 has been earmarked for the design and development of a Treaty web page in six languages and the webcast coverage.</s>
        <s id="15:4" lang="en">Furthermore, a provision of $13,500 has been included for the production of a press kit in English and French.</s>
        <s id="15:5" lang="en">The total expenses related to press coverage and public information activities amount to $90,170.</s>
      </p>
      <p id="16">
        <s id="16:1" lang="en">9. A provision of $15,526 for miscellaneous supplies and services such as the rental of photocopiers and engineering costs for PowerPoint presentations and side events has been included.</s>
        <s id="16:2" lang="en">There is also a provision of $4,129 for overtime.</s>
      </p>
      <p id="17">
        <s id="17:1" lang="en">B. Estimated programme support costs</s>
      </p>
      <p id="18">
        <s id="18:1" lang="en">10. Under established policy, the United Nations levies a charge, at a rate of 13 per cent of expenditure, for activities such as the 2015 Review Conference financed from extrabudgetary sources, to defray administrative and other support costs incurred in their implementation.</s>
        <s id="18:2" lang="en">Accordingly, a provision of $933,831 is included in the estimates to offset administrative and other support costs incurred for the servicing of the 2015 Review Conference and its Preparatory Committee.</s>
      </p>
      <p id="19">
        <s id="19:1" lang="en">C. Reserve for contingency</s>
      </p>
      <p id="20">
        <s id="20:1" lang="en">11. In accordance with established policies and procedures in the United Nations, provisions of $851,103 corresponding to 15 per cent of the estimated costs, excluding the provision for programme support costs, have been made for a contingency reserve to cover eventual shortfalls and final expenditures.</s>
      </p>
      <p id="21">
        <s id="21:1" lang="en">12. It should be noted that the costs provided in the present note are estimated on the basis of past experience and anticipated workload.</s>
        <s id="21:2" lang="en">Final costs such as those reported for the first two sessions of the Preparatory Committee will be determined after the conclusion of the remaining session of the Preparatory Committee and the Conference when the actual workload is known.</s>
        <s id="21:3" lang="en">At that time, adjustments in the contributions of the participating States parties will be made accordingly.</s>
      </p>
      <p id="22">
        <s id="22:1" lang="en">13. Further to the provisions set forth in paragraph 3 above and the oral statement made in connection with General Assembly resolution 66/33, the costs associated with the preparation and holding of the 2015 Review Conference and the sessions of its Preparatory Committee should not have financial implications for the regular budget of the United Nations.</s>
        <s id="22:2" lang="en">These activities will be undertaken by the Secretariat only after sufficient funding is received, in advance, from States parties.</s>
        <s id="22:3" lang="en">In addition, all final assessments that are outstanding for previous review conferences of the parties to the Treaty and the Preparatory Committee should be remitted by the States parties to the Secretariat as soon as possible.</s>
        <s id="22:4" lang="en">Timely receipt of contributions from States parties would ensure that the sessions of the Preparatory Committee and the Review Conference can be held as planned in accordance with the calendar of conferences.</s>
      </p>
      <p id="23">
        <s id="23:1" lang="en">14. In order to promote greater financial transparency and accountability, and taking into account the practice of multilateral and other organizations, at its second session, the Preparatory Committee of the 2010 Review Conference of the Parties to the Treaty on the Non-Proliferation of Nuclear Weapons decided to request the Secretary-General of the United Nations to provide a financial report to the Review Conference and each session of its Preparatory Committee to be circulated as an official document.</s>
        <s id="23:2" lang="en">This practice, which is continuing throughout the 2015 review cycle, has proven to be very beneficial in addressing some of the financial issues experienced in the past.</s>
      </p>
      <p id="24">
        <s id="24:1" lang="en">Annex</s>
      </p>
      <p id="25">
        <s id="25:1" lang="en">Revised estimates of conference- and non-conference-servicing costs of the</s>
      </p>
      <p id="26">
        <s id="26:1" lang="en">2015 Review Conference and its Preparatory Committee</s>
      </p>
      <p id="27">
        <s id="27:1" lang="en">(United States dollars)</s>
      </p>
      <p id="28">
        <s id="28:1" lang="en">First session of</s>
      </p>
      <p id="29">
        <s id="29:1" lang="en">the Preparatory Committee</s>
      </p>
      <p id="30">
        <s id="30:1" lang="en">(New York and Vienna)</s>
      </p>
      <p id="31">
        <s id="31:1" lang="en">(final costs)</s>
      </p>
      <p id="32">
        <s id="32:1" lang="en">Second session of</s>
      </p>
      <p id="33">
        <s id="33:1" lang="en">(New York and Geneva)</s>
      </p>
      <p id="34">
        <s id="34:1" lang="en">Third session of</s>
      </p>
      <p id="35">
        <s id="35:1" lang="en">(New York)</s>
      </p>
      <p id="36">
        <s id="36:1" lang="en">2015 Review Conference</s>
      </p>
      <p id="37">
        <s id="37:1" lang="en">Total</s>
      </p>
      <p id="38">
        <s id="38:1" lang="en">I.</s>
      </p>
      <p id="39">
        <s id="39:1" lang="en">Conference-servicing costs</s>
      </p>
      <p id="40">
        <s id="40:1" lang="en">Pre-session, in session and post session documentation</s>
      </p>
      <p id="41">
        <s id="41:1" lang="en">Meeting services</s>
      </p>
      <p id="42">
        <s id="42:1" lang="en">Summary records</s>
      </p>
      <p id="43">
        <s id="43:1" lang="en">Background papers to be prepared and translated by IAEA</s>
      </p>
      <p id="44">
        <s id="44:1" lang="en">Other requirements</s>
      </p>
      <p id="45">
        <s id="45:1" lang="en">Central support costs</s>
      </p>
      <p id="46">
        <s id="46:1" lang="en">Security requirements</s>
      </p>
      <p id="47">
        <s id="47:1" lang="en">Total I</s>
      </p>
      <p id="48">
        <s id="48:1" lang="en">II.</s>
      </p>
      <p id="49">
        <s id="49:1" lang="en">Non-conference-servicing costs</s>
      </p>
      <p id="50">
        <s id="50:1" lang="en">Temporary assistance (24 work months)</s>
      </p>
      <p id="51">
        <s id="51:1" lang="en">Travel and daily subsistence allowance for substantive staff from Office for Disarmament Affairs and IAEA</s>
      </p>
      <p id="52">
        <s id="52:1" lang="en">Press coverage and public information activities</s>
      </p>
      <p id="53">
        <s id="53:1" lang="en">Overtime</s>
      </p>
      <p id="54">
        <s id="54:1" lang="en">Miscellaneous supplies and services</s>
      </p>
      <p id="55">
        <s id="55:1" lang="en">Total II</s>
      </p>
      <p id="56">
        <s id="56:1" lang="en">Total (I + II)</s>
      </p>
      <p id="57">
        <s id="57:1" lang="en">III.</s>
      </p>
      <p id="58">
        <s id="58:1" lang="en">Programme support costs</s>
      </p>
      <p id="59">
        <s id="59:1" lang="en">Total (I + II + III)</s>
      </p>
      <p id="60">
        <s id="60:1" lang="en">IV.</s>
      </p>
      <p id="61">
        <s id="61:1" lang="en">Contingency</s>
      </p>
      <p id="62">
        <s id="62:1" lang="en">Total (I + II + III + IV)</s>
      </p>
    </body>
  </text>
</TEI.2>
