<?xml version="1.0" encoding="utf-8"?>
<TEI.2>
  <teiHeader>
    <fileDesc>
      <titleStmt>
        <title>The United Nations Parallel Corpus v1.0 - NPT/CONF.2015/PC.III/10</title>
      </titleStmt>
      <publicationStmt>
        <publisher>United Nations DGACM</publisher>
        <pubPlace>New York</pubPlace>
        <date>20140428</date>
        <idno type="symbol">NPT/CONF.2015/PC.III/10</idno>
        <idno type="jobno">N1431252</idno>
        <availability>
          <p>The following disclaimer, an integral part of the United Nations Parallel Corpus v1.0, 
             shall be respected in regard to the Corpus v1.0 (no other restrictions apply):</p>

          <p>The United Nations Parallel Corpus is made available without warranty of any kind, 
             explicit or implied. The United Nations specifically makes no warranties or 
             representations as to the accuracy or completeness of the information contained in 
             the United Nations corpus.</p>

          <p>Under no circumstances shall the United Nations be liable for any loss, liability,
             injury or damage incurred or suffered that is claimed to have resulted from the use
             of the United Nations Corpus. The use of the United Nations Corpus is at the user's 
             sole risk. The user specifically acknowledges and agrees that the United Nations is 
             not liable for the conduct of any user. If the user is dissatisfied with any of the 
             material provided in the United Nations Corpus, the users's sole and exclusive remedy 
             is to discontinue using the United Nations Corpus.</p>

          <p>When using the United Nations Corpus, the user must acknowledge the United Nations as the
             source of the information. For references, please use this reference:
             Ziemski, M., Junczys-Dowmunt, M., and Pouliquen, B. (2016) The United Nations
             Parallel Corpus, Language Resources and Evaluation (LREC’16), Portorož, Slovenia, 
             May 2016.</p>

          <p>Nothing herein shall constitute or be considered to be a limitation upon or waiver,
             express or implied, of the privileges and immunities of the United Nations, which
             are specifically reserved.</p>
        </availability>
        <distributor>http://conferences.unite.un.org/UNCorpus</distributor>
      </publicationStmt>
      <sourceDesc>
        <p>http://www.un.org/en/official-documents-system-search/index.html</p>
      </sourceDesc>
    </fileDesc>
    <profileDesc>
      <langUsage>
        <language ident="en">English</language>
      </langUsage>
    </profileDesc>
  </teiHeader>
  <text>
    <body>
      <p id="1">
        <s id="1:1" lang="en">Third session</s>
      </p>
      <p id="2">
        <s id="2:1" lang="en">New York, 28 April-9 May 2014</s>
      </p>
      <p id="3">
        <s id="3:1" lang="en">Steps to promote the achievement of a nuclear-weapon-free zone in the Middle East and the realization of the goals and objectives of the 1995 resolution on the Middle East</s>
      </p>
      <p id="4">
        <s id="4:1" lang="en">Report submitted by Canada</s>
      </p>
      <p id="5">
        <s id="5:1" lang="en">1. At the sixty-eighth session of the General Assembly, Canada supported a resolution calling for the establishment of a nuclear-weapon-free zone in the Middle East (resolution 68/27).</s>
        <s id="5:2" lang="en">In addition, Canada voted in favour of a resolution entitled &quot;Towards a nuclear-weapon-free world: accelerating the implementation of nuclear disarmament commitments&quot; (resolution 68/39) which, inter alia, called upon States parties to the Treaty on the Non-Proliferation of Nuclear Weapons to work towards the full implementation of the resolution on the Middle East adopted at the 1995 Review and Extension Conference of the Parties to the Treaty on the Non-Proliferation of Nuclear Weapons.</s>
        <s id="5:3" lang="en">In resolution 68/39, the Assembly also recognized the endorsement by the 2010 Review Conference of practical steps in a process leading to the full implementation of the 1995 resolution, including the convening of a conference to be attended by all States of the region on the establishment of a Middle East zone free of nuclear weapons and all other weapons of mass destruction.</s>
        <s id="5:4" lang="en">Canada voted against a resolution entitled &quot;The risk of nuclear proliferation in the Middle East&quot; (resolution 68/65).</s>
        <s id="5:5" lang="en">As expressed in Canada&apos;s explanation of its vote, the resolution unfairly singled out Israel by calling for its accession to the Treaty while failing to address serious nuclear non-compliance issues by States in the region, particularly the Islamic Republic of Iran and the Syrian Arab Republic.</s>
      </p>
      <p id="6">
        <s id="6:1" lang="en">2. Canada is committed to advancing the outcomes of the 2010 Review Conference, including the holding of a conference on a zone free of weapons of mass destruction in the Middle East.</s>
        <s id="6:2" lang="en">Canada fully supports the ongoing efforts of the facilitator of the conference, the Finnish Ambassador Jaakko Laajava, to consult broadly with all relevant stakeholders to ensure a successful conference to be attended by all States in the region on the basis of arrangements freely arrived at.</s>
        <s id="6:3" lang="en">Any zone free of weapons of mass destruction should be negotiated by States in the region for States in the region, with support from other actors as requested.</s>
        <s id="6:4" lang="en">In this regard, we welcome the recent consultations that have taken place in Glion and Geneva, Switzerland.</s>
      </p>
      <p id="7">
        <s id="7:1" lang="en">3. Canada has called for universal and full adherence and compliance with the Treaty by States in the Middle East.</s>
        <s id="7:2" lang="en">At the 2005 and 2006 General Conferences of the International Atomic Energy Agency (IAEA), Canada actively supported the adoption of a resolution on the application of IAEA safeguards in the Middle East.</s>
        <s id="7:3" lang="en">Canada regrets that it was unable to support this annual resolution from 2007 to 2013, given that changes presented by the drafters were not the result of a consensual approach and because the resolution did not address serious breaches in compliance with Treaty safeguards requirements by the Islamic Republic of Iran and the Syrian Arab Republic, as determined by IAEA and reported by it to the Security Council.</s>
        <s id="7:4" lang="en">Canada welcomes the fact that all States parties to the Treaty in the region have ratified a comprehensive safeguards agreement with IAEA.</s>
        <s id="7:5" lang="en">Canada has appealed to all States in the region to contribute further to regional stability and security by concluding additional protocols to their respective comprehensive safeguards agreements, which Canada considers the current verification standard pursuant to article III of the Treaty.</s>
        <s id="7:6" lang="en">We congratulate Iraq, Jordan, Kuwait and the United Arab Emirates for having fully in force additional protocols with IAEA.</s>
      </p>
      <p id="8">
        <s id="8:1" lang="en">4. With regard to the Comprehensive Nuclear-Test-Ban Treaty, Canada</s>
      </p>
      <p id="9">
        <s id="9:1" lang="en">co-sponsored resolution 68/68 on the Treaty at the sixty-eighth session of the General Assembly, and has also encouraged all States in the region, particularly those listed in annex 2 of the Treaty, to ratify the Treaty as a confidence- and security-building measure.</s>
      </p>
      <p id="10">
        <s id="10:1" lang="en">5. Canada shares the international community&apos;s serious concerns about the scope and nature of the Islamic Republic of Iran&apos;s nuclear programme and its ongoing failure to meet its safeguards obligations.</s>
        <s id="10:2" lang="en">Although Canada recognizes that, like all States parties to the Treaty on the Non-Proliferation of Nuclear Weapons, the Islamic Republic of Iran has the right to use nuclear energy for peaceful purposes, this right comes with obligations with which all States, including the Islamic Republic of Iran, must comply.</s>
        <s id="10:3" lang="en">The Islamic Republic of Iran has lost the confidence of the IAEA Board of Governors and the Security Council through its two-decade-long history of concealing nuclear activities.</s>
        <s id="10:4" lang="en">In the light of this track record and the country&apos;s failure to provide any plausible justification for its efforts to acquire the full nuclear fuel cycle, Canada fully supports Security Council resolutions 1696 (2006), 1737 (2006), 1747 (2007), 1803 (2008), 1835 (2008) and 1929 (2010) and IAEA Board of Governors resolutions GOV/2009/82, GOV/2011/65 and GOV/2012/50.</s>
        <s id="10:5" lang="en">These resolutions express the international community&apos;s desire for a negotiated, diplomatic solution that respects the Islamic Republic of Iran&apos;s right to peaceful uses of nuclear energy while ensuring the exclusively peaceful nature of the country&apos;s nuclear programme.</s>
      </p>
      <p id="11">
        <s id="11:1" lang="en">6. The Islamic Republic of Iran is in non-compliance with its comprehensive safeguards agreement and is in violation of six Security Council resolutions and</s>
      </p>
      <p id="12">
        <s id="12:1" lang="en">12 IAEA Board of Governors resolutions.</s>
        <s id="12:2" lang="en">While Canada notes the confirmation of IAEA that the Islamic Republic of Iran has so far implemented all of its required actions under the November 2013 Joint Plan of Action -- including the suspension of uranium-235 enrichment above 5 per cent and downblending its stock of 20-per-cent-enriched uranium -- this agreement is only a short-term measure intended to facilitate a comprehensive solution.</s>
        <s id="12:3" lang="en">Canada firmly believes that a comprehensive solution will require all outstanding issues to be resolved.</s>
        <s id="12:4" lang="en">Notably, the Islamic Republic of Iran continues to be the only State with a comprehensive safeguards agreement in force that refuses to implement the modified Code 3.1 provisions of its subsidiary arrangements, in violation of its safeguards agreement.</s>
        <s id="12:5" lang="en">It continues to refuse to provide sufficient information about the original purpose and chronology of the Fordow fuel enrichment plant, as well as about the majority of its other nuclear facilities.</s>
        <s id="12:6" lang="en">Furthermore, the Islamic Republic of Iran is required by binding resolutions of the Board of Governors and the Security Council to take steps towards the full implementation of its safeguards agreement and an additional protocol.</s>
        <s id="12:7" lang="en">It has failed to do so.</s>
        <s id="12:8" lang="en">As such, IAEA is not in a position to provide credible assurances about the absence of undeclared nuclear activities in the Islamic Republic of Iran or to confirm that all nuclear material in the country is being used for exclusively peaceful purposes.</s>
      </p>
      <p id="13">
        <s id="13:1" lang="en">7. Canada has previously made it clear that for the Islamic Republic of Iran to regain its place in the global community, it must resolve all non-compliance issues.</s>
        <s id="13:2" lang="en">Chief among these are the possible military dimensions of its nuclear research, as outlined in the annex to the IAEA Director General&apos;s report of November 2011 (GOV/2011/65) -- research which can only be understood in the context of a nuclear weapons development programme.</s>
        <s id="13:3" lang="en">The Islamic Republic of Iran has stated publicly that it would like to resolve all concerns relating to its nuclear programme within a year.</s>
        <s id="13:4" lang="en">To achieve this goal, the country will need to accelerate the rate of cooperation with IAEA under the framework for cooperation established in November 2013.</s>
        <s id="13:5" lang="en">Canada notes that the Islamic Republic of Iran and IAEA have proceeded to a second round of practical measures under the framework, and that the first six measures were implemented satisfactorily within the agreed three-month period.</s>
        <s id="13:6" lang="en">Canada stresses that IAEA must clarify and confirm all information provided by the Islamic Republic of Iran and that these measures should not be seen as static or fixed requirements, but rather as elements in an ongoing process intended to provide IAEA with a complete understanding of the country&apos;s nuclear programme.</s>
        <s id="13:7" lang="en">In this regard, we expect the Islamic Republic of Iran to cooperate fully and answer all questions posed by IAEA.</s>
        <s id="13:8" lang="en">From Canada&apos;s perspective, the practical measures agreed to by IAEA and the Islamic Republic of Iran in the next phase of the framework will demonstrate clearly the seriousness with which that country views the current process, and whether or not it truly intends to resolve all outstanding concerns about the possible military dimensions of its nuclear programme.</s>
      </p>
      <p id="14">
        <s id="14:1" lang="en">8. Canada remains deeply concerned about findings that point to possible undeclared nuclear material, facilities and activities in the Syrian Arab Republic, and also about possible nuclear cooperation between the Syrian Arab Republic and the Democratic People&apos;s Republic of Korea.</s>
        <s id="14:2" lang="en">Canada fully supported the Board of Governors resolution GOV/2011/41 requesting the IAEA Director-General to report to the Security Council the assessment that an undeclared nuclear reactor existed at Dair Alzour, in breach of the Syrian Arab Republic&apos;s safeguards obligations.</s>
        <s id="14:3" lang="en">Despite the current security situation in the Syrian Arab Republic, IAEA continues to report that the Assad regime has failed to provide the necessary cooperation needed to address the country&apos;s outstanding compliance issues.</s>
        <s id="14:4" lang="en">We continue to call on the Syrian Arabic Republic to urgently remedy its non-compliance and to meet its own commitment to &quot;fully cooperate with the Agency to resolve related outstanding issues&quot; (GOV/INF/2011/10), so that IAEA can provide the necessary assurances as to the exclusively peaceful nature of the country&apos;s nuclear programme.</s>
        <s id="14:5" lang="en">Local authorities must be ready to provide access to sites as requested by IAEA.</s>
        <s id="14:6" lang="en">We also continue to urge the Syrian Arab Republic to bring into force an additional protocol as soon as possible.</s>
        <s id="14:7" lang="en">It is only through full, transparent and proactive cooperation with IAEA that the Syrian Arab Republic can restore confidence with respect to the scope and nature of its nuclear programme.</s>
      </p>
      <p id="15">
        <s id="15:1" lang="en">9. Canada has called on all remaining States not parties to the Treaty on the</s>
      </p>
      <p id="16">
        <s id="16:1" lang="en">Non-Proliferation of Nuclear Weapons to join as non-nuclear-weapon States.</s>
        <s id="16:2" lang="en">As a confidence-building measure in advance of this ultimate goal, Canada has also called upon these same States to separate civilian and military fuel cycles and to place all civilian nuclear activities under IAEA safeguards.</s>
        <s id="16:3" lang="en">These statements are in conformity with both the policies and actions of Canada, which include Canada&apos;s voting record on the resolutions at the sixty-eighth session of the General Assembly, as referenced in the first paragraph of the present report.</s>
      </p>
      <p id="17">
        <s id="17:1" lang="en">10. Canada recognizes the growing interest in nuclear energy among States parties in the Middle East and welcomes the announcements made by a number of such States concerning new initiatives in this field.</s>
        <s id="17:2" lang="en">In welcoming these initiatives, we note that all nuclear power programmes should be accompanied by the strongest commitments to nuclear non-proliferation, nuclear safety and nuclear security.</s>
      </p>
    </body>
  </text>
</TEI.2>
