<?xml version="1.0" encoding="utf-8"?>
<TEI.2>
  <teiHeader>
    <fileDesc>
      <titleStmt>
        <title>The United Nations Parallel Corpus v1.0 - NPT/CONF.2015/PC.III/14</title>
      </titleStmt>
      <publicationStmt>
        <publisher>United Nations DGACM</publisher>
        <pubPlace>New York</pubPlace>
        <date>20140429</date>
        <idno type="symbol">NPT/CONF.2015/PC.III/14</idno>
        <idno type="jobno">N1431597</idno>
        <availability>
          <p>The following disclaimer, an integral part of the United Nations Parallel Corpus v1.0, 
             shall be respected in regard to the Corpus v1.0 (no other restrictions apply):</p>

          <p>The United Nations Parallel Corpus is made available without warranty of any kind, 
             explicit or implied. The United Nations specifically makes no warranties or 
             representations as to the accuracy or completeness of the information contained in 
             the United Nations corpus.</p>

          <p>Under no circumstances shall the United Nations be liable for any loss, liability,
             injury or damage incurred or suffered that is claimed to have resulted from the use
             of the United Nations Corpus. The use of the United Nations Corpus is at the user's 
             sole risk. The user specifically acknowledges and agrees that the United Nations is 
             not liable for the conduct of any user. If the user is dissatisfied with any of the 
             material provided in the United Nations Corpus, the users's sole and exclusive remedy 
             is to discontinue using the United Nations Corpus.</p>

          <p>When using the United Nations Corpus, the user must acknowledge the United Nations as the
             source of the information. For references, please use this reference:
             Ziemski, M., Junczys-Dowmunt, M., and Pouliquen, B. (2016) The United Nations
             Parallel Corpus, Language Resources and Evaluation (LREC’16), Portorož, Slovenia, 
             May 2016.</p>

          <p>Nothing herein shall constitute or be considered to be a limitation upon or waiver,
             express or implied, of the privileges and immunities of the United Nations, which
             are specifically reserved.</p>
        </availability>
        <distributor>http://conferences.unite.un.org/UNCorpus</distributor>
      </publicationStmt>
      <sourceDesc>
        <p>http://www.un.org/en/official-documents-system-search/index.html</p>
      </sourceDesc>
    </fileDesc>
    <profileDesc>
      <langUsage>
        <language ident="en">English</language>
      </langUsage>
    </profileDesc>
  </teiHeader>
  <text>
    <body>
      <p id="1">
        <s id="1:1" lang="en">Third session</s>
      </p>
      <p id="2">
        <s id="2:1" lang="en">New York, 28 April-9 May 2014</s>
      </p>
      <p id="3">
        <s id="3:1" lang="en">Report submitted by France under actions 5, 20, and 21</s>
      </p>
      <p id="4">
        <s id="4:1" lang="en">of the Final Document of the 2010 Review Conference of</s>
      </p>
      <p id="5">
        <s id="5:1" lang="en">the Parties to the Treaty on the Non-Proliferation of</s>
      </p>
      <p id="6">
        <s id="6:1" lang="en">Nuclear Weapons</s>
      </p>
      <p id="7">
        <s id="7:1" lang="en">As indicated in the action plan of the 2010 Review Conference of the Parties to the Treaty on the Non-Proliferation of Nuclear Weapons, the governments of the five NPT nuclear-weapon States, or &quot;P5&quot;, are working to implement measure No. 5 in order to &quot;further enhance transparency and increase mutual confidence&quot; and to prepare national reports on measure No. 5 and our other commitments, to be presented in 2014 to the Preparatory Committee of the Treaty within a common framework, in accordance with our measures Nos. 20 and 21.</s>
        <s id="7:2" lang="en">Measure No. 21 states: &quot;As a confidence-building measure, all the nuclear-weapon States are encouraged to agree as soon as possible on a standard reporting form and to determine appropriate reporting intervals for the purpose of voluntarily providing standard information without prejudice to national security.&quot;</s>
        <s id="7:3" lang="en">The framework that we use for our national reporting includes common categories for topics under which relevant information is reported; it covers the three pillars of the Treaty: disarmament, non-proliferation and the peaceful uses of nuclear energy.</s>
        <s id="7:4" lang="en">We encourage all States parties to submit similar reports, in keeping with Measure No. 20.</s>
      </p>
      <p id="8">
        <s id="8:1" lang="en">Section I: National disarmament measures</s>
      </p>
      <p id="9">
        <s id="9:1" lang="en">France is fully committed to disarmament in accordance with the objectives of the Treaty.</s>
        <s id="9:2" lang="en">It takes a comprehensive, progressive and concrete approach:</s>
      </p>
      <p id="10">
        <s id="10:1" lang="en">- Comprehensive and progressive, because the objective of nuclear disarmament cannot be dissociated from collective security.</s>
        <s id="10:2" lang="en">Progress toward its achievement can only be made by taking into account the strategic context; our approach should be viewed as part of a gradual process that will guarantee all parties undiminished security and prevent any new arms race;</s>
      </p>
      <p id="11">
        <s id="11:1" lang="en">- Concrete, because action is what matters.</s>
        <s id="11:2" lang="en">In that regard, France has taken very significant unilateral measures and made ambitious proposals for the determined pursuit of nuclear disarmament at the international level.</s>
      </p>
      <p id="12">
        <s id="12:1" lang="en">i. National security policies, nuclear-weapons-related doctrine and activities</s>
      </p>
      <p id="13">
        <s id="13:1" lang="en">The French doctrine is regularly explained publicly.</s>
        <s id="13:2" lang="en">Its basic principles may be found, in particular, in the French President&apos;s public statements and the White Papers on defence and national security, the last of which was made public in 2013.</s>
        <s id="13:3" lang="en">These statements reaffirm the validity and principles of nuclear deterrence as conceived of by France, and help build confidence.</s>
        <s id="13:4" lang="en">Their regular reiteration is necessary, even where there are no new developments.</s>
        <s id="13:5" lang="en">Confirmation of principles already stated constitutes valuable information, providing a form of predictability that should enhance stability.</s>
      </p>
      <p id="14">
        <s id="14:1" lang="en">In general, the role of nuclear weapons in France&apos;s doctrine of defence and national security is strictly limited to the defence of its vital interests and, in extreme circumstances, to self-defence.</s>
        <s id="14:2" lang="en">Beyond the considerations contained in the White Paper, this report seeks to explain some fundamental principles of our nuclear deterrence:</s>
      </p>
      <p id="15">
        <s id="15:1" lang="en">1. Political control of nuclear weapons.</s>
        <s id="15:2" lang="en">France emphasizes the political conception of nuclear weapons, which may be used only on the decision of the President of the Republic.</s>
        <s id="15:3" lang="en">Hence, their control is strictly political;</s>
      </p>
      <p id="16">
        <s id="16:1" lang="en">2. Nuclear weapons are not tactical weapons but a means of deterrence.</s>
        <s id="16:2" lang="en">In the French doctrine of deterrence, nuclear weapons are not battlefield weapons but a means of deterring a potential adversary from attacking our vital interests.</s>
        <s id="16:3" lang="en">For deterrence to work, the circumstances under which nuclear weapons would be used are not, nor should they be, precisely laid out, so as not to enable the potential aggressor to calculate the risk inherent in such an attack;</s>
      </p>
      <p id="17">
        <s id="17:1" lang="en">3. Nuclear deterrence is strictly defensive.</s>
        <s id="17:2" lang="en">France does not threaten any State, and its deterrence is not targeted.</s>
        <s id="17:3" lang="en">That was announced in 1997 and has been reiterated since on many occasions.</s>
        <s id="17:4" lang="en">Potential adversaries must however be aware that the purpose of nuclear deterrence is to protect our vital interests against any State-led aggression, whatever its origin or its form;</s>
      </p>
      <p id="18">
        <s id="18:1" lang="en">4. Its use is confined solely to extreme circumstances of self-defence.</s>
        <s id="18:2" lang="en">French nuclear deterrence is governed by a threshold approach, regardless of the nature of the threat.</s>
        <s id="18:3" lang="en">Conversely, some other doctrines are based on a policy that does consider the nature of the threat -- a policy that seems reassuring for those who are concerned about the possibility of the use of nuclear weapons.</s>
        <s id="18:4" lang="en">However, a deterrence threshold approach does not give nuclear weapons a greater role, provided the threshold is high.</s>
        <s id="18:5" lang="en">Such is clearly the case in the French doctrine, whereby nuclear weapons may only conceivably be used in extreme circumstances of self-defence, a right enshrined in Article 51 of the United Nations Charter.</s>
      </p>
      <p id="19">
        <s id="19:1" lang="en">5. France applies the principle of strict sufficiency.</s>
        <s id="19:2" lang="en">France adjusts the level and characteristics of its arsenal to the strategic context, at the minimum level compatible with its security.</s>
        <s id="19:3" lang="en">Our threshold of sufficiency is determined by a national analysis of the strategic context.</s>
      </p>
      <p id="20">
        <s id="20:1" lang="en">6. In response to their aspirations, France has given security assurances to all non-nuclear-weapon States that comply with their non-proliferation commitments.</s>
        <s id="20:2" lang="en">These security guarantees are the result of:</s>
      </p>
      <p id="21">
        <s id="21:1" lang="en">:: The French deterrence doctrine, first of all, inasmuch as it unambiguously and consistently sets out the strictly defensive role of deterrence.</s>
        <s id="21:2" lang="en">Hence, the French doctrine is in itself a primary security assurance for non-nuclear-weapon States.</s>
      </p>
      <p id="22">
        <s id="22:1" lang="en">:: The statement of 6 April 1995, whereby France reaffirmed, for the benefit of all non-nuclear-weapon States parties to the Treaty, the security assurances given in 1982, and which the Security Council took note of in its resolution 984 (1995).</s>
        <s id="22:2" lang="en">France considers that commitment legally binding, and has so stated.</s>
        <s id="22:3" lang="en">It therefore considers itself fully bound by the commitment and means to apply it in good faith.</s>
      </p>
      <p id="23">
        <s id="23:1" lang="en">:: The signing of the protocols to the treaties establishing nuclear-weapon-free zones, which cover more than one hundred States.</s>
      </p>
      <p id="24">
        <s id="24:1" lang="en">These commitments do not affect the right to self-defence as enshrined in Article 51 of the United Nations Charter.</s>
      </p>
      <p id="25">
        <s id="25:1" lang="en">ii.</s>
        <s id="25:2" lang="en">Nuclear weapons, arms control (including nuclear disarmament) and verification</s>
      </p>
      <p id="26">
        <s id="26:1" lang="en">Disarmament is of the utmost importance to France, which backs up that position through actions and concrete achievements, involving considerable financial and human effort.</s>
      </p>
      <p id="27">
        <s id="27:1" lang="en">A. Status and reduction of arsenals and nuclear forces</s>
      </p>
      <p id="28">
        <s id="28:1" lang="en">1. Reducing the size of the French deterrent</s>
      </p>
      <p id="29">
        <s id="29:1" lang="en">(a) In keeping with the principle of strict sufficiency, France&apos;s arsenal is maintained at the lowest possible level compatible with the strategic context and the foreseeable development of the threat.</s>
        <s id="29:2" lang="en">The current status of French nuclear forces is based on two components, the seaborne and the airborne:</s>
      </p>
      <p id="30">
        <s id="30:1" lang="en">:: Seaborne component: 4 nuclear-powered ballistic missile submarines (SSBNs) based at Ile Longue and equipped with M51 intercontinental ballistic missiles providing continuous seaborne deterrence;</s>
      </p>
      <p id="31">
        <s id="31:1" lang="en">:: Airborne component: implemented by the air force from French soil or from the aircraft carrier Charles de Gaulle, using Mirage 2000N and Rafale aircraft carrying improved medium-range air-to-surface (ASMPA) missiles.</s>
      </p>
      <p id="32">
        <s id="32:1" lang="en">France has fewer than 300 nuclear warheads.</s>
        <s id="32:2" lang="en">It has no undeployed weapons.</s>
        <s id="32:3" lang="en">All of its weapons are deployed and operational.</s>
      </p>
      <p id="33">
        <s id="33:1" lang="en">(b) That figure reflects a very significant decrease in the size of French forces due to changes in the strategic environment: France has cut its arsenal in half over the past decade.</s>
      </p>
      <p id="34">
        <s id="34:1" lang="en">In the Cold War context, France had gradually acquired three nuclear components.</s>
        <s id="34:2" lang="en">Subsequently, in view of the changing strategic context, France has reduced its nuclear posture:</s>
      </p>
      <p id="35">
        <s id="35:1" lang="en">:: A one-third reduction in the seaborne component: the number of nuclear-powered ballistic missile submarines (SSBNs) in the seaborne component was cut from 6 to 4.</s>
      </p>
      <p id="36">
        <s id="36:1" lang="en">France has begun dismantling its M4-class SSBNs.</s>
        <s id="36:2" lang="en">The SSBN Le Redoutable has been open to the public at the Cité de la Mer in Cherbourg since May 2002.</s>
        <s id="36:3" lang="en">A series of complex operations was of course carried out beforehand under optimum nuclear security conditions.</s>
        <s id="36:4" lang="en">The remaining SSBNs will follow the normal cycle leading to their total elimination.</s>
      </p>
      <p id="37">
        <s id="37:1" lang="en">:: Major reductions in the airborne component, with:</s>
      </p>
      <p id="38">
        <s id="38:1" lang="en">o Early decommissioning and dismantling of the AN52 nuclear bombs carried by Jaguar and Mirage III aircraft, announced in 1991.</s>
      </p>
      <p id="39">
        <s id="39:1" lang="en">o Withdrawal of Mirage IV strategic aircraft from nuclear missions in 1996.</s>
        <s id="39:2" lang="en">Strategic missions were then taken over by the three M2000N squadrons, which joined the strategic air forces at that time.</s>
      </p>
      <p id="40">
        <s id="40:1" lang="en">In 2008, France was able to announce its decision to reduce its airborne component by a third.</s>
        <s id="40:2" lang="en">That reduction was complete by 2013; as a result, France&apos;s total nuclear armament is, as announced in 2008, less than 300 nuclear warheads.</s>
        <s id="40:3" lang="en">All decommissioned weapons have been dismantled.</s>
      </p>
      <p id="41">
        <s id="41:1" lang="en">:: Abandonment of the surface-to-surface component:</s>
      </p>
      <p id="42">
        <s id="42:1" lang="en">In 1991, France announced several decisions leading to a reduction in its surface-to-surface component: early withdrawal of Pluton short-range missiles (completed in 1993), a cut in the Hadès missile programme (intended to replace the Pluton) from 120 to 30 units, and elimination of the S45 surface-to-surface missiles, which were to replace the S3D missiles at the Plateau d&apos;Albion.</s>
        <s id="42:2" lang="en">In 1992, the Hadès missile programme, intended to replace the Pluton missiles, was ended.</s>
        <s id="42:3" lang="en">In 1997, dismantling of the 30 Hadès missiles that had been produced was completed.</s>
        <s id="42:4" lang="en">Thus, the substrategic land component has been abandoned.</s>
      </p>
      <p id="43">
        <s id="43:1" lang="en">In 1996, the strategic surface-to-surface component in turn was abandoned, as France announced the final withdrawal and dismantling of the Plateau d&apos;Albion surface-to-surface systems.</s>
        <s id="43:2" lang="en">Two years later, in 1998, the dismantling of all S3D missiles was completed.</s>
        <s id="43:3" lang="en">So, France is the only State which, having had a surface-to-surface nuclear force, has completely dismantled it.</s>
      </p>
      <p id="44">
        <s id="44:1" lang="en">2. Reduction of alert levels</s>
      </p>
      <p id="45">
        <s id="45:1" lang="en">France&apos;s alert levels have seen as significant a reduction as the size of its nuclear forces.</s>
        <s id="45:2" lang="en">It has twice scaled back its nuclear forces&apos; permanent alert level, in 1992 and 1996.</s>
        <s id="45:3" lang="en">These reductions were in both the response times of forces and the number of weapons systems on alert.</s>
      </p>
      <p id="46">
        <s id="46:1" lang="en">In particular:</s>
      </p>
      <p id="47">
        <s id="47:1" lang="en">- Since 1996, France has kept only one nuclear-powered ballistic missile submarine permanently at sea</s>
      </p>
      <p id="48">
        <s id="48:1" lang="en">- Since the removal of the missiles from the Plateau d&apos;Albion, France no longer has capabilities on permanent high alert</s>
      </p>
      <p id="49">
        <s id="49:1" lang="en">- France also announced in 1997 that it no longer had any permanently targeted forces (&quot;detargeting&quot;).</s>
        <s id="49:2" lang="en">It has consistently reaffirmed that since.</s>
      </p>
      <p id="50">
        <s id="50:1" lang="en">France&apos;s nuclear posture is not a matter of &quot;launch on warning&quot; or &quot;launch under attack&quot; or what some commentators call the &quot;hair-trigger alert&quot; posture.</s>
        <s id="50:2" lang="en">Strict procedures have been instituted to ensure that no weapons can be used without an order from the President of the Republic.</s>
        <s id="50:3" lang="en">Alert status and posture decisions are the responsibility of the President of the Republic.</s>
      </p>
      <p id="51">
        <s id="51:1" lang="en">B. Activities relating to the discontinuation of the production of fissile material for weapons and to efforts to promote a fissile material cutoff treaty banning the production of fissile material for the manufacture of nuclear weapons and other nuclear explosive devices</s>
      </p>
      <p id="52">
        <s id="52:1" lang="en">1. Moratorium on the production of fissile material for weapons</s>
      </p>
      <p id="53">
        <s id="53:1" lang="en">France stopped producing fissile material in 1992 (plutonium) and 1996 (highly enriched uranium) to fuel its nuclear weapons programmes.</s>
        <s id="53:2" lang="en">It announced a moratorium on the production of such material in 1996.</s>
      </p>
      <p id="54">
        <s id="54:1" lang="en">2. Dismantling of the former fissile material production facilities for weapons</s>
      </p>
      <p id="55">
        <s id="55:1" lang="en">In 1996, when the moratorium was announced, France also decided to undertake the immediate dismantling of its production units in Marcoule and Pierrelatte.</s>
        <s id="55:2" lang="en">France intended the decommissioning to be complete and irreversible.</s>
        <s id="55:3" lang="en">The decommissioning operations represent a considerable financial effort: Euro6 billion, Euro2 billion of which has already been spent.</s>
      </p>
      <p id="56">
        <s id="56:1" lang="en">The Pierrelatte enrichment facility has now been fully decommissioned.</s>
        <s id="56:2" lang="en">The operations, which had required six years of preparation between 1996 and 2002, involved dismantling 4,000 diffusers, 1,330 t of diffusion barriers, and 1,200 km of piping.</s>
        <s id="56:3" lang="en">Decommissioning of the Marcoule UP1 reprocessing facility began in 1997 and will continue until 2035.</s>
      </p>
      <p id="57">
        <s id="57:1" lang="en">Moreover, the first phase of cleanup and dismantling of the plutonium production reactors at Marcoule G1, G2, G3 has been completed, and the second phase, planned to begin in 2020, will continue until 2035.</s>
      </p>
      <p id="58">
        <s id="58:1" lang="en">3. Commitment to an FMCT</s>
      </p>
      <p id="59">
        <s id="59:1" lang="en">France sets a high priority on the initiation of negotiations at the Conference on Disarmament on a treaty banning the production of fissile material for manufacturing nuclear weapons and other nuclear explosive devices.</s>
        <s id="59:2" lang="en">Such negotiations are the next logical step, at the multilateral level, in creating the conditions for a world without nuclear weapons in keeping with the objectives of the Treaty on the Non-Proliferation of Nuclear Weapons, in the context of a realistic approach based on concrete, progressive gestures.</s>
      </p>
      <p id="60">
        <s id="60:1" lang="en">France takes the view that an FMCT should place a quantitative limit on arsenals by stopping the production of fissile material for the manufacture of nuclear weapons.</s>
        <s id="60:2" lang="en">Such a treaty would be the indispensable complement to the Comprehensive Nuclear-Test-Ban Treaty (CTBT).</s>
        <s id="60:3" lang="en">Hence, it seems essential for such a treaty to cover all countries possessing nuclear weapons today.</s>
      </p>
      <p id="61">
        <s id="61:1" lang="en">Pending its entry into force, all States concerned should, as France has done, declare a moratorium on the production of fissile material for nuclear weapons.</s>
      </p>
      <p id="62">
        <s id="62:1" lang="en">France is a participant in the Group of Governmental Experts established by Resolution 67/53.</s>
        <s id="62:2" lang="en">It considers that it can usefully contribute to the preparation of future negotiations on a legally binding international instrument.</s>
      </p>
      <p id="63">
        <s id="63:1" lang="en">C. Activities to end nuclear testing and promote the CTBT</s>
      </p>
      <p id="64">
        <s id="64:1" lang="en">1. Complete cessation of nuclear tests</s>
      </p>
      <p id="65">
        <s id="65:1" lang="en">France put an end to its nuclear tests in 1996.</s>
      </p>
      <p id="66">
        <s id="66:1" lang="en">It signed, on 24 September 1996, and ratified, on 6 April 1998, the Comprehensive Nuclear-Test-Ban Treaty.</s>
      </p>
      <p id="67">
        <s id="67:1" lang="en">France is conducting activities aimed at guaranteeing the safety and reliability of its nuclear weapons.</s>
        <s id="67:2" lang="en">The studies include, in particular, a simulation programme and hydrodynamic experiments designed to model materials&apos; performance under extreme physical conditions and, more broadly, the weapons&apos; functioning.</s>
        <s id="67:3" lang="en">These activities scrupulously respect France&apos;s obligations under the CTBT, which bans all nuclear explosions, whatever their yield, and puts an end to the development of new and more advanced types of weapon.</s>
        <s id="67:4" lang="en">In other words, the simulation programme is designed only to ensure the safety and reliability of existing weapons and in no way to enable the development of new and more advanced types of weapon.</s>
      </p>
      <p id="68">
        <s id="68:1" lang="en">2. Complete and irreversible dismantling of the former Pacific Testing Centre</s>
      </p>
      <p id="69">
        <s id="69:1" lang="en">In 1996, at the same time as it ended nuclear testing, France decided to completely and irreversibly dismantle the sites of the Pacific Testing Centre on the atolls of Mururoa and Fangataufa in the South Pacific.</s>
      </p>
      <p id="70">
        <s id="70:1" lang="en">The sites were fully decommissioned in 1998 after the destruction of all infrastructure and almost all buildings; clean-up operations were then conducted to eliminate any radiological risk.</s>
        <s id="70:2" lang="en">A team of experts under the auspices of the International Atomic Energy Agency (IAEA) conducted a comprehensive, independent and objective evaluation of the present and future radiological conditions of the atolls of Mururoa and Fangataufa and concluded, in its 1998 report The Radiological Situation at the Atolls of Mururoa and Fangataufa, that there was no risk.</s>
        <s id="70:3" lang="en">France maintains radiological and geomechanical monitoring of the atolls to this day.</s>
      </p>
      <p id="71">
        <s id="71:1" lang="en">3. Support for the CTBT</s>
      </p>
      <p id="72">
        <s id="72:1" lang="en">France actively supports efforts to extend the Comprehensive Nuclear-Test-Ban Treaty to all Annex II States and such other States as have not acceded to the Treaty.</s>
        <s id="72:2" lang="en">At the national level, it has launched and led certain endeavours, in particular in French-speaking countries.</s>
        <s id="72:3" lang="en">It participates in Treaty promotion work conducted by the Eminent Persons Group created in September 2013 by the Executive Secretary of the Comprehensive Nuclear-Test-Ban Treaty Organization (CTBTO).</s>
        <s id="72:4" lang="en">France has also joined in the endeavours regularly conducted by the European Union.</s>
        <s id="72:5" lang="en">It is fully committed to supporting the European Union (EU) at CTBTO, and concretely to the Council&apos;s decision regarding Union support for the activities of the CTBTO Preparatory Commission.</s>
      </p>
      <p id="73">
        <s id="73:1" lang="en">France also provides technical support to the Treaty Organization, and in particular for the completion of the verification regime provided under the Treaty.</s>
        <s id="73:2" lang="en">The following actions have been undertaken:</s>
      </p>
      <p id="74">
        <s id="74:1" lang="en">For the international monitoring system, France deploys and operates 17 stations on its soil and provides technical assistance for the operation and maintenance of 8 foreign stations.</s>
      </p>
      <p id="75">
        <s id="75:1" lang="en">France also makes a significant contribution to the engineering work necessary to implement the IMS, in particular as regards new technologies such as infrasound (sensors, station engineering, and calibration techniques) and the measurement of noble gases.</s>
      </p>
      <p id="76">
        <s id="76:1" lang="en">France&apos;s National Data Centre supports the development of CTBTO&apos;s International Data Centre, both by providing software (infrasound data analysis, performance monitoring tools for the network of stations) and by seeking innovative solutions.</s>
        <s id="76:2" lang="en">In that way, France contributes actively to the evaluation of the verification regime&apos;s effectiveness and to the maintenance of close relations with many national data centres, and contributes to their development.</s>
      </p>
      <p id="77">
        <s id="77:1" lang="en">As regards the system of on-site inspections, France also provides expertise, either directly, to develop the inspection system (inspectors, inspection techniques, participation in major exercises such as IFE14, in particular in the development of scenarios), or through research work.</s>
      </p>
      <p id="78">
        <s id="78:1" lang="en">iii.</s>
        <s id="78:2" lang="en">Transparency and confidence-building measures</s>
      </p>
      <p id="79">
        <s id="79:1" lang="en">France is committed to transparency efforts within P5 and vis-à-vis non non-nuclear-weapon States.</s>
        <s id="79:2" lang="en">It contributes to them in its national capacity and on a voluntary basis through:</s>
      </p>
      <p id="80">
        <s id="80:1" lang="en">:: Regular efforts at transparency regarding its deterrence doctrine and its basic underlying principles.</s>
        <s id="80:2" lang="en">France sees this as an important contribution to the stability and predictability of nuclear-weapon States&apos; relations between themselves and with NNWSs.</s>
      </p>
      <p id="81">
        <s id="81:1" lang="en">:: Efforts at transparency regarding its forces.</s>
        <s id="81:2" lang="en">In that connection, the following should be noted in particular:</s>
      </p>
      <p id="82">
        <s id="82:1" lang="en">o The announcement that France has fewer than 300 warheads (in all, and not just the number of operational strategic weapons deployed)</s>
      </p>
      <p id="83">
        <s id="83:1" lang="en">o The announcement that France has no nuclear weapons in reserve</s>
      </p>
      <p id="84">
        <s id="84:1" lang="en">o The announcement (and reminders) of the detargeting of nuclear weapons</s>
      </p>
      <p id="85">
        <s id="85:1" lang="en">o Advance notice of all space and ballistic missile launches under the Hague Code of Conduct against Ballistic Missile Proliferation (HCoC): since January 2010, France has given notice of launch on 36 occasions, for all space and missile launches conducted over the last 4 years.</s>
        <s id="85:2" lang="en">Together with that effort, a statement is published each year, in keeping with the confidence-building and transparency measures laid down in the HCoC, setting out French policy on ballistic missiles and spacecraft.</s>
        <s id="85:3" lang="en">Finally, for the first time in the history of the Code of Conduct and in fulfilment of one of its provisions, France in 2011 hosted an inspection by international observers at the Centre spatial Guyanais in Kourou.</s>
      </p>
      <p id="86">
        <s id="86:1" lang="en">:: Transparency efforts regarding concrete disarmament measures undertaken by France, in particular the dismantling of its nuclear testing facilities in the Pacific and the Pierrelatte and Marcoule facilities for the production of fissile materials for weapons.</s>
        <s id="86:2" lang="en">In that connection, France organized visits to its former fissile material production facilities on 16 September 2008 by representatives of upwards of 40 member States of the Conference on Disarmament, on 16 March 2009 by non-governmental experts, and on 3 July 2009 by international journalists.</s>
      </p>
      <p id="87">
        <s id="87:1" lang="en">:: In addition to this national action, France has been involved in P5 efforts led by China to develop a Glossary of Nuclear Terminology.</s>
        <s id="87:2" lang="en">Issues of definition and nuclear terminology are indeed essential so that mutual understanding can be deepened and dialogue facilitated within P5.</s>
      </p>
      <p id="88">
        <s id="88:1" lang="en">iv.</s>
        <s id="88:2" lang="en">Other relevant actions</s>
      </p>
      <p id="89">
        <s id="89:1" lang="en">Nuclear disarmament only makes sense if it does not lead to an arms race in other areas.</s>
        <s id="89:2" lang="en">Hence, it needs to be part of general and complete disarmament, in accordance with article VI of the Treaty on the Non-Proliferation of Nuclear Weapons.</s>
      </p>
      <p id="90">
        <s id="90:1" lang="en">France&apos;s resolute action therefore also involves other areas of disarmament, in particular the Convention on the Prohibition of the Development, Production, Stockpiling and Use of Chemical Weapons and on their Destruction.</s>
        <s id="90:2" lang="en">France is the depositary state of the Geneva Protocol of 1925 and is also the country where the Chemical Weapons Convention was signed in 1993.</s>
        <s id="90:3" lang="en">Its commitment to the fight against chemical weapons, alongside the Organisation for the Prohibition of Chemical Weapons, is recognized.</s>
        <s id="90:4" lang="en">On the political front, France has played its role in the universalization of the Convention through actions at the national and European level.</s>
      </p>
      <p id="91">
        <s id="91:1" lang="en">France respects its international commitments and deploys the resources to live up to them:</s>
      </p>
      <p id="92">
        <s id="92:1" lang="en">It supports the efforts of the Organisation for the Prohibition of Chemical Weapons to meet the exceptional challenge of dismantling the Syrian chemical arsenal, making its best experts available to the Organisation and taking steps so that the EU can promptly assist in the destruction process.</s>
      </p>
      <p id="93">
        <s id="93:1" lang="en">In the framework of the Convention on the Prohibition of the Development, Production and Stockpiling of Bacteriological (Biological) and Toxin Weapons and on their Destruction, France has for some years been sponsoring a proposal for a peer review mechanism, as unlike some other organizations, the Convention lacks any verification mechanism.</s>
        <s id="93:2" lang="en">The French proposal is an innovative approach whose purpose is to strengthen one of the main instruments in the fight against proliferation.</s>
      </p>
      <p id="94">
        <s id="94:1" lang="en">In December 2013 in Paris, France undertook a pilot peer review exercise on the national implementation of the Convention.</s>
      </p>
      <p id="95">
        <s id="95:1" lang="en">In the area of conventional weapons, 2013 was marked by the adoption, on 2 April at the United Nations, of the Arms Trade Treaty, the first major universal treaty of the twenty-first century in the field of international security and arms control.</s>
        <s id="95:2" lang="en">France signed the Treaty on 3 June and wanted to be among the first to accede to it.</s>
        <s id="95:3" lang="en">It has completed its national ratification procedure and will deposit its instrument of ratification at the end of March 2014 along with some ten other European States.</s>
      </p>
      <p id="96">
        <s id="96:1" lang="en">The Arms Trade Treaty is a further step towards the ultimate goal of general and complete disarmament.</s>
        <s id="96:2" lang="en">The threat of proliferation of conventional weapons involves a large number of actors and sets States&apos; authority at defiance; it can only be dispelled through sustainable global action.</s>
      </p>
      <p id="97">
        <s id="97:1" lang="en">France, with its European partners, worked hard to ensure that the Treaty would be adopted with stringent requirements.</s>
        <s id="97:2" lang="en">At the Élysée summit in December 2013, we obtained a commitment from the States of Africa to quickly accede to the Treaty, and we are now ready to provide assistance in its implementation.</s>
      </p>
      <p id="98">
        <s id="98:1" lang="en">France is a party to the Convention on Prohibitions or Restrictions on the Use of Certain Conventional Weapons Which May Be Deemed to Be Excessively Injurious or to Have Indiscriminate Effects (1980), which is still the United Nations&apos; best framework for conventional disarmament inasmuch as it brings together the main arms producers and users.</s>
      </p>
      <p id="99">
        <s id="99:1" lang="en">France is also a party to the Ottawa Convention (1997), which prohibits the use, stockpiling, production and transfer of anti-personnel mines and provides for their destruction stock and the clearance of mined areas, and to the Oslo Convention (2008), which contains similar provisions on cluster munitions.</s>
        <s id="99:2" lang="en">It has fulfilled its obligations under the Ottawa Convention in advance of the deadlines set therein, and scrupulously respects its obligations under the Oslo Convention, devoting nearly Euro20 million to the destruction of its stock of cluster munitions.</s>
      </p>
      <p id="100">
        <s id="100:1" lang="en">France regularly conducts promotion efforts with non-signatory States regarding these various instruments.</s>
        <s id="100:2" lang="en">This has been signally the case during France&apos;s current Presidency (2013-2014) of the Convention on Certain Conventional Weapons, during which France obtained a mandate for the discussion of lethal autonomous weapons systems.</s>
        <s id="100:3" lang="en">The discussions will be informal and will seek to make all States parties aware of the challenges posed by these weapons and to clarify the terms of the debate.</s>
        <s id="100:4" lang="en">If the States deem the exercise useful, it may be pursued, in the same or a more formal setting, at the next meeting of the States parties in November 2014.</s>
      </p>
      <p id="101">
        <s id="101:1" lang="en">Section II: National non-proliferation measures</s>
      </p>
      <p id="102">
        <s id="102:1" lang="en">The proliferation of nuclear weapons and their means of delivery represents a threat to international peace and security; it is also a threat to the regions concerned.</s>
        <s id="102:2" lang="en">Therefore, France feels it is imperative to resolutely oppose proliferation.</s>
        <s id="102:3" lang="en">France&apos;s actions in the fight against nuclear proliferation and for the implementation of the Treaty on the Non-Proliferation of Nuclear Weapons and the 2010 Review Conference Action Plan have three main foci: strengthening of the nuclear non-proliferation regime, response to proliferation crises, and strengthening of concrete efforts to prevent and impede proliferation.</s>
      </p>
      <p id="103">
        <s id="103:1" lang="en">i. Implementation and support for safeguards</s>
      </p>
      <p id="104">
        <s id="104:1" lang="en">France is committed to the IAEA safeguards regime, which is at the heart of the non-proliferation regime and its strengthening.</s>
        <s id="104:2" lang="en">France itself is subject to many checks by the IAEA and the European Atomic Energy Community (Euratom).</s>
      </p>
      <p id="105">
        <s id="105:1" lang="en">A. French safeguard commitments</s>
      </p>
      <p id="106">
        <s id="106:1" lang="en">:: Voluntary offer agreement: With the purpose, in particular, of helping to strengthen the safeguards system, France has offered to make certain civil nuclear material subject to IAEA safeguards.</s>
        <s id="106:2" lang="en">The safeguards are applied under a trilateral agreement between France, Euratom and IAEA (see IAEA, INFCIRC/290), which entered into force in 1981.</s>
      </p>
      <p id="107">
        <s id="107:1" lang="en">:: France has also voluntarily agreed to transmit further information to IAEA:</s>
      </p>
      <p id="108">
        <s id="108:1" lang="en">- Notification of imports and exports of nuclear material (see IAEA, INFCIRC 207/Add.1, 1984);</s>
      </p>
      <p id="109">
        <s id="109:1" lang="en">- Notification of imports and exports of concentrates of uranium and thorium (see AIEA, INFCIRC 415, 1992);</s>
      </p>
      <p id="110">
        <s id="110:1" lang="en">- An annual statement of holdings of civil irradiated and unirradiated plutonium (see IAEA INFCIRC 549, 1998).</s>
      </p>
      <p id="111">
        <s id="111:1" lang="en">:: Additional Protocol: To enhance IAEA&apos;s ability to detect possible clandestine nuclear activities carried out by non-nuclear-weapon States, France signed an Additional Protocol to its 1998 safeguards agreement (entry into force 30 April 2004).</s>
        <s id="111:2" lang="en">The Additional Protocol is an essential expression of France&apos;s commitment to nuclear non-proliferation.</s>
      </p>
      <p id="112">
        <s id="112:1" lang="en">Several points in the French Additional Protocol warrant special attention:</s>
      </p>
      <p id="113">
        <s id="113:1" lang="en">:: Complementary access: IAEA inspectors may, on at least 24 hours&apos; notice, request access to any location in France -- and so to any nuclear facility -- in order to resolve any question as to the accuracy and completeness of the information provided pursuant to the provisions of the Protocol, or to resolve certain contradictions in that information and, by cross-referencing, to gather possible evidence of clandestine nuclear activity by a non-nuclear-weapon State.</s>
        <s id="113:2" lang="en">Complementary access methodology, as well as the activities inspectors may engage in during such access (environmental sampling, measurements), are similar to those provided for in the Model Additional Protocol proposed by IAEA.</s>
      </p>
      <p id="114">
        <s id="114:1" lang="en">:: Provision to IAEA of information on cooperation with non-nuclear-weapon States relating to all aspects of the fuel cycle.</s>
        <s id="114:2" lang="en">For example, France informs IAEA of its plans for nuclear cooperation involving the fuel cycle with non-nuclear-weapon States over the next 10 years.</s>
      </p>
      <p id="115">
        <s id="115:1" lang="en">B. Euratom safeguards inspections</s>
      </p>
      <p id="116">
        <s id="116:1" lang="en">Like its EU partners, France is subject to Euratom safeguards inspections relating to all civil nuclear material covered by the Euratom Treaty.</s>
        <s id="116:2" lang="en">As a result, all French facilities holding civil nuclear materials are subject to Euratom inspection.</s>
        <s id="116:3" lang="en">Such inspection seeks to verify that the use of these materials is consistent with that declared by the users.</s>
      </p>
      <p id="117">
        <s id="117:1" lang="en">C. Implementation of these inspections has made the French civil nuclear fuel cycle one of the most closely inspected in the world</s>
      </p>
      <p id="118">
        <s id="118:1" lang="en">Because of the number and diversity of nuclear installations in France, the country is subject to major inspection efforts covering all facilities involved in civil nuclear activities.</s>
        <s id="118:2" lang="en">In 2013, for example, 336 inspections were conducted by EURATOM.</s>
        <s id="118:3" lang="en">That thorough effort has made France one of the most closely inspected countries in the world.</s>
      </p>
      <p id="119">
        <s id="119:1" lang="en">Sensitive nuclear fuel cycle facilities in France are also subject to IAEA safeguards: the new Georges Besse II enrichment plant has been subject to inspections equivalent to those conducted by IAEA at similar facilities in European non-nuclear-weapon States; some parts of the La Hague processing/recycling plant and the Melox MOX fuel fabrication plant are also subject to the safeguards.</s>
        <s id="119:2" lang="en">These facilities are also subject to Euratom safeguards.</s>
        <s id="119:3" lang="en">Thus, the spent fuel reprocessing plant at La Hague is the European facility most thoroughly inspected by Euratom.</s>
      </p>
      <p id="120">
        <s id="120:1" lang="en">In 2013, Euratom&apos;s verification activities in France involved: 336 inspections; 1,475 person-days of inspection and the submission of 214,320 accounting items.</s>
        <s id="120:2" lang="en">In the same year, IAEA&apos;s safeguards activities carried out in France involved: 26 inspections; 113 person-days of inspection; submission of 80,000 accounting items; 18 statements provided under the Additional Protocol (France 15 and EU 3).</s>
      </p>
      <p id="121">
        <s id="121:1" lang="en">D. Political, technical and financial support for the safeguards</s>
      </p>
      <p id="122">
        <s id="122:1" lang="en">:: Political support: France has led or participated in efforts to promote the Additional Protocol within the Group of Eight.</s>
        <s id="122:2" lang="en">France also actively supports EU initiatives to promote the Additional Protocol (financial contributions and targeted approaches).</s>
      </p>
      <p id="123">
        <s id="123:1" lang="en">At the relevant meetings of the IAEA Board of Governors and General Conference, France has consistently called for the universalization of the Comprehensive Safeguards Agreement and its additional protocol as the verification standard.</s>
        <s id="123:2" lang="en">France has demonstrated its commitment to continuously enhancing the efficiency and effectiveness of the IAEA safeguards system, in particular through the implementation of safeguards at the State level.</s>
      </p>
      <p id="124">
        <s id="124:1" lang="en">France supports the Agency&apos;s activities to make States aware of the importance of the principle of stronger, universal safeguards.</s>
        <s id="124:2" lang="en">Hence, in 2013 it made a financial contribution to the organization of training seminars in Burma and Laos in preparation for ratification of the Additional Protocol.</s>
      </p>
      <p id="125">
        <s id="125:1" lang="en">:: Technical and financial support: France is committed to the central role played by the IAEA safeguards system and seeks to ensure that IAEA has the requisite human, financial and technical resources to fulfil the mandate from the international community, thus ensuring the credibility of its verification mission.</s>
      </p>
      <p id="126">
        <s id="126:1" lang="en">Thus, a French Support Programme for IAEA Safeguards was established in 1983 to give concrete expression to France&apos;s political support for IAEA&apos;s verification mission.</s>
        <s id="126:2" lang="en">Under that programme, technology transfers, financial contributions and expert advice are provided to help the IAEA safeguards department to improve the way its verifications are carried out, to make them more technically and economically efficient.</s>
      </p>
      <p id="127">
        <s id="127:1" lang="en">The Programme is among the four largest national support programmes; the total value of its actions is estimated to be Euro1.5 million a year.</s>
      </p>
      <p id="128">
        <s id="128:1" lang="en">France has also contributed to the European Union&apos;s efforts to support IAEA in the field of verification, particularly with regard to the following European contributions:</s>
      </p>
      <p id="129">
        <s id="129:1" lang="en">:: Council decisions on EU support for IAEA activities in the areas of nuclear security and verification</s>
      </p>
      <p id="130">
        <s id="130:1" lang="en">:: Contributions to the renovation of IAEA&apos;s safeguards laboratories (&quot;ECAS project&quot;).</s>
      </p>
      <p id="131">
        <s id="131:1" lang="en">E. Nuclear transfers called for as part of France&apos;s civil nuclear cooperation are subject to permanent safeguards</s>
      </p>
      <p id="132">
        <s id="132:1" lang="en">The intergovernmental agreements (IGAs) underlying France&apos;s commitment to civil nuclear cooperation with third countries contain specific clauses that make the materials, goods and equipment subject to IAEA safeguards (which apply under agreements concluded by the particular countries with IAEA).</s>
        <s id="132:2" lang="en">Should those safeguards be inapplicable, the parties are expected to implement a mutually agreed system of safeguards whose effectiveness and scope are equivalent to IAEA&apos;s.</s>
        <s id="132:3" lang="en">Finally, IGAs generally stipulate that the safeguards provisions shall continue to apply even after the agreement is terminated or expires.</s>
      </p>
      <p id="133">
        <s id="133:1" lang="en">ii.</s>
        <s id="133:2" lang="en">Export control</s>
      </p>
      <p id="134">
        <s id="134:1" lang="en">:: France actively participates in international nuclear control regimes</s>
      </p>
      <p id="135">
        <s id="135:1" lang="en">As a member of the Zangger Committee and the Nuclear Suppliers Group, France contributes to international counter-proliferation efforts, in particular in order to:</s>
      </p>
      <p id="136">
        <s id="136:1" lang="en">- Update checklists and ensure they are still relevant given contemporary technological developments (cf. participation in the work of DMTE (Dedicated Meeting of Technical Experts) and TEG (Technical Experts Group))</s>
      </p>
      <p id="137">
        <s id="137:1" lang="en">- Raise awareness among non-member States of the need to strengthen their export controls (outreach).</s>
      </p>
      <p id="138">
        <s id="138:1" lang="en">:: Implementation of export control at the national level</s>
      </p>
      <p id="139">
        <s id="139:1" lang="en">The bilateral agreements governing the development of France&apos;s civil nuclear cooperation with third countries reflect the commitments made by France in the framework of the Nuclear Suppliers Group (obligation to obtain assurances from the consignee in case of transfer or retransfer, etc.).</s>
      </p>
      <p id="140">
        <s id="140:1" lang="en">The checklists prescribed at the European level by Regulation (EC) No. 428/2009 (which incorporates the checklists for dual-use goods and technologies of all export control regimes, Nuclear Suppliers Group, Missile Technology Control Regime, Australia Group and Wassenaar Arrangement) are directly applicable at the national level.</s>
        <s id="140:2" lang="en">The lists are regularly updated to reflect changing technologies and proliferation issues.</s>
      </p>
      <p id="141">
        <s id="141:1" lang="en">Finally, the French authorities have recourse as necessary to the &quot;catch-all&quot; clause (provided under the regulations to allow export control for an unlisted item), where there is a serious risk that the item may have an application related to weapons of mass destruction.</s>
      </p>
      <p id="142">
        <s id="142:1" lang="en">:: Contribution to national capacity-building efforts in this area</s>
      </p>
      <p id="143">
        <s id="143:1" lang="en">France actively supports European Union actions to generalize a European culture of non-proliferation, particularly with the implementation of the New Lines for Action by the European Union in Combating the Proliferation of Weapons of Mass Destruction and their Delivery Systems, adopted in 2008 and renewed at the end of 2013.</s>
      </p>
      <p id="144">
        <s id="144:1" lang="en">A significant part of the budget of the European Union&apos;s Chemical, Biological, Radiological and Nuclear Risk Mitigation Centres (totalling over Euro20 million a year) is devoted to financial, technical and operational assistance to third countries to help them strengthen their export control systems.</s>
        <s id="144:2" lang="en">France Expertise Internationale is the leading coordinator of French experts for projects undertaken within that framework.</s>
      </p>
      <p id="145">
        <s id="145:1" lang="en">iii.</s>
        <s id="145:2" lang="en">Nuclear security</s>
      </p>
      <p id="146">
        <s id="146:1" lang="en">:: Ratification of international conventions</s>
      </p>
      <p id="147">
        <s id="147:1" lang="en">France has been a party to all relevant international instruments in this area since it ratified the 2005 Amendment to the Convention on the Physical Protection of Nuclear Material, on 1 February 2013, and the International Convention for the Suppression of Acts of Nuclear Terrorism, on 11 September 2013.</s>
      </p>
      <p id="148">
        <s id="148:1" lang="en">:: Implementation of IAEA recommendations</s>
      </p>
      <p id="149">
        <s id="149:1" lang="en">France has made good progress on implementing Circular INFCIRC/225/Rev.5 (or Nuclear Security Series No. 13).</s>
        <s id="149:2" lang="en">French regulations incorporate virtually all the provisions of the IAEA circular and indeed go beyond them in some cases.</s>
        <s id="149:3" lang="en">A peer review mission (International Physical Protection Advisory Service, IPPAS) conducted by IAEA in France (Gravelines) in November 2011 highlighted the quality of the French nuclear security regime, in particular with respect to the physical protection of materials.</s>
      </p>
      <p id="150">
        <s id="150:1" lang="en">:: Action plan signed with IAEA to support its activities</s>
      </p>
      <p id="151">
        <s id="151:1" lang="en">In April 2005, France signed an action plan with IAEA (renewed again in 2013 until 2015) to support IAEA nuclear and radiological security activities, particularly in the areas of cyber-security, strengthening of national nuclear security systems, physical protection of nuclear material, nuclear material accounting, security of radioactive sources, detection and response.</s>
        <s id="151:2" lang="en">In financial terms, French support has been Euro730,000 each year since 2011, for a total amount of Euro2.8 million since 2010.</s>
        <s id="151:3" lang="en">In this context, France has for example conducted work to identify and secure French sources exported abroad.</s>
      </p>
      <p id="152">
        <s id="152:1" lang="en">:: Support for IPPAS missions (International Physical Protection Advisory Service)</s>
      </p>
      <p id="153">
        <s id="153:1" lang="en">Besides hosting an IPPAS mission in November 2011, France organized a seminar in Paris on 4 and 5 December 2013, in cooperation with IAEA, on IPPAS missions; it was attended by 43 States and international organizations.</s>
        <s id="153:2" lang="en">The seminar was an opportunity to share lessons learned from the IPPAS missions and to encourage all States that had not yet done so to host such missions.</s>
        <s id="153:3" lang="en">Finally, the French authorities have provided support personnel for the preparation of IAEA missions and training activities.</s>
      </p>
      <p id="154">
        <s id="154:1" lang="en">:: Efforts to minimize highly enriched uranium</s>
      </p>
      <p id="155">
        <s id="155:1" lang="en">Since 2010, France has been working with a number of partner States to minimize the use of HEU in the production of medical radioisotopes and the manufacture of fuel for research reactors.</s>
      </p>
      <p id="156">
        <s id="156:1" lang="en">:: Efforts to secure radioactive sources</s>
      </p>
      <p id="157">
        <s id="157:1" lang="en">The potential use of radioactive sources for malicious purposes poses a real threat to international security.</s>
        <s id="157:2" lang="en">In 2011, accordingly, France signed an agreement with IAEA to identify sources exported by French companies and secure those sources in the countries where they are now located or, where that is impossible, to bring them back to France for processing.</s>
        <s id="157:3" lang="en">This work has already led to a broad inventory of high-activity sources exported; 300 have been identified.</s>
        <s id="157:4" lang="en">Of that total, just under 200 do require action.</s>
        <s id="157:5" lang="en">The repatriation decision will be taken for each on a case-by-case basis.</s>
        <s id="157:6" lang="en">Several repatriation operations have already taken place in recent years and exploratory missions are underway for possible repatriations from several countries.</s>
      </p>
      <p id="158">
        <s id="158:1" lang="en">France maintains a firm commitment to securing and repatriating radioactive sources in the context of the Nuclear Security Summit and the G8 Global Partnership against the Spread of Weapons and Materials of Mass Destruction.</s>
      </p>
      <p id="159">
        <s id="159:1" lang="en">At the Nuclear Security Summit held in The Hague (24 and 25 March 2014), the President of the French Republic announced the launch of an initiative to enhance the security of high-activity radioactive sources security (HARS) through three main working priorities:</s>
      </p>
      <p id="160">
        <s id="160:1" lang="en">:: Elaborate the applicable international framework</s>
      </p>
      <p id="161">
        <s id="161:1" lang="en">:: Minimize HARS use</s>
      </p>
      <p id="162">
        <s id="162:1" lang="en">:: Create a &quot;Radiological Source Suppliers Group&quot;.</s>
      </p>
      <p id="163">
        <s id="163:1" lang="en">iv.</s>
        <s id="163:2" lang="en">Nuclear-weapon-free zones</s>
      </p>
      <p id="164">
        <s id="164:1" lang="en">France has long supported the establishment of nuclear-weapon-free zones (NWFZs).</s>
        <s id="164:2" lang="en">The regional approach is an important means of promoting disarmament and non-proliferation.</s>
      </p>
      <p id="165">
        <s id="165:1" lang="en">:: Ratification of protocols to treaties establishing nuclear-weapon-free zones</s>
      </p>
      <p id="166">
        <s id="166:1" lang="en">France has acceded to the protocols to the treaties of Tlatelolco, Rarotonga and Pelindaba.</s>
      </p>
      <p id="167">
        <s id="167:1" lang="en">By so doing it has reiterated to more than 100 States the security assurances it gave unilaterally in its statement of 6 April 1995.</s>
      </p>
      <p id="168">
        <s id="168:1" lang="en">In 2012, France and Mongolia signed two parallel declarations on Mongolia&apos;s nuclear-weapon-free status.</s>
      </p>
      <p id="169">
        <s id="169:1" lang="en">:: Outlook for the signature of new protocols</s>
      </p>
      <p id="170">
        <s id="170:1" lang="en">France is in favour of the continued development of NWFZs.</s>
        <s id="170:2" lang="en">Having renewed the dialogue with the countries of Central Asia, France and its P5 partners will sign the Protocol to the Treaty of Semipalatinsk at the upcoming Preparatory Committee.</s>
      </p>
      <p id="171">
        <s id="171:1" lang="en">With respect to the Southeast Asia NWFZ established under the Treaty of Bangkok, France, with its P5 partners, has resumed discussions with the Association of Southeast Asian Nations (ASEAN) to seek solutions to the difficulties identified that will be acceptable to all stakeholders.</s>
        <s id="171:2" lang="en">Hence, France joined the consensus at the last session of the United Nations General Assembly on the resolution to establish a South-East Asia nuclear-weapon-free zone.</s>
      </p>
      <p id="172">
        <s id="172:1" lang="en">:: Middle East zones free of nuclear weapons, other weapons of mass destruction and their delivery systems</s>
      </p>
      <p id="173">
        <s id="173:1" lang="en">From the outset, France has supported the plan to create a Middle East zone free of weapons of mass destruction and their delivery systems.</s>
        <s id="173:2" lang="en">France has been calling on all States concerned to implement the resolution adopted by the Nuclear Non-Proliferation Treaty Review Conference in 1995 in order to make progress towards a lasting peace in the Middle East.</s>
        <s id="173:3" lang="en">At meetings of the First Committee of the United Nations General Assembly it very consistently votes in favour of texts supporting that objective.</s>
      </p>
      <p id="174">
        <s id="174:1" lang="en">Organization of a conference on that zone is among the important measures in the action plan adopted by the Nuclear Non-Proliferation Treaty Review Conference in 2010.</s>
        <s id="174:2" lang="en">Understandably, there was disappointment with the announcement in late 2012 that the conference was to be postponed.</s>
        <s id="174:3" lang="en">However, the cycle is not completed and France is supporting the facilitator, Mr. Jaakko Laajava.</s>
      </p>
      <p id="175">
        <s id="175:1" lang="en">In addition, France intends to help create the conditions for achievement of objectives of the 1995 resolution.</s>
        <s id="175:2" lang="en">It is working toward that goal, in particular, by its unrelenting efforts to resolve tensions in the region, especially with respect to the Middle East peace process.</s>
        <s id="175:3" lang="en">It is also working to ensure that all States parties to the Treaty on the Non-Proliferation of Nuclear Weapons comply with their nuclear non-proliferation commitments.</s>
        <s id="175:4" lang="en">That is the goal being pursued by France, in conjunction with its partners in the Group of Six, in order to reach a negotiated settlement to the Iranian nuclear crisis, which is threatening peace and security in the region.</s>
        <s id="175:5" lang="en">As the Security Council recalled in its resolutions 1747 (2007), 1803 (2008) and 1929 (2010), on the Iranian nuclear situation, a solution to the Iranian nuclear issue would contribute to global non-proliferation efforts and to realizing the objective of a Middle East free of weapons of mass destruction, including their means of delivery.</s>
      </p>
      <p id="176">
        <s id="176:1" lang="en">France is also helping implement the 1995 resolution through its commitment to the universalization of the principal non-proliferation instruments, factors for collective security, within the framework of its bilateral relations with the countries of the region and in relevant multilateral forums.</s>
        <s id="176:2" lang="en">It calls upon all States that have not yet acceded to the Non-Proliferation Treaty to do so, and to implement it fully in the meantime.</s>
        <s id="176:3" lang="en">It also urges all States in the region to accede without delay to the other existing conventions and instruments on the non-proliferation of weapons of weapons of mass destruction and their delivery systems.</s>
      </p>
      <p id="177">
        <s id="177:1" lang="en">v. Compliance with non-proliferation commitments and other issues</s>
      </p>
      <p id="178">
        <s id="178:1" lang="en">Proliferation crises constitute serious threats to international and regional security and stability.</s>
        <s id="178:2" lang="en">They are an obstacle to the development of civil nuclear cooperation.</s>
        <s id="178:3" lang="en">By undermining mutual trust, they impede disarmament.</s>
        <s id="178:4" lang="en">With the worsening of these crises, it is more vital than ever to make decisions regarding the consequences of a proven violation of the Treaty (compliance) or of the abuse of the right of withdrawal.</s>
      </p>
      <p id="179">
        <s id="179:1" lang="en">A. Proliferation crises</s>
      </p>
      <p id="180">
        <s id="180:1" lang="en">:: Iran</s>
      </p>
      <p id="181">
        <s id="181:1" lang="en">In the context of the Iranian proliferation crisis, France in 2013 negotiated with its partners of the E3+3 Governments, mandated by the Security Council, an interim agreement to halt the progression of the main proliferative dimensions of Iran&apos;s nuclear programme.</s>
        <s id="181:2" lang="en">Thus, a joint action plan was approved in Geneva on 24 November 2013 and entered into force on 20 January 2014.</s>
        <s id="181:3" lang="en">France played its role to the utmost in persuading Iran to accept significant non-proliferation. measures.</s>
        <s id="181:4" lang="en">Iran&apos;s implementation of the agreement is so far satisfactory, as reported by IAEA.</s>
        <s id="181:5" lang="en">France will ensure that it remains so throughout the implementation process.</s>
      </p>
      <p id="182">
        <s id="182:1" lang="en">France is determined to continue its efforts to reach a long-term diplomatic solution based on the restoration of confidence in the exclusively peaceful nature of Iran&apos;s programme.</s>
        <s id="182:2" lang="en">The November 2013 joint action plan, together with the Security Council resolutions, will form the basis for negotiation of the parameters of a long-term solution with Iran.</s>
        <s id="182:3" lang="en">Among other issues, great importance must be placed on the complete elucidation of all of the outstanding issues regarding the Iranian programme, and in particular its possible military dimension.</s>
        <s id="182:4" lang="en">That is IAEA&apos;s responsibility, but such resolution is an important condition for achievement of a long-term agreement.</s>
        <s id="182:5" lang="en">It will be essential in enabling IAEA, once an additional protocol is applied by Iran, to assure the international community that Iran has no undeclared nuclear material or activities.</s>
      </p>
      <p id="183">
        <s id="183:1" lang="en">:: North Korea</s>
      </p>
      <p id="184">
        <s id="184:1" lang="en">France is deeply concerned by North Korea&apos;s continuation of its nuclear and ballistic missile programmes, which have been condemned many times by the United Nations Security Council.</s>
        <s id="184:2" lang="en">The objective remains the complete, verifiable and irreversible dismantling of the North Korean facilities involved in those programmes and the return of IAEA inspectors without preconditions.</s>
        <s id="184:3" lang="en">In that connection, France is particularly concerned that the ballistics dimension of North Korean proliferation activities not be ignored.</s>
        <s id="184:4" lang="en">Hence, France strongly condemned the ballistic test of December 2012 and the nuclear test of February 2013, both carried out in violation of the relevant Security Council resolutions.</s>
      </p>
      <p id="185">
        <s id="185:1" lang="en">France actively supports the resumption of dialogue in the framework of the six-party talks, in which it is not involved.</s>
        <s id="185:2" lang="en">For negotiations to resume, however, it is essential for North Korea to make practical and binding gestures that will demonstrate its willingness to cooperate in achieving the goal of a denuclearized Korean peninsula, in order to rebuild trust.</s>
        <s id="185:3" lang="en">So far from doing so, North Korea has increasingly been issuing provocative statements about its determination to step up the development of its nuclear programme.</s>
      </p>
      <p id="186">
        <s id="186:1" lang="en">B. Withdrawal (Article X)</s>
      </p>
      <p id="187">
        <s id="187:1" lang="en">France took an active part in the debate on withdrawal from the Treaty on the Non-Proliferation of Nuclear Weapons (Article X) and its consequences occasioned by North Korea&apos;s announcement on 10 January 2013 of its intention to leave the Treaty.</s>
      </p>
      <p id="188">
        <s id="188:1" lang="en">States parties&apos; adoption of measures on that issue, which has been under debate for more than a decade now, is essential to the Treaty&apos;s credibility and integrity and to the consolidation of the nuclear non-proliferation regime.</s>
        <s id="188:2" lang="en">It would indeed be unacceptable for any State having benefited from the provisions and cooperation provided for in Article IV to acquire nuclear materials, facilities and technologies, to withdraw from the Treaty with impunity and use the resources so acquired for military purposes, or to withdraw after diverting them from civilian to military purposes in violation of the Treaty.</s>
      </p>
      <p id="189">
        <s id="189:1" lang="en">The point of this initiative is not to deny States the right of withdrawal, which is conferred by the Treaty itself in Article X. Rather, the point is to recall how that right, which is circumscribed both by the Treaty and by international law, must be exercised, and especially to orchestrate the best possible response by the international community in case of abuse of the right of withdrawal.</s>
      </p>
      <p id="190">
        <s id="190:1" lang="en">France has thrown its support behind the proposals that have been circulating in various working papers put forward, in particular, by the European Union, Russia and Ukraine as well as other States parties, all of which are in agreement on many points, such as the need for rapid consultations between States parties, the central role of IAEA in verifying compliance with international non-proliferation obligations in advance of such withdrawal, and the importance of maintaining effective control over the nuclear materials and equipment of the State that has given notice of its withdrawal.</s>
      </p>
      <p id="191">
        <s id="191:1" lang="en">vi.</s>
        <s id="191:2" lang="en">Other contributions to the non-proliferation of nuclear weapons</s>
      </p>
      <p id="192">
        <s id="192:1" lang="en">:: Financial oversight</s>
      </p>
      <p id="193">
        <s id="193:1" lang="en">France is a participant in the work of the Financial Action Task Force (FATF) to establish international recommendations for the criminalization of financing for proliferation in all its forms and of complicity in such action.</s>
        <s id="193:2" lang="en">Accordingly, France helped draw up FATF&apos;s Recommendation 7, adopted in February 2012, which calls on States to apply targeted financial sanctions against any persons financing activities prohibited by Security Council resolutions adopted on the basis of Chapter VII of the Charter.</s>
      </p>
      <p id="194">
        <s id="194:1" lang="en">Pursuant to that international recommendation, France has created in its domestic law a charge of &quot;financing of proliferation&quot; (Law No. 2011- 266 of 14 March 2011).</s>
        <s id="194:2" lang="en">The law imposes criminal penalties of up to 20 years in prison and a fine of Euro4.5 million on whoever has provided, collected or managed funds, securities or financial assets of whatever kind for the conduct of a proliferative activity.</s>
        <s id="194:3" lang="en">France encourages States that have not yet done so to strengthen their national legislation accordingly.</s>
      </p>
      <p id="195">
        <s id="195:1" lang="en">:: Counter-proliferation policy</s>
      </p>
      <p id="196">
        <s id="196:1" lang="en">France is a participant in efforts to intercept assets used in proliferation, and in 2003 was among the States that launched the Proliferation Security Initiative (PSI).</s>
      </p>
      <p id="197">
        <s id="197:1" lang="en">Seeking to enhance the effectiveness of the PSI, France proposed, in April 2013, the creation of a &quot;Mediterranean component of the PSI&quot;.</s>
        <s id="197:2" lang="en">The Mediterranean is a major international trade route and one of those most used by proliferating states to acquire various prohibited resources.</s>
      </p>
      <p id="198">
        <s id="198:1" lang="en">:: Fight against intangible transfers and the dissemination of knowledge and expertise</s>
      </p>
      <p id="199">
        <s id="199:1" lang="en">Transfers of expertise and sensitive technology can be hijacked and applied to the proliferation of weapons of mass destruction and their delivery systems.</s>
      </p>
      <p id="200">
        <s id="200:1" lang="en">To prevent such hijacking, in France, of knowledge and expertise that could contribute to the development of proliferation programmes, whether nuclear, biological, chemical or ballistic, France has now supplemented its legislation for the protection of French scientific and technical potential (PPST), established under Decree No. 2011-1425 of 2 November 2011, with a counter-proliferation section.</s>
      </p>
      <p id="201">
        <s id="201:1" lang="en">:: Support for the implementation Security Council resolution 1540 (2004)</s>
      </p>
      <p id="202">
        <s id="202:1" lang="en">France supports the implementation of resolution 1540 (2004).</s>
        <s id="202:2" lang="en">Since 2004, French assistance has taken the form of bilateral actions vis-à-vis applicant States and contributions to the &quot;voluntary fund&quot; of the 1540 Committee.</s>
      </p>
      <p id="203">
        <s id="203:1" lang="en">Section III: National measures concerning the peaceful uses of nuclear energy</s>
      </p>
      <p id="204">
        <s id="204:1" lang="en">Pursuant to Article IV of the Treaty, France is actively involved in the international community&apos;s efforts to share the benefit of civil nuclear energy as safely and securely as possible while ensuring non-proliferation.</s>
      </p>
      <p id="205">
        <s id="205:1" lang="en">i. Promotion of peaceful uses</s>
      </p>
      <p id="206">
        <s id="206:1" lang="en">A. Support for the development of energy applications</s>
      </p>
      <p id="207">
        <s id="207:1" lang="en">:: Sharing of nuclear technologies and expertise</s>
      </p>
      <p id="208">
        <s id="208:1" lang="en">There are currently 72 reactors under construction in the world, and the Organisation for Economic Cooperation and Development (OECD) and the IAEA confirm that in the coming decades the growth of global nuclear power generating capacity will continue.</s>
        <s id="208:2" lang="en">France considers that in implementing a nuclear power programme one must, first, acquire a comprehensive set of knowledge and skills of the highest level and, secondly, maintain a strong culture of nuclear safety and security.</s>
      </p>
      <p id="209">
        <s id="209:1" lang="en">France has great nuclear expertise in the following areas, from which many countries are benefiting:</s>
      </p>
      <p id="210">
        <s id="210:1" lang="en">:: Design and construction of 3rd generation reactors meeting the most exacting demanding safety and security standards over the whole lifetime of the facility, using a range of different reactors based on the EPR programme (1650 MWe) and the ATMEA1 reactor (1100 MWe)</s>
      </p>
      <p id="211">
        <s id="211:1" lang="en">:: Safe and efficient long-term operation of reactors</s>
      </p>
      <p id="212">
        <s id="212:1" lang="en">:: Control of the entire fuel cycle and of related services, making for secure and sustainable supply and safe materials management.</s>
      </p>
      <p id="213">
        <s id="213:1" lang="en">:: A vital contribution to the development of future nuclear systems (ITER project, studies for the ASTRID sodium-cooled fast neutron reactor (FNR) project, and work on low- and medium-power reactors, Jules Horowitz reactor under construction).</s>
      </p>
      <p id="214">
        <s id="214:1" lang="en">:: A specific institutional offering</s>
      </p>
      <p id="215">
        <s id="215:1" lang="en">France cooperates with a growing number of countries and pays special attention to the needs of developing countries.</s>
      </p>
      <p id="216">
        <s id="216:1" lang="en">Those of France&apos;s partners wishing to develop a nuclear power programme receive coordinated assistance in developing the necessary infrastructure (training and information, energy policy, energy policy, feasibility and implementation studies, regulatory framework, and waste management).</s>
        <s id="216:2" lang="en">The French International Nuclear Agency (AFNI), founded in 2008, is active in all phases: study (before the decision to use nuclear energy), diagnosis, counselling and training, to help these countries acquire the necessary skills to optimally conduct their projects in coordination with IAEA actions.</s>
        <s id="216:3" lang="en">AFNI relies on the expertise of all industrial and institutional actors in the French nuclear sector (IRSN, ANDRA, AREVA, EDF).</s>
      </p>
      <p id="217">
        <s id="217:1" lang="en">:: Priority given to training</s>
      </p>
      <p id="218">
        <s id="218:1" lang="en">France has developed a specific training system closely linked to the needs and control of the nuclear industry and to research.</s>
        <s id="218:2" lang="en">The training offered covers all trades and skills required in the industry.</s>
      </p>
      <p id="219">
        <s id="219:1" lang="en">Foreign students enjoy broad access to the training: Every year, some 20% of those graduating from French master&apos;s programmes in nuclear energy are foreign nationals.</s>
        <s id="219:2" lang="en">The International Institute of Nuclear Energy (I2EN), which coordinates all French training, is the gateway for all foreign students wishing to benefit from such training.</s>
      </p>
      <p id="220">
        <s id="220:1" lang="en">French universities&apos; programmes are supplemented by France&apos;s acceptance of IAEA fellowship recipients, professionals and students, for internships or study tours to hospital services (radiotherapy and nuclear medicine units in particular), research institutes and manufacturers.</s>
        <s id="220:2" lang="en">In 2012, France hosted 47 students of 18 different nationalities and 34 students of 16 nationalities for study tours.</s>
      </p>
      <p id="221">
        <s id="221:1" lang="en">As regards cooperation, France shares its training experience with partner countries wishing to develop their nuclear power programmes.</s>
      </p>
      <p id="222">
        <s id="222:1" lang="en">:: Support for international initiatives concerning the nuclear fuel cycle</s>
      </p>
      <p id="223">
        <s id="223:1" lang="en">On the occasion of its presidency of the European Union, France made a commitment, in conjunction with its European partners, to a financial (up to Euro25 million) and technical EU contribution to the establishment of a bank of low-enriched uranium (LEU) under IAEA auspices.</s>
        <s id="223:2" lang="en">Creation of the bank was authorized by the IAEA Board of Governors in November 2010; it will foster the development of economically viable nuclear power programmes while limiting the risks of proliferation.</s>
        <s id="223:3" lang="en">France has also supported other initiatives in the field of multilateral nuclear fuel assurance, for example the British Nuclear Fuel Assurance (NFA) project or the Angarsk LEU reserve proposed by Russia, both approved by the IAEA Board of Governors.</s>
      </p>
      <p id="224">
        <s id="224:1" lang="en">B. Nuclear applications for development</s>
      </p>
      <p id="225">
        <s id="225:1" lang="en">France supports IAEA&apos;s technical cooperation programme and the development of nuclear applications for the benefit of all through financial contributions, provision of expertise and the hosting of trainees and professionals for training in various fields (agronomy, nuclear medicine, and environmental protection, for example).</s>
      </p>
      <p id="226">
        <s id="226:1" lang="en">ii.</s>
        <s id="226:2" lang="en">Technical assistance through the IAEA for its member States</s>
      </p>
      <p id="227">
        <s id="227:1" lang="en">France actively supports the activities of the Department of Nuclear Energy&apos;s Nuclear Infrastructure Development Section (NIDS), formerly INIG (Integrated Nuclear Infrastructure Group), to develop the necessary infrastructure for the establishment of a nuclear power programme through the provision of experts, financial contributions and the organization of training or technical meetings in France.</s>
      </p>
      <p id="228">
        <s id="228:1" lang="en">IAEA&apos;s Technical Cooperation Programme makes a substantial contribution to member States&apos; efforts to acquire nuclear technology.</s>
        <s id="228:2" lang="en">France supports the programme by seconding experts to such projects and through extrabudgetary contributions (additional to its contribution to the Technical Cooperation Fund) for the financing of so-called &quot;Footnote A&quot; projects.</s>
        <s id="228:3" lang="en">Between 2005 and 2013, France contributed to 18 technical cooperation projects.</s>
      </p>
      <p id="229">
        <s id="229:1" lang="en">Health is a priority action area for France, which makes regular financial contributions to IAEA&apos;s Programme of Action for Cancer Therapy, reception and treatment in specialized wards of victims of radiation accidents, support for the research programmes to combat infectious diseases of the Department of Nuclear Sciences and Applications, and sponsors IAEA partnerships with French actors such as the Development Research Institute and the National Cancer Institute.</s>
      </p>
      <p id="230">
        <s id="230:1" lang="en">France is also active in the development of nuclear technology benefiting agriculture and the environment.</s>
        <s id="230:2" lang="en">It participates, for example, in the financing of technical cooperation projects in Africa aimed at improving crop production using advanced irrigation techniques.</s>
      </p>
      <p id="231">
        <s id="231:1" lang="en">iii.</s>
        <s id="231:2" lang="en">Nuclear safety and nuclear liability</s>
      </p>
      <p id="232">
        <s id="232:1" lang="en">A. Action to strengthen the safety framework</s>
      </p>
      <p id="233">
        <s id="233:1" lang="en">France considers that the magnitude of the accident at the Fukushima Daiichi plant and the severity of its consequences have confirmed the need for a policy making nuclear safety and transparency absolute requirements.</s>
        <s id="233:2" lang="en">The French authorities have always advocated for the maintenance of the highest level of nuclear safety worldwide, and indeed its improvement, and promotion of responsible nuclear power at the international level.</s>
      </p>
      <p id="234">
        <s id="234:1" lang="en">1. On French soil</s>
      </p>
      <p id="235">
        <s id="235:1" lang="en">:: In 2011 and 2012 France carried out additional safety evaluations applying not only to nuclear reactors but also to research facilities and fuel cycle plants.</s>
        <s id="235:2" lang="en">A national action plan, published in December 2012 by the nuclear safety authority following these evaluations, has been peer-reviewed at the European level.</s>
      </p>
      <p id="236">
        <s id="236:1" lang="en">:: France has also hosted IAEA nuclear safety peer review missions (one OSART mission (Operational Safety Review Team) per year, plus a new IRRS mission (Integrated Regulatory Review Service) in 2014).</s>
        <s id="236:2" lang="en">All of the above actions were carried out in the name of transparency vis-à-vis other States and peoples: thus, France published reports of the IRRS and OSART peer review missions conducted on its soil, as well as the schedule of past and planned missions.</s>
      </p>
      <p id="237">
        <s id="237:1" lang="en">:: Finally, France has sought to enhance its preparedness and its response to nuclear and radiological crises by drawing up and disseminating a national crisis management plan.</s>
        <s id="237:2" lang="en">The operators of nuclear facilities have also participated in this effort, creating emergency response teams (EDF&apos;s nuclear quick response force and AREVA&apos;S national response force).</s>
      </p>
      <p id="238">
        <s id="238:1" lang="en">2. Abroad</s>
      </p>
      <p id="239">
        <s id="239:1" lang="en">:: Support for IAEA</s>
      </p>
      <p id="240">
        <s id="240:1" lang="en">France has contributed to the definition and implementation of the IAEA Action Plan on Nuclear Safety.</s>
        <s id="240:2" lang="en">Then, in December 2012, France published its national version of the IAEA Action Plan.</s>
      </p>
      <p id="241">
        <s id="241:1" lang="en">Strengthening international cooperation on preparedness and response to nuclear and radiological emergencies is also a key issue.</s>
        <s id="241:2" lang="en">Among other support actions, France has sent a list of considerations in the form of 9 concrete proposals intended to redefine the operational role and means of action of IAEA&apos;s Incident and Emergency Centre (IEC).</s>
      </p>
      <p id="242">
        <s id="242:1" lang="en">:: Strengthening of the international safety framework</s>
      </p>
      <p id="243">
        <s id="243:1" lang="en">France has made a commitment to the universalization and strengthening of the international conventions on nuclear safety, participating actively in the work of the Working Group on Effectiveness and Transparency, which was mandated to draw up proposals to strengthen the Convention on Nuclear Safety.</s>
      </p>
      <p id="244">
        <s id="244:1" lang="en">:: Cooperation in the field of regulatory assistance</s>
      </p>
      <p id="245">
        <s id="245:1" lang="en">The French Nuclear Safety Authority provides regulatory assistance to third States through bilateral cooperation actions or through multilateral instruments, to help the States concerned to put in place a solid regulatory framework on safety, to set up an independent safety authority and to develop a culture of safety.</s>
      </p>
      <p id="246">
        <s id="246:1" lang="en">B. Nuclear liability</s>
      </p>
      <p id="247">
        <s id="247:1" lang="en">France supports the establishment of a global nuclear liability regime (NLR).</s>
        <s id="247:2" lang="en">The existence of an adequate civil liability regime for nuclear operators in case of accident is an essential condition for the responsible and sustainable development of nuclear energy.</s>
        <s id="247:3" lang="en">Universalization of a nuclear liability regime is a major objective of IAEA&apos;s action plan on nuclear safety.</s>
      </p>
      <p id="248">
        <s id="248:1" lang="en">France and the United States initiated a reflection on the bases and conditions for the establishment of a global liability regime for nuclear damage, culminating in August 2013 in the signing of a joint declaration that reflects our shared priorities on the key issue of compensation for nuclear damage.</s>
        <s id="248:2" lang="en">The declaration affirms our commitment to helping establish a global nuclear liability regime based on treaty relations between States providing for fair compensation for victims of nuclear accidents, as recommended in IAEA&apos;s action plan on nuclear safety, and encourages States to join such a regime.</s>
      </p>
      <p id="249">
        <s id="249:1" lang="en">It is France&apos;s view that the Paris Convention (together with the Brussels Supplementary Convention) and the Vienna Convention, as revised, as well as the Joint Protocol relating to the application of the Paris and Vienna Conventions, constitute an adequate basis for compensation for nuclear damage.</s>
      </p>
      <p id="250">
        <s id="250:1" lang="en">iv.</s>
        <s id="250:2" lang="en">Other issues</s>
      </p>
      <p id="251">
        <s id="251:1" lang="en">France has made transparency and public information a key element of its nuclear policy:</s>
      </p>
      <p id="252">
        <s id="252:1" lang="en">- On the one hand, thanks to a strict policy of transparency and community participation in the implementation of its nuclear projects, reinforced by the law on transparency and nuclear safety in 2006, which in particular created the High Committee for Transparency and Information on Nuclear Safety (HCTISN) and bolstered the Local Information Committees (CLIs, 53 in number)</s>
      </p>
      <p id="253">
        <s id="253:1" lang="en">- On the other hand, through sustained communication on topics related to nuclear power.</s>
      </p>
    </body>
  </text>
</TEI.2>
