<?xml version="1.0" encoding="utf-8"?>
<TEI.2>
  <teiHeader>
    <fileDesc>
      <titleStmt>
        <title>The United Nations Parallel Corpus v1.0 - NPT/CONF.2015/PC.III/15</title>
      </titleStmt>
      <publicationStmt>
        <publisher>United Nations DGACM</publisher>
        <pubPlace>New York</pubPlace>
        <date>20140430</date>
        <idno type="symbol">NPT/CONF.2015/PC.III/15</idno>
        <idno type="jobno">N1431772</idno>
        <availability>
          <p>The following disclaimer, an integral part of the United Nations Parallel Corpus v1.0, 
             shall be respected in regard to the Corpus v1.0 (no other restrictions apply):</p>

          <p>The United Nations Parallel Corpus is made available without warranty of any kind, 
             explicit or implied. The United Nations specifically makes no warranties or 
             representations as to the accuracy or completeness of the information contained in 
             the United Nations corpus.</p>

          <p>Under no circumstances shall the United Nations be liable for any loss, liability,
             injury or damage incurred or suffered that is claimed to have resulted from the use
             of the United Nations Corpus. The use of the United Nations Corpus is at the user's 
             sole risk. The user specifically acknowledges and agrees that the United Nations is 
             not liable for the conduct of any user. If the user is dissatisfied with any of the 
             material provided in the United Nations Corpus, the users's sole and exclusive remedy 
             is to discontinue using the United Nations Corpus.</p>

          <p>When using the United Nations Corpus, the user must acknowledge the United Nations as the
             source of the information. For references, please use this reference:
             Ziemski, M., Junczys-Dowmunt, M., and Pouliquen, B. (2016) The United Nations
             Parallel Corpus, Language Resources and Evaluation (LREC’16), Portorož, Slovenia, 
             May 2016.</p>

          <p>Nothing herein shall constitute or be considered to be a limitation upon or waiver,
             express or implied, of the privileges and immunities of the United Nations, which
             are specifically reserved.</p>
        </availability>
        <distributor>http://conferences.unite.un.org/UNCorpus</distributor>
      </publicationStmt>
      <sourceDesc>
        <p>http://www.un.org/en/official-documents-system-search/index.html</p>
      </sourceDesc>
    </fileDesc>
    <profileDesc>
      <langUsage>
        <language ident="en">English</language>
      </langUsage>
    </profileDesc>
  </teiHeader>
  <text>
    <body>
      <p id="1">
        <s id="1:1" lang="en">Third session</s>
      </p>
      <p id="2">
        <s id="2:1" lang="en">New York, 28 April-9 May 2014</s>
      </p>
      <p id="3">
        <s id="3:1" lang="en">Report submitted by the United Kingdom of Great Britain and Northern Ireland pursuant to actions 5, 20, and 21 of the Final Document of the 2010 Review Conference of the Parties to the Treaty on the Non-Proliferation of Nuclear Weapons</s>
      </p>
      <p id="4">
        <s id="4:1" lang="en">1. As provided in the action plan of the 2010 Review Conference of the Parties to the Treaty on the Non-Proliferation of Nuclear Weapons, the Governments of the five Non-Proliferation Treaty nuclear-weapon States, or &quot;P5&quot;, are working to implement action 5 to &quot;further enhance transparency and increase mutual confidence&quot; and to make national reports on our action 5 and other undertakings to the 2014 Non-Proliferation Treaty Preparatory Committee under a common framework, consistent with actions 20 and 21.</s>
      </p>
      <p id="5">
        <s id="5:1" lang="en">2. Action 21 states that &quot;as a confidence-building measure, all the nuclear-weapon States are encouraged to agree as soon as possible on a standard reporting form and to determine appropriate reporting intervals for the purpose of voluntarily providing standard information without prejudice to national security.&quot;</s>
        <s id="5:2" lang="en">The framework we use for our national reports includes common categories of topics under which relevant information is reported, and it addresses all three pillars of the Non-Proliferation Treaty: disarmament, non-proliferation, and peaceful uses of nuclear energy.</s>
      </p>
      <p id="6">
        <s id="6:1" lang="en">3. We encourage all States Parties, consistent with action 20, to make similar reports.</s>
      </p>
      <p id="7">
        <s id="7:1" lang="en">Section I: Reporting on national measures relating to disarmament</s>
      </p>
      <p id="8">
        <s id="8:1" lang="en">4. The United Kingdom of Great Britain and Northern Ireland considers the NonProliferation Treaty to be the cornerstone of global efforts to achieve a world free of nuclear weapons and we are committed to the step-by-step process agreed by consensus at the 2000 Review Conference and reaffirmed at the 2010 Review Conference.</s>
      </p>
      <p id="9">
        <s id="9:1" lang="en">I. National security policies, doctrine, and activities associated with nuclear weapons</s>
      </p>
      <p id="10">
        <s id="10:1" lang="en">Nuclear doctrine</s>
      </p>
      <p id="11">
        <s id="11:1" lang="en">5. The 2006 white paper &quot;The Future of the United Kingdom&apos;s Nuclear Deterrent&quot;, as amended by the 2010 Strategic Defence and Security Review, provides our current policy on nuclear deterrence, our capability and force structure.</s>
        <s id="11:2" lang="en">It makes clear that we will maintain only the minimum credible nuclear deterrent, under full political control, in the form of continuous-at-sea patrols of a Vanguard-class submarine carrying Trident ballistic missiles with the fewest warheads since the introduction of our nuclear-armed ballistic missile submarine capability in the 1960s.</s>
      </p>
      <p id="12">
        <s id="12:1" lang="en">6. We believe we already have the smallest stockpile of nuclear warheads among the recognized nuclear-weapon States, and are the only one to have reduced to a single deterrent system since the withdrawal of our air component in the late 1990s.</s>
      </p>
      <p id="13">
        <s id="13:1" lang="en">Operational policy</s>
      </p>
      <p id="14">
        <s id="14:1" lang="en">7. The United Kingdom has long been clear that we would only consider using our nuclear weapons in extreme circumstances of self-defence, including the defence of our North Atlantic Treaty Organization (NATO) allies.</s>
        <s id="14:2" lang="en">While we remain deliberately ambiguous about precisely when, how and at what scale we would contemplate their use, we have provided some parameters.</s>
      </p>
      <p id="15">
        <s id="15:1" lang="en">8. In the 2010 Strategic Defence and Security Review, the United Kingdom strengthened its negative security assurance to state that it will not use or threaten to use nuclear weapons against non-nuclear-weapon States parties to the NonProliferation Treaty.</s>
        <s id="15:2" lang="en">In giving this assurance, we emphasized the need for universal adherence to and compliance with the Treaty, and noted that this assurance would not apply to any State in material breach of those non-proliferation obligations.</s>
        <s id="15:3" lang="en">We also noted that while there is currently no direct threat to the United Kingdom or its vital interests from States developing capabilities in other weapons of mass destruction, for example chemical and biological, we reserve the right to review this assurance if the future threat, development and proliferation of these weapons make it necessary.</s>
      </p>
      <p id="16">
        <s id="16:1" lang="en">9. In the interests of international security and stability, the United Kingdom has taken steps to lower the operational status of our deterrent system.</s>
        <s id="16:2" lang="en">United Kingdom nuclear weapons are not on high alert, nor are they on &quot;launch on warning&quot; status.</s>
        <s id="16:3" lang="en">The patrol submarine operates routinely at a &quot;notice to fire&quot; measured in days rather than minutes as it did throughout the Cold War.</s>
        <s id="16:4" lang="en">The missiles are no longer targeted at any country (they have been de-targeted since 1994).</s>
        <s id="16:5" lang="en">This position was considered and reaffirmed during the work in the 2006 White Paper.</s>
        <s id="16:6" lang="en">We believe that a nuclear attack on the United Kingdom&apos;s vital interests is deterred by demonstrating our capability to respond under any circumstances, rather than just by an ability for a rapid response.</s>
        <s id="16:7" lang="en">There is no immediacy of launch in our normal operating posture.</s>
      </p>
      <p id="17">
        <s id="17:1" lang="en">10. The security and safety of our nuclear weapons is given the very highest priority and is entirely consistent with our obligations under non-proliferation agreements.</s>
        <s id="17:2" lang="en">Robust arrangements are in place for the political control of the United Kingdom&apos;s strategic nuclear deterrent.</s>
        <s id="17:3" lang="en">There are a number of technological and procedural safeguards built into the United Kingdom&apos;s nuclear deterrent to prevent an unauthorized launch of its Trident missiles.</s>
      </p>
      <p id="18">
        <s id="18:1" lang="en">11. Finally, the United Kingdom has maintained a voluntary moratorium on nuclear-weapon test explosions since 1991.</s>
      </p>
      <p id="19">
        <s id="19:1" lang="en">II. Nuclear weapons, nuclear arms control (including nuclear disarmament) and verification</s>
      </p>
      <p id="20">
        <s id="20:1" lang="en">Stockpile size</s>
      </p>
      <p id="21">
        <s id="21:1" lang="en">12. The United Kingdom has achieved substantial reductions in its nuclear-weapon stockpile.</s>
        <s id="21:2" lang="en">In the late 1970s, when the United Kingdom&apos;s stockpile was at its highest, the United Kingdom had more than 400 warheads in-service across 5 types.</s>
        <s id="21:3" lang="en">Since the 2010 Non-Proliferation Treaty Review Conference the United Kingdom has unilaterally decided to cut our stockpile of nuclear warheads, as outlined in the Strategic Defence and Security Review.</s>
        <s id="21:4" lang="en">Today we have fewer than 225 warheads, all of a single type.</s>
        <s id="21:5" lang="en">We have committed to reducing this maximum stockpile to no more than 180 by the mid-2020s, with the requirement for operationally available warheads at no more than 120, a target that the United Kingdom is steadily working towards.</s>
        <s id="21:6" lang="en">All nuclear material no longer deemed necessary for military purposes has been placed under international safeguards.</s>
        <s id="21:7" lang="en">We have also committed to reducing the number of deployed warheads from 48 down to 40 per nuclear-armed ballistic missile submarine.</s>
        <s id="21:8" lang="en">In conjunction, each submarine will then field eight operational Trident ballistic missiles.</s>
      </p>
      <p id="22">
        <s id="22:1" lang="en">Verification</s>
      </p>
      <p id="23">
        <s id="23:1" lang="en">13. Developing and agreeing effective measures for verifying the dismantlement of nuclear warheads will be an important precondition for fulfilling the goals of article VI of the Non-Proliferation Treaty.</s>
        <s id="23:2" lang="en">The United Kingdom-Norway Initiative is an example of the world-leading research the United Kingdom is undertaking to address some of the technical and procedural challenges posed by effective verification of warhead dismantlement.</s>
        <s id="23:3" lang="en">In 2012, the United Kingdom hosted a P5 expert-level meeting on verification to discuss lessons learned from United Kingdom-Norway Initiative to date.</s>
      </p>
      <p id="24">
        <s id="24:1" lang="en">14. We are in our second decade of an active partnership with the United States of America in monitoring and verification research.</s>
        <s id="24:2" lang="en">Our joint technical cooperation programme allows us to apply policy, technology and programme expertise to develop and evaluate targeted approaches for transparent reductions and monitoring of nuclear warheads, fissile material and associated facilities for potential disarmament and non-proliferation initiatives.</s>
        <s id="24:3" lang="en">Technical experts conduct activities and share information to explore and address essential and difficult monitoring and verification challenges, working to integrate potential approaches for arms control monitoring and transparency.</s>
        <s id="24:4" lang="en">Additionally, the United Kingdom and China have conducted two technical exchange visits and will continue to explore collaborative exchanges into arms control and verification research.</s>
      </p>
      <p id="25">
        <s id="25:1" lang="en">III. Transparency and confidence-building measures</s>
      </p>
      <p id="26">
        <s id="26:1" lang="en">15. Through the Strategic Defence and Security Review and other documents, the United Kingdom has voluntarily declared its maximum warhead stockpile numbers and operational warhead numbers.</s>
      </p>
      <p id="27">
        <s id="27:1" lang="en">16. We have also expressed our unconditional support for the 2010 action plan at numerous forums.</s>
        <s id="27:2" lang="en">In line with this support, the United Kingdom actively participates in regular working level meetings of the P5 nuclear-weapon States that advance our collective dialogue on disarmament and review progress towards fulfilling the commitments made at the 2010 Non-Proliferation Treaty Review Conference.</s>
        <s id="27:3" lang="en">The United Kingdom held the first P5 Conference in 2009, and looks forward to starting the second cycle of Conferences before the Non-Proliferation Treaty Review Conference in 2015.</s>
      </p>
      <p id="28">
        <s id="28:1" lang="en">17. The United Kingdom actively promotes its work on the United Kingdom-Norway Initiative to non-nuclear-weapon States.</s>
        <s id="28:2" lang="en">This has included hosting a joint United Kingdom-Norway workshop for 12 non-nuclear-weapon States in December 2011 and side events at the 2010 Non-Proliferation Treaty Review Conferences and the 2012 and 2013 Preparatory Committees.</s>
        <s id="28:3" lang="en">Another side event will be held at the 2014 Preparatory Committee.</s>
      </p>
      <p id="29">
        <s id="29:1" lang="en">Nuclear glossary</s>
      </p>
      <p id="30">
        <s id="30:1" lang="en">18. The P5 are, under China&apos;s leadership, developing a glossary of nuclear terms to aid understanding between States in discussing related matters.</s>
        <s id="30:2" lang="en">The United Kingdom has strongly supported the authoring of this glossary and looks forward to using this multilingual handbook in future work.</s>
      </p>
      <p id="31">
        <s id="31:1" lang="en">IV. Other related issues</s>
      </p>
      <p id="32">
        <s id="32:1" lang="en">Comprehensive Nuclear-Test-Ban Treaty</s>
      </p>
      <p id="33">
        <s id="33:1" lang="en">19. The United Kingdom recognizes the Comprehensive Nuclear-Test-Ban Treaty as a key element of the global disarmament and non-proliferation architecture, and provides extensive technical and political support to the Comprehensive Nuclear-Test-Ban Treaty Organization&apos;s) Preparatory Commission.</s>
        <s id="33:2" lang="en">The United Kingdom maintains the United Kingdom National Data Centre, Eskdalemuir Seismometer Array, a number of other international monitoring system stations throughout United Kingdom territories and one of 16 global radionuclide laboratories that provide analytical support to the international monitoring system.</s>
        <s id="33:3" lang="en">These facilities are backed up by enduring research in a number of areas, notably through the Atomic Weapons Establishment&apos;s Forensic Seismology Team.</s>
        <s id="33:4" lang="en">In addition, the United Kingdom is heavily involved in preparations for Integrated Field Exercise 2014 which will evaluate the Comprehensive Test-Ban Treaty Organization&apos;s on-site inspection capability.</s>
      </p>
      <p id="34">
        <s id="34:1" lang="en">20. The United Kingdom is active in the Comprehensive Test-Ban Treaty Organization&apos;s working groups in Vienna and provides funding for Sir Michael Weston to chair the finance-focused Advisory Group.</s>
        <s id="34:2" lang="en">Our work ensures that the Comprehensive Test-Ban Treaty Organization has the necessary funding and working time to build and maintain an effective monitoring regime.</s>
      </p>
      <p id="35">
        <s id="35:1" lang="en">Fissile material cut-off treaty</s>
      </p>
      <p id="36">
        <s id="36:1" lang="en">21. Since the 1995 Non-Proliferation Treaty Review and Extension Conference, the United Kingdom has upheld a moratorium on the production of fissile material for use in nuclear weapons or other nuclear explosive devices.</s>
        <s id="36:2" lang="en">Since then, all enrichment and reprocessing in the United Kingdom has been conducted under international safeguards.</s>
        <s id="36:3" lang="en">We are committed to the pursuit of an international treaty that would put an end to the future production of fissile material for such purposes.</s>
        <s id="36:4" lang="en">We made a commitment in the 2010 Non-Proliferation Treaty action plan to begin negotiation within the Conference on Disarmament of a treaty banning the production of fissile material for use in nuclear weapons or other nuclear explosive devices.</s>
      </p>
      <p id="37">
        <s id="37:1" lang="en">22. The United Kingdom supported the resolution in the First Committee of the United Nations General Assembly in 2012 to create a fissile material cut-off treaty Group of Government Experts.</s>
        <s id="37:2" lang="en">We hope that the fissile material cut-off treaty Group of Government Experts, in which we are pleased to have a United Kingdom expert participating, will complement existing efforts to find a positive way forward on the treaty in the Conference on Disarmament.</s>
        <s id="37:3" lang="en">We believe that the first session of the Group of Government Experts, held from 31 March to 11 April, made a strong and constructive start to the process.</s>
      </p>
      <p id="38">
        <s id="38:1" lang="en">Section II: Reporting on national measures relating to nonproliferation</s>
      </p>
      <p id="39">
        <s id="39:1" lang="en">I. Safeguards</s>
      </p>
      <p id="40">
        <s id="40:1" lang="en">23. All civil nuclear material in the United Kingdom is subject to Euratom safeguards and to the terms of the United Kingdom/European Atomic Energy Community (Euratom)/International Atomic Energy Agency (IAEA) tripartite safeguards agreement under the Non-Proliferation Treaty.</s>
        <s id="40:2" lang="en">Euratom safeguards obligations stem from chapter VII ( articles 77-85) of the treaty establishing the European Atomic Energy Community, which requires the European Commission, inter alia, to satisfy itself that nuclear materials are not diverted from their intended uses as declared by users.</s>
        <s id="40:3" lang="en">This is achieved through:</s>
      </p>
      <p id="41">
        <s id="41:1" lang="en">:: A requirement that all operators of nuclear installations provide the Commission with basic technical characteristics describing the location and intended activities of their installation;</s>
      </p>
      <p id="42">
        <s id="42:1" lang="en">:: A requirement that operators keep and report nuclear material accountancy records;</s>
      </p>
      <p id="43">
        <s id="43:1" lang="en">:: Provision for the Commission to inspect installations and records;</s>
      </p>
      <p id="44">
        <s id="44:1" lang="en">:: Provision for the imposition of sanctions by the Commission in the event of infringement of the treaty safeguards obligations.</s>
        <s id="44:2" lang="en">These sanctions can range from a published written warning to withdrawal of the nuclear material concerned.</s>
      </p>
      <p id="45">
        <s id="45:1" lang="en">24. The various reporting requirements are amplified in Commission regulation (Euratom) 302/05.</s>
        <s id="45:2" lang="en">Euratom safeguards do not apply to nuclear material intended to meet defence requirements.</s>
      </p>
      <p id="46">
        <s id="46:1" lang="en">Voluntary Offer Safeguards Agreement</s>
      </p>
      <p id="47">
        <s id="47:1" lang="en">25. The United Kingdom Voluntary Offer Safeguards Agreement with IAEA and Euratom came into force in 1978.</s>
        <s id="47:2" lang="en">The agreement allows for the application of safeguards on all source or special fissionable material in facilities or parts thereof within the United Kingdom, subject to exclusions for national security reasons only.</s>
        <s id="47:3" lang="en">Nuclear materials accountancy reports on all civil nuclear material in facilities is provided to IAEA by Euratom, and IAEA may &quot;designate&quot; any facility, or part thereof, for inspection.</s>
        <s id="47:4" lang="en">Currently, some of the plutonium stores at Sellafield and the gas centrifuge enrichment facilities at Capenhurst are designated for IAEA inspection.</s>
        <s id="47:5" lang="en">The agreement gives the United Kingdom the right to remove facilities and/or withdraw nuclear material from the scope of the agreement for reasons of national security.</s>
        <s id="47:6" lang="en">However, as part of the 1998 Strategic Defence Review, the United Kingdom agreed that any future withdrawals from safeguards would &quot;be limited to small quantities of nuclear materials not suitable for explosive purposes&quot; and undertook to publish information on any such withdrawals.</s>
      </p>
      <p id="48">
        <s id="48:1" lang="en">Additional Protocol</s>
      </p>
      <p id="49">
        <s id="49:1" lang="en">26. The United Kingdom Additional Protocol to the voluntary offer safeguards agreement is based on the model agreement (INFCIRC/540 corr.), and contains measures aimed at the primary objectives of Additional Protocols -- to increase IAEA capability to detect any undeclared nuclear material and activities in nonnuclear-weapon States or to increase the efficiency of IAEA safeguards.</s>
        <s id="49:2" lang="en">Information, and associated access, is therefore provided on all Protocol-relevant activities that are done in collaboration with or are otherwise relevant to a nonnuclear-weapon State, or where the information would improve the effectiveness or efficiency of IAEA safeguards in the United Kingdom.</s>
      </p>
      <p id="50">
        <s id="50:1" lang="en">II. Export controls</s>
      </p>
      <p id="51">
        <s id="51:1" lang="en">Security Council resolution 1540 (2004)</s>
      </p>
      <p id="52">
        <s id="52:1" lang="en">27. The United Kingdom has worked hard to fully implement Security Council resolution 1540 (2004) since its unanimous adoption in 2004.</s>
        <s id="52:2" lang="en">As one of the vicechairs of the 1540 Committee, the United Kingdom works with United Nations Member States to strengthen efforts to promote universal implementation of the resolution.</s>
        <s id="52:3" lang="en">We work with and through international organizations and initiatives, including IAEA and the G8 Global Partnership, to provide technical and financial support to deliver concrete improvements in the security of materials, knowledge and know-how in partner countries; facilitate debate and deliver training to help build partners&apos; engagement and capacities; and maintain domestic technical and scientific expertise in counter proliferation, arms control and chemical, biological and nuclear security.</s>
        <s id="52:4" lang="en">United Kingdom export controls and enforcement capability enable us to maintain a robust and effective national export control regime, and to strengthen international export controls.</s>
      </p>
      <p id="53">
        <s id="53:1" lang="en">Nuclear Suppliers Group</s>
      </p>
      <p id="54">
        <s id="54:1" lang="en">28. By fulfilling its obligations under the Nuclear Suppliers Group and the Zangger Committee, the United Kingdom contributes to minimizing nuclear proliferation while ensuring that eligible States are able to access nuclear technology for peaceful uses.</s>
        <s id="54:2" lang="en">The United Kingdom implements effective strategic export controls in regards to its nuclear transfers in line with the National Suppliers Group and Zangger Committee control lists.</s>
        <s id="54:3" lang="en">Relevant exports are assessed against the Consolidated European Union and National Arms Export Licensing Criteria and stated United Kingdom Government export control policies.</s>
        <s id="54:4" lang="en">A robust enforcement system, underpinned by the Export Control Order 2008, operates to deter attempts to breach the controls and help facilitate legitimate transfers.</s>
      </p>
      <p id="55">
        <s id="55:1" lang="en">29. The United Kingdom also actively supports the work of the National Suppliers Group and the Zangger Committee.</s>
        <s id="55:2" lang="en">The United Kingdom contributed extensive technical expertise to the National Supplier Group&apos;s recent three-year-long fundamental review of its control lists, and continues this through the newly established Technical Experts Group, ensuring that the National Supplier Group&apos;s control lists reflect changing proliferation threats.</s>
        <s id="55:3" lang="en">We also share licensing and enforcement information with fellow participating Governments, both ad hoc and at the Licensing and Enforcement and Information Exchange Meetings.</s>
      </p>
      <p id="56">
        <s id="56:1" lang="en">30. In 2013 the United Kingdom authored a paper entitled &quot;Good practices for corporate standards to support the efforts of the international community in the nonproliferation of weapons of mass destruction&quot;.</s>
        <s id="56:2" lang="en">It was agreed at the thirty-first Consultative Group meeting and posted on the National Suppliers Group public website shortly thereafter.</s>
        <s id="56:3" lang="en">The paper recognizes the important role that the diverse commercial sector can play in assisting multilateral efforts in non-proliferation of weapons of mass destruction.</s>
        <s id="56:4" lang="en">The United Kingdom has supported National Suppliers Group outreach activities with emerging technology holders.</s>
      </p>
      <p id="57">
        <s id="57:1" lang="en">III. Nuclear security</s>
      </p>
      <p id="58">
        <s id="58:1" lang="en">31. The United Kingdom&apos;s security regime for the civil nuclear industry is robust and effective and fully meets international standards.</s>
        <s id="58:2" lang="en">Security arrangements are based on the principles of the graded approach and defence in depth and are kept under constant review.</s>
      </p>
      <p id="59">
        <s id="59:1" lang="en">32. In 2010 the United Kingdom deposited its instruments of ratification of the 2005 Amendment to the Convention on the Physical Protection of Nuclear Material.</s>
        <s id="59:2" lang="en">Although the 2005 amendment has not yet entered into force the United Kingdom has in place legislation which implements it.</s>
      </p>
      <p id="60">
        <s id="60:1" lang="en">33. In 2013 the United Kingdom extended the scope of its security regulation to cover civil nuclear sites under construction in order to take account of the United Kingdom&apos;s new nuclear build programme.</s>
        <s id="60:2" lang="en">The legislation had previously regulated operating civil nuclear sites.</s>
        <s id="60:3" lang="en">Revised guidance was issued to the industry by the United Kingdom&apos;s nuclear regulator, the Office for Nuclear Regulation, in October 2012, which is a key step towards an increasingly more outcome-focused regulatory regime for security in the civil nuclear industry.</s>
        <s id="60:4" lang="en">By the end of January 2014 all nuclear premises regulated by the Office for Nuclear Regulation Civil Nuclear Security now have National Objectives Requirements Model Standards (NORMS)-compliant approved nuclear site security plans.</s>
      </p>
      <p id="61">
        <s id="61:1" lang="en">Nuclear information security</s>
      </p>
      <p id="62">
        <s id="62:1" lang="en">34. The United Kingdom has promoted the need to secure sensitive nuclear information within the framework of the Nuclear Security Summit, the Global Partnership and IAEA.</s>
      </p>
      <p id="63">
        <s id="63:1" lang="en">Key attributes of an excellent nuclear security culture</s>
      </p>
      <p id="64">
        <s id="64:1" lang="en">35. In 2012 a tripartite subgroup was established (with representatives from the regulator, industry and government) to develop a better understanding of the attributes of an excellent security culture, and for this to be captured and codified.</s>
        <s id="64:2" lang="en">The output of this work is a guidance document which was published in June 2013.</s>
        <s id="64:3" lang="en">The guide sets out key attributes deemed necessary for an excellent security culture and then sets out for each one what is required to achieve this.</s>
        <s id="64:4" lang="en">The implementation of the recommendations in the guide is not compulsory, but is intended to inform and enhance understanding of how all parties (regulator, industry and government) can deliver to meet the objective.</s>
      </p>
      <p id="65">
        <s id="65:1" lang="en">International Physical Protection Advisory Service</s>
      </p>
      <p id="66">
        <s id="66:1" lang="en">36. The United Kingdom was the first nuclear-weapon State to welcome an International Physical Protection Advisory Service (IPPAS) mission.</s>
        <s id="66:2" lang="en">A mission team visited the Sellafield civil nuclear site and Barrow port in October 2011, and concluded that the state of civil nuclear security is robust.</s>
        <s id="66:3" lang="en">The team identified many examples of good practice within the civil nuclear security regime and made a number of valuable recommendations.</s>
        <s id="66:4" lang="en">In March 2014 the United Kingdom Government invited IAEA to send a follow up IPPAS mission to the United Kingdom.</s>
        <s id="66:5" lang="en">The United Kingdom provides security experts who participate in a number of outward IPPAS missions.</s>
      </p>
      <p id="67">
        <s id="67:1" lang="en">IV. Nuclear-weapon-free zones</s>
      </p>
      <p id="68">
        <s id="68:1" lang="en">37. The United Kingdom continues to support the principle of nuclear-weapon-free zones.</s>
        <s id="68:2" lang="en">As previously stated in 1995 and 2010, we recognize the role that negative security assurances can play in strengthening the non-proliferation regime and enhancing regional and international security.</s>
      </p>
      <p id="69">
        <s id="69:1" lang="en">Existing zones</s>
      </p>
      <p id="70">
        <s id="70:1" lang="en">38. To date, the United Kingdom has signed and ratified Protocols to the Treaty of Tlatelolco (Latin America and the Caribbean), the Treaty of Rarotonga (South Pacific), and the Treaty of Pelindaba (Africa): 74 States, therefore, already have in place protocols that provide legally binding negative security assurances from the United Kingdom.</s>
        <s id="70:2" lang="en">We also support the parallel political declarations adopted by the nuclear-weapon States and Mongolia concerning that country&apos;s nuclear-weapon-free status.</s>
      </p>
      <p id="71">
        <s id="71:1" lang="en">Central Asia Nuclear Weapon Free Zone</s>
      </p>
      <p id="72">
        <s id="72:1" lang="en">39. We will continue to pursue signing protocols to existing nuclear-weapon-free zones as a practical way of strengthening our existing negative security assurances.</s>
        <s id="72:2" lang="en">The United Kingdom therefore welcomes the forthcoming signature by the nuclear-weapon States of a Protocol to the Treaty on a Nuclear Weapon Free Zone in Central Asia (CANWFZ).</s>
        <s id="72:3" lang="en">Under this Protocol, the nuclear-weapon States will extend legally binding assurances not to use or threaten to use nuclear weapons against any party to the CANWFZ Treaty and not to contribute to any act that constitutes a violation of the CANWFZ Treaty or its Protocol.</s>
        <s id="72:4" lang="en">The United Kingdom hopes to ratify the Protocol by the end of 2014.</s>
      </p>
      <p id="73">
        <s id="73:1" lang="en">South-East Asia Nuclear-Weapon-Free Zone</s>
      </p>
      <p id="74">
        <s id="74:1" lang="en">40. In conjunction with other nuclear-weapon States, the United Kingdom will continue to engage with the States parties to the Treaty on the South-East Asia Nuclear-Weapon-Free Zone in order to allow signature of a Protocol to that Treaty in the near future.</s>
      </p>
      <p id="75">
        <s id="75:1" lang="en">Middle East zone free of weapons of mass destruction</s>
      </p>
      <p id="76">
        <s id="76:1" lang="en">41. The United Kingdom remains committed to the implementation of the 1995 Non-Proliferation Treaty resolution on the Middle East and, as one of the cosponsors of that resolution, is working hard to deliver against the practical steps agreed in 2010.</s>
        <s id="76:2" lang="en">We look forward to convening an inclusive conference on the establishment of a Middle East zone free of nuclear weapons and all other weapons of mass destruction as soon as the practical arrangements for that conference are agreed by the States of the region.</s>
        <s id="76:3" lang="en">We will continue to work with all the States of the region, our fellow co-conveners and the Facilitator, Ambassador Laajava, to encourage progress towards this common goal.</s>
      </p>
      <p id="77">
        <s id="77:1" lang="en">V. Compliance and other related issues/concerns</s>
      </p>
      <p id="78">
        <s id="78:1" lang="en">Democratic People&apos;s Republic of Korea</s>
      </p>
      <p id="79">
        <s id="79:1" lang="en">42. The United Kingdom has been fully supportive of all United Nations Security Council resolutions relating to the Democratic People&apos;s Republic of Korea and of the presidential statement of 16 April 2012, made in the wake of the satellite launch of 13 April 2012.</s>
        <s id="79:2" lang="en">We continue to support the United Nations Panel of Experts on the Democratic People&apos;s Republic of Korea in its work, and have reported violations of that country&apos;s sanctions to the Panel.</s>
        <s id="79:3" lang="en">Our work to raise awareness of existing Democratic People&apos;s Republic of Korea sanctions and to encourage ongoing implementation..</s>
        <s id="79:4" lang="en">The United Kingdom has funded the International Institute of Strategic Studies to run workshops in partnership with the Panel of Experts to raise awareness of Democratic People&apos;s Republic of Korea sanctions and encourage implementation in both the public and private sectors.</s>
        <s id="79:5" lang="en">In 2013 workshops were held in sub-Saharan Africa, the Middle East and Hong Kong.</s>
        <s id="79:6" lang="en">We plan to continue this work.</s>
      </p>
      <p id="80">
        <s id="80:1" lang="en">43. The United Kingdom is not a member of the Six-Party Talks, nor are we seeking involvement in discussions.</s>
        <s id="80:2" lang="en">However, given the risk of the nuclear programme of the Democratic People&apos;s Republic of Korea to international security, we are maintaining close contact with all sides.</s>
        <s id="80:3" lang="en">We have made clear to the Democratic People&apos;s Republic of Korea that if it carries out any further provocations the international community will respond robustly.</s>
        <s id="80:4" lang="en">However, we have also been clear that if the Democratic People&apos;s Republic of Korea takes concrete steps to resolve the nuclear issue there will be a positive response.</s>
      </p>
      <p id="81">
        <s id="81:1" lang="en">VI. Other contributions to non-proliferation of nuclear weapons</s>
      </p>
      <p id="82">
        <s id="82:1" lang="en">Islamic Republic of Iran</s>
      </p>
      <p id="83">
        <s id="83:1" lang="en">44. The United Kingdom remains concerned about the nature of the Islamic Republic of Iran&apos;s nuclear programme.</s>
        <s id="83:2" lang="en">However, we are committed to finding a diplomatic solution to the Iranian nuclear issue.</s>
        <s id="83:3" lang="en">The United Kingdom has adopted a dual track strategy of pressure and engagement.</s>
        <s id="83:4" lang="en">We have supported six Security Council resolutions which prohibit the Islamic Republic of Iran from all reprocessing, heavy water and enrichment-related activity, most recently Security Council resolution 1929 (2010), adopted in June 2010.</s>
        <s id="83:5" lang="en">We continue to call upon the Islamic Republic of Iran to fully comply with its obligations under Security Council resolutions, and to call upon all United Nations Member States to implement Security Council resolutions fully.</s>
        <s id="83:6" lang="en">We actively support the work of the United Nations Panel of Experts on the Islamic Republic of Iran.</s>
        <s id="83:7" lang="en">We have also implemented European Union sanctions on the Islamic Republic of Iran which go beyond these measures.</s>
        <s id="83:8" lang="en">In addition, the United Kingdom has played an active role in P5+1 negotiations with the Islamic Republic of Iran and we welcome the agreement of the Joint Plan of Action between the E3+3 and the Islamic Republic of Iran in November 2013, as well as that country&apos;s substantive engagement in talks to reach a comprehensive agreement.</s>
      </p>
      <p id="84">
        <s id="84:1" lang="en">45. The United Kingdom shares the &quot;serious concerns&quot; of IAEA about the possible military dimensions to the Islamic Republic of Iran&apos;s nuclear programme due to the credible information available to it which indicates that that country had carried out activities &quot;relevant to the development of a nuclear device&quot;.</s>
        <s id="84:2" lang="en">As a member of the IAEA Board of Governors, the United Kingdom has supported two IAEA Board resolutions in 2011 and 2012 which stress that it is essential for the Islamic Republic of Iran and the Agency to intensify their dialogue to resolve all outstanding substantive issues.</s>
        <s id="84:3" lang="en">We continue to support IAEA in its tireless efforts to address these issues.</s>
        <s id="84:4" lang="en">We welcome the agreement of a joint statement on a framework for cooperation between the Islamic Republic of Iran and the Agency in November 2013, in which the Islamic Republic of Iran has agreed to resolve all outstanding issues with the Agency.</s>
        <s id="84:5" lang="en">We continue to call upon the Islamic Republic of Iran to address fully the substance of all of the Agency&apos;s outstanding concerns, including by granting access to all sites, equipment, persons and documents requested.</s>
      </p>
      <p id="85">
        <s id="85:1" lang="en">Global Partnership</s>
      </p>
      <p id="86">
        <s id="86:1" lang="en">46. The United Kingdom makes a major contribution to the G8 Global Partnership against the Spread of Weapons and Materials of Mass Destruction and, as part of the United Kingdom&apos;s G8 Presidency in 2013, held the Chair of the Global Partnership.</s>
        <s id="86:2" lang="en">Under the United Kingdom Presidency, the Global Partnership established mechanisms to better match its partners&apos; funds and expertise with specific security requirements, and improve project coordination and implementation.</s>
        <s id="86:3" lang="en">We also held an outreach event with 1540 Committee experts to encourage universal reporting by States (in line with resolution obligations).</s>
        <s id="86:4" lang="en">From 2002 to 2012, the United Kingdom committed over Pound350 million of funding to Global Partnership projects.</s>
      </p>
      <p id="87">
        <s id="87:1" lang="en">47. The United Kingdom&apos;s largest contribution to the Global Partnership is through the Global Threat Reduction Programme.</s>
        <s id="87:2" lang="en">We are working on global threat reduction programmes that aim to:</s>
      </p>
      <p id="88">
        <s id="88:1" lang="en">:: Improve the security of fissile materials;</s>
      </p>
      <p id="89">
        <s id="89:1" lang="en">:: Reduce the number of sites containing sensitive nuclear and radiological material and improve security of remaining sites;</s>
      </p>
      <p id="90">
        <s id="90:1" lang="en">:: Reduce the risks in the proliferation of biological expertise and materials; and</s>
      </p>
      <p id="91">
        <s id="91:1" lang="en">:: Prevent terrorists acquiring proliferation-relevant information and expertise.</s>
      </p>
      <p id="92">
        <s id="92:1" lang="en">Academic Technology Approval Scheme</s>
      </p>
      <p id="93">
        <s id="93:1" lang="en">48. In the United Kingdom the Academic Technology Approval Scheme is responsible for stopping the spread of knowledge and skills from academic programmes that could be used in the proliferation of weapons of mass destruction and their means of delivery.</s>
      </p>
      <p id="94">
        <s id="94:1" lang="en">49. Academic institutions have a mandatory obligation to comply with United Kingdom visa requirements.</s>
        <s id="94:2" lang="en">Obtaining a certificate under the scheme is a requirement for all students applying for student visas and intending to enter or remain in the United Kingdom for more than six months to undertake post-graduate studies or research in certain designated subjects.</s>
      </p>
      <p id="95">
        <s id="95:1" lang="en">Section III: Reporting on national measures relating to the peaceful uses of nuclear energy</s>
      </p>
      <p id="96">
        <s id="96:1" lang="en">I. Promoting peaceful uses</s>
      </p>
      <p id="97">
        <s id="97:1" lang="en">50. The United Kingdom fully supports the inalienable right of all state parties to the peaceful uses of civil nuclear energy under the Non-Proliferation Treaty in a culture of openness, transparency and confidence and believes in the responsible, safe and secure access to civil nuclear energy worldwide, subject to the State being in conformity with the non-proliferation requirements of the Non-Proliferation Treaty.</s>
      </p>
      <p id="98">
        <s id="98:1" lang="en">51. We note the increasing demand for civil nuclear energy and stress its potential in addressing climate change and in providing energy security.</s>
        <s id="98:2" lang="en">Furthermore, we support the work of IAEA in facilitating achievement of the Millennium Development Goals and sustainable development and in addressing vital non-power applications such as nuclear medicine, agriculture and industry.</s>
      </p>
      <p id="99">
        <s id="99:1" lang="en">Developments in civil nuclear energy</s>
      </p>
      <p id="100">
        <s id="100:1" lang="en">52. The United Kingdom recognizes the importance of civil nuclear energy, not least as civil nuclear power facilities need to sit alongside other low carbon forms of electricity generation.</s>
        <s id="100:2" lang="en">The United Kingdom has been clear that civil nuclear energy will be a key part of our future low carbon energy mix.</s>
        <s id="100:3" lang="en">It also offers us a cost-effective pathway to meet our legally binding carbon targets.</s>
        <s id="100:4" lang="en">The United Kingdom&apos;s commitment to civil nuclear power is evident in the steps which have been taken in the last year in relation to the new build programme in the United Kingdom.</s>
        <s id="100:5" lang="en">This is being done without subsidy from the Government, but work is being done to secure the long-term commercial investment needed.</s>
      </p>
      <p id="101">
        <s id="101:1" lang="en">Nuclear industrial strategy</s>
      </p>
      <p id="102">
        <s id="102:1" lang="en">53. The United Kingdom has taken several steps over the past year to continue our efforts in promoting peaceful uses of nuclear energy.</s>
        <s id="102:2" lang="en">We published the Nuclear Industrial Strategy in March 2013, which identified priorities for Government and industry to work together in a long-term partnership.</s>
        <s id="102:3" lang="en">It aims to provide more opportunities for economic growth and create jobs through an increased share of all aspects of the civil nuclear market.</s>
        <s id="102:4" lang="en">One of the main points in the strategy was the creation of the Nuclear Industry Council, which brings together all the key players across the civil nuclear supply chain.</s>
        <s id="102:5" lang="en">The Council will be looking at a number of issues essential to the success of our civil nuclear sector in the future: skills, trade and investment, business capability and how the public perceives the civil nuclear industry.</s>
      </p>
      <p id="103">
        <s id="103:1" lang="en">Energy Act</s>
      </p>
      <p id="104">
        <s id="104:1" lang="en">54. The United Kingdom Government also recognizes the importance of an independent and robust regulatory regime and is committed to creating the highest standards of civil nuclear regulation.</s>
        <s id="104:2" lang="en">To that end, it has embarked on steps to enhance the United Kingdom&apos;s civil nuclear regulatory framework, to ensure it remains world class and has the flexibility to be able to address future challenges.</s>
        <s id="104:3" lang="en">The Energy Act, which gained Royal Assent in December 2013, includes provisions to establish the Office for Nuclear Regulation (created in 2011) as a statutory, independent regulator.</s>
        <s id="104:4" lang="en">The Office brings together the functions of civil nuclear safety, security, safeguards implementation, radioactive materials transport, and health and safety on civil nuclear sites.</s>
        <s id="104:5" lang="en">The Office for Nuclear Regulation began operating as a statutory body on 1 April 2014.</s>
      </p>
      <p id="105">
        <s id="105:1" lang="en">Memorandums of understanding</s>
      </p>
      <p id="106">
        <s id="106:1" lang="en">55. The Government of the United Kingdom is keen to enhance the links between the United Kingdom and other countries around the world with the view of enhancing civil nuclear energy cooperation.</s>
        <s id="106:2" lang="en">We made several high-profile announcements in this regard last year.</s>
        <s id="106:3" lang="en">These include the signing of memorandums of understanding with various countries focusing on, inter alia, setting the strategic framework for collaboration on investment, technology, construction and expertise in civil nuclear energy, and exploring bilateral cooperation opportunities.</s>
      </p>
      <p id="107">
        <s id="107:1" lang="en">56. The United Kingdom Government has several mechanisms though which civil nuclear energy cooperation is enabled, including nuclear cooperation agreements and memorandums of understanding.</s>
        <s id="107:2" lang="en">In addition to bilateral agreements, we are also party to Euratom cooperation agreements.</s>
        <s id="107:3" lang="en">Our activities in this area indicate a clear intent for the United Kingdom to work with various countries across a range of relevant civil nuclear energy-related activities, and we are in discussion with several other States regarding how civil nuclear energy cooperation can be enhanced bilaterally.</s>
      </p>
      <p id="108">
        <s id="108:1" lang="en">Nuclear fuel assurance</s>
      </p>
      <p id="109">
        <s id="109:1" lang="en">57. The United Kingdom fully supports moves to create a menu of viable and credible assurances of fuel supply, which would enable a new nuclear State to avoid the need to develop expensive and complex indigenous enrichment technologies.</s>
        <s id="109:2" lang="en">The United Kingdom&apos;s Nuclear Fuel Assurance proposal, a response to the IAEA request for multilateral nuclear approaches, was adopted at the IAEA Board of Governors in March 2011.</s>
        <s id="109:3" lang="en">This is one practical approach ensures that States parties to the Non-Proliferation Treaty have access to the peaceful uses of civil nuclear energy, while upholding high standards of safety, security and non-proliferation.</s>
        <s id="109:4" lang="en">The United Kingdom views all multilateral nuclear approach proposals as complementary, and hopes that States are able to select proposals which contribute best to their energy mix.</s>
      </p>
      <p id="110">
        <s id="110:1" lang="en">II. Technical assistance through the International Atomic Energy Agency to its member States</s>
      </p>
      <p id="111">
        <s id="111:1" lang="en">58. The United Kingdom is committed to supporting the IAEA Technical Cooperation Programme and demonstrates this by paying our contributions to the technical cooperation fund promptly and in full on an annual basis.</s>
        <s id="111:2" lang="en">We are involved in the ongoing discussions regarding the Technical Cooperation Programme and are keen to ensure that it continues to improve, fulfil its potential and provide the vital work that it undertakes.</s>
      </p>
      <p id="112">
        <s id="112:1" lang="en">59. The United Kingdom is very supportive of the contribution that the Technical Cooperation Programme makes towards the Millennium Development Goals.</s>
        <s id="112:2" lang="en">The good work that the Programme can achieve should not be underestimated and it has made numerous, positive contributions to the peaceful uses of nuclear-related technologies in many countries around the world.</s>
      </p>
      <p id="113">
        <s id="113:1" lang="en">60. The United Kingdom is encouraging IAEA to continue to ensure results-based management and &quot;sustainable&quot; outcomes, accountability, transparency and synergies in the Technical Cooperation Programme.</s>
      </p>
      <p id="114">
        <s id="114:1" lang="en">III. Nuclear safety and civil nuclear liability</s>
      </p>
      <p id="115">
        <s id="115:1" lang="en">61. The United Kingdom is a strong supporter of coordinated international efforts towards the continuous improvement of nuclear safety across the globe.</s>
        <s id="115:2" lang="en">As part of our commitment to achieving high nuclear safety standards the United Kingdom aims to show a leadership role in meeting its obligations as a contracting party to relevant international nuclear safety instruments such as the Convention on Nuclear Safety and the Joint Convention on the Safe Management of Spent Fuel and Radioactive Waste.</s>
        <s id="115:3" lang="en">In particular we are playing a leading role in proposing possible measures to strengthen the Convention on Nuclear Safety peer review processes.</s>
      </p>
      <p id="116">
        <s id="116:1" lang="en">62. In addition, the United Kingdom has been a contracting party to the Paris Convention on nuclear third-party liability and the Brussels Supplementary Convention since the 1960s.</s>
        <s id="116:2" lang="en">The Paris and Brussels Conventions were revised by amending Protocols in 2004.</s>
        <s id="116:3" lang="en">The United Kingdom is committed to implementing the changes and plans to lay legislation in 2014.</s>
      </p>
      <p id="117">
        <s id="117:1" lang="en">63. The United Kingdom actively encourages all States with civil nuclear programmes, or those thinking about developing one, to join a nuclear liability regime and to become contracting parties to the relevant international instruments and in particular the Convention on Nuclear Safety and the Joint Convention.</s>
      </p>
      <p id="118">
        <s id="118:1" lang="en">64. No additional material.</s>
      </p>
      <p id="119">
        <s id="119:1" lang="en">Any other actions taken to implement and/or strengthen the Non-Proliferation Treaty</s>
      </p>
      <p id="120">
        <s id="120:1" lang="en">65. No additional material.</s>
      </p>
    </body>
  </text>
</TEI.2>
