<?xml version="1.0" encoding="utf-8"?>
<TEI.2>
  <teiHeader>
    <fileDesc>
      <titleStmt>
        <title>The United Nations Parallel Corpus v1.0 - NPT/CONF.2015/PC.III/16</title>
      </titleStmt>
      <publicationStmt>
        <publisher>United Nations DGACM</publisher>
        <pubPlace>New York</pubPlace>
        <date>20140501</date>
        <idno type="symbol">NPT/CONF.2015/PC.III/16</idno>
        <idno type="jobno">N1431840</idno>
        <availability>
          <p>The following disclaimer, an integral part of the United Nations Parallel Corpus v1.0, 
             shall be respected in regard to the Corpus v1.0 (no other restrictions apply):</p>

          <p>The United Nations Parallel Corpus is made available without warranty of any kind, 
             explicit or implied. The United Nations specifically makes no warranties or 
             representations as to the accuracy or completeness of the information contained in 
             the United Nations corpus.</p>

          <p>Under no circumstances shall the United Nations be liable for any loss, liability,
             injury or damage incurred or suffered that is claimed to have resulted from the use
             of the United Nations Corpus. The use of the United Nations Corpus is at the user's 
             sole risk. The user specifically acknowledges and agrees that the United Nations is 
             not liable for the conduct of any user. If the user is dissatisfied with any of the 
             material provided in the United Nations Corpus, the users's sole and exclusive remedy 
             is to discontinue using the United Nations Corpus.</p>

          <p>When using the United Nations Corpus, the user must acknowledge the United Nations as the
             source of the information. For references, please use this reference:
             Ziemski, M., Junczys-Dowmunt, M., and Pouliquen, B. (2016) The United Nations
             Parallel Corpus, Language Resources and Evaluation (LREC’16), Portorož, Slovenia, 
             May 2016.</p>

          <p>Nothing herein shall constitute or be considered to be a limitation upon or waiver,
             express or implied, of the privileges and immunities of the United Nations, which
             are specifically reserved.</p>
        </availability>
        <distributor>http://conferences.unite.un.org/UNCorpus</distributor>
      </publicationStmt>
      <sourceDesc>
        <p>http://www.un.org/en/official-documents-system-search/index.html</p>
      </sourceDesc>
    </fileDesc>
    <profileDesc>
      <langUsage>
        <language ident="en">English</language>
      </langUsage>
    </profileDesc>
  </teiHeader>
  <text>
    <body>
      <p id="1">
        <s id="1:1" lang="en">Third session</s>
      </p>
      <p id="2">
        <s id="2:1" lang="en">New York, 28 April-9 May 2014</s>
      </p>
      <p id="3">
        <s id="3:1" lang="en">Report submitted by the United States of America pursuant to actions 5, 20 and 21 of the Final Document of the 2010 Review Conference of the Parties to the Treaty on the Non-Proliferation of Nuclear Weapons</s>
      </p>
      <p id="4">
        <s id="4:1" lang="en">1. As provided in the Final Document of the 2010 Review Conference of the Parties to the Treaty on the Non-Proliferation of Nuclear Weapons (NPT/CONF.2010/50 (Vol.</s>
        <s id="4:2" lang="en">I)), the Governments of the five nuclear-weapon States, or &quot;P5&quot;, are called upon to implement action 5 of the action plan to &quot;(f)urther enhance transparency and increase mutual confidence&quot;, and to report their action 5 and other undertakings to the Preparatory Committee in 2014 under a common framework, consistent with actions 20 and 21.</s>
        <s id="4:3" lang="en">Action 21 states: &quot;As a confidence-building measure, all the nuclear-weapon States are encouraged to agree as soon as possible on a standard reporting form and to determine appropriate reporting intervals for the purpose of voluntarily providing standard information without prejudice to national security&quot;.</s>
        <s id="4:4" lang="en">The framework we use for our national reports includes common categories of topics under which relevant information is reported, and it addresses all three pillars of the Treaty: disarmament, non-proliferation and peaceful uses of nuclear energy.</s>
        <s id="4:5" lang="en">We encourage all States parties, consistent with action 20, to make similar reports.</s>
      </p>
      <p id="5">
        <s id="5:1" lang="en">I. Reporting on national measures relating to disarmament</s>
      </p>
      <p id="6">
        <s id="6:1" lang="en">A. Nuclear security policies, doctrine and activities associated with nuclear weapons</s>
      </p>
      <p id="7">
        <s id="7:1" lang="en">1. Nuclear policy</s>
      </p>
      <p id="8">
        <s id="8:1" lang="en">2. United States policy is to achieve the peace and security of a world without nuclear weapons, in line with our commitments under the Non-Proliferation Treaty.</s>
        <s id="8:2" lang="en">We are committed to pursuing a step-by-step approach to nuclear disarmament, building on negotiated agreements and cooperative activities, so that we can continue to move beyond cold war nuclear postures.</s>
      </p>
      <p id="9">
        <s id="9:1" lang="en">3. The United States completed a new Nuclear Posture Review in 2010 that lays out our strategy for reducing the number and role of nuclear weapons in our defence posture.</s>
        <s id="9:2" lang="en">The new strategy makes clear the following.</s>
      </p>
      <p id="10">
        <s id="10:1" lang="en">:: The fundamental role of United States nuclear weapons remains to deter nuclear attack on the United States and its allies and partners</s>
      </p>
      <p id="11">
        <s id="11:1" lang="en">:: The United States would only consider the use of nuclear weapons in extreme circumstances to defend the vital interests of the United States or its allies and partners</s>
      </p>
      <p id="12">
        <s id="12:1" lang="en">:: It is of global interest that the nearly 70-year record of non-use of nuclear weapons be extended forever</s>
      </p>
      <p id="13">
        <s id="13:1" lang="en">:: United States policy is to maintain a credible deterrent with the lowest possible number of nuclear weapons, consistent with our current and future security requirements</s>
      </p>
      <p id="14">
        <s id="14:1" lang="en">:: Nuclear plans must be consistent with the fundamental principles of the law of armed conflict and will apply the principles of distinction and proportionality and will not intentionally target civilian populations and civilian objects</s>
      </p>
      <p id="15">
        <s id="15:1" lang="en">:: We are working to establish conditions in which the United States can safely adopt a policy of making deterrence of nuclear attack the sole purpose of United States nuclear weapons and continuing to strengthen conventional capabilities and missile defences as part of our broader efforts to reduce the role of nuclear weapons</s>
      </p>
      <p id="16">
        <s id="16:1" lang="en">4. Underscoring the security benefits of adhering to and fully complying with the Non-Proliferation Treaty, the United States strengthened its long-standing &quot;negative security assurance&quot; by declaring that the United States will not use or threaten to use nuclear weapons against non-nuclear-weapon States that are party to the Treaty and in compliance with their nuclear non-proliferation obligations.</s>
      </p>
      <p id="17">
        <s id="17:1" lang="en">5. The United States also made clear its readiness to provide negative security assurances within a legal framework through support for relevant protocols to the existing five nuclear-weapon-free zone treaties.</s>
      </p>
      <p id="18">
        <s id="18:1" lang="en">2. Changes to nuclear force posture and alert posture</s>
      </p>
      <p id="19">
        <s id="19:1" lang="en">6. The new United States nuclear strategy outlined at the Nuclear Posture Review builds on the significant reductions in our nuclear force posture taken since the end of the cold war and aims to further limit the potential for accidental launch by enhancing the safety, security and surety of the United States arsenal, while also maximizing the decision time available to the President in the event of a crisis.</s>
      </p>
      <p id="20">
        <s id="20:1" lang="en">7. Actions and practices affecting the posture of United States nuclear forces include the following:</s>
      </p>
      <p id="21">
        <s id="21:1" lang="en">:: Reconfiguring all deployed intercontinental ballistic missiles so that each missile will carry a single nuclear warhead (whereby all multiple, independently targetable re-entry vehicles but one are removed); reducing the concentration of deployed warheads increases stability by lowering possible incentives for others to launch a nuclear first strike</s>
      </p>
      <p id="22">
        <s id="22:1" lang="en">:: Continuing the practice of &quot;open-ocean targeting&quot; of all deployed intercontinental ballistic missiles and submarine launched ballistic missiles, such that in the extremely unlikely event of an accidental launch, the missile would land in the open ocean</s>
      </p>
      <p id="23">
        <s id="23:1" lang="en">:: Continuing the practice of keeping all nuclear-capable bombers and dual-capable aircraft off of day-to-day alert</s>
      </p>
      <p id="24">
        <s id="24:1" lang="en">:: Emphasizing the goal of maximized decision time for the President in the event of a crisis, including by making new investments in United States command and control systems</s>
      </p>
      <p id="25">
        <s id="25:1" lang="en">:: Directing the Defense Department to examine options to reduce the role of launch under attack in United States nuclear planning, recognizing that the potential for a surprise, disarming nuclear attack is exceedingly remote</s>
      </p>
      <p id="26">
        <s id="26:1" lang="en">B. Nuclear weapons, nuclear arms control (including nuclear disarmament) and verification</s>
      </p>
      <p id="27">
        <s id="27:1" lang="en">1. Nuclear weapons reductions</s>
      </p>
      <p id="28">
        <s id="28:1" lang="en">8. The United States continues a decades-long, step-by-step effort to reduce and eventually eliminate nuclear weapons.</s>
        <s id="28:2" lang="en">We have reduced our nuclear weapons stockpile by approximately 85 per cent since its cold war peak, or by about 82 per cent since 1970 when the Non-Proliferation Treaty entered into force.</s>
      </p>
      <p id="29">
        <s id="29:1" lang="en">9. A major step along this path is the Treaty between the United States and the Russian Federation on Measures for the Further Reduction and Limitation of Strategic Offensive Arms (New START Treaty) which, when fully implemented by 2018, will cap strategic warheads deployed by the United States and the Russian Federation at 1,550, the lowest levels of these weapons since the late 1950s.</s>
      </p>
      <p id="30">
        <s id="30:1" lang="en">10. On 8 April 2014, the United States announced the future composition of the United States nuclear force structure in order to comply with the limits of the Treaty by 2018.</s>
        <s id="30:2" lang="en">The updated strategic force structure will require reductions in all three legs of the United States nuclear triad, and will result in no more than 1,550 warheads deployed on:</s>
      </p>
      <p id="31">
        <s id="31:1" lang="en">:: 400 deployed intercontinental ballistic missiles, with 50 intercontinental ballistic missile launchers put in a non-deployed status by removing the missiles from these silos</s>
      </p>
      <p id="32">
        <s id="32:1" lang="en">:: 240 deployed submarine launched ballistic missiles on 14 strategic ballistic missile nuclear submarines, with four launch tubes on each submarine rendered incapable of launching a ballistic missile, thereby removing 56 launch tubes from accountability under the Treaty</s>
      </p>
      <p id="33">
        <s id="33:1" lang="en">:: 60 deployed nuclear-capable bombers, with 30 B-52 heavy bombers converted to a conventional-only role</s>
      </p>
      <p id="34">
        <s id="34:1" lang="en">11. As President Obama stated in Berlin in 2013, the United States is prepared to negotiate further nuclear reductions with the Russian Federation of up to one third in the deployed strategic warhead levels established in the New START Treaty.</s>
      </p>
      <p id="35">
        <s id="35:1" lang="en">12. The United States remains open to seeking negotiated reductions with the Russian Federation in all categories of nuclear weapons, including strategic and nonstrategic nuclear weapons.</s>
      </p>
      <p id="36">
        <s id="36:1" lang="en">13. These actions extend the legacy of United States leadership on nuclear arms control and disarmament, which includes many other signal achievements, including:</s>
      </p>
      <p id="37">
        <s id="37:1" lang="en">:: The 1987 Intermediate-Range Nuclear Forces Treaty, which eliminated all United States and Soviet Union ground-launched missiles with a maximum range between 500 and 5,500 km and permanently prohibited the parties from possessing or developing those systems.</s>
        <s id="37:2" lang="en">The Treaty is of unlimited duration.</s>
      </p>
      <p id="38">
        <s id="38:1" lang="en">:: All United States ground-launched ballistic missiles and United States ground-launched cruise missiles were eliminated by 1991, to include 403 Pershing IA and IB and Pershing II ground-launched ballistic missiles and 443 Tomahawk ground-launched cruise missiles, a total of 846 missiles.</s>
      </p>
      <p id="39">
        <s id="39:1" lang="en">:: The 1991 Strategic Arms Reduction Treaty (START), the most sweeping and complex arms control agreement negotiated in history, which limited strategic nuclear warheads attributed to the United States and the Russian Federation to 6,000 on no more than 1,600 deployed intercontinental ballistic missiles, submarine launched ballistic missiles, and heavy bombers.</s>
        <s id="39:2" lang="en">Under START, between September 1990 and July 2009 the United States reduced the number of deployed strategic launchers (intercontinental ballistic missiles, submarine launched ballistic missiles, their associated launchers, and deployed heavy bombers in its arsenal) from 2,246 to 1,188, a 47 per cent reduction, and the number of nuclear warheads attributed to these launchers from 10,563 to 5,916, a 44 per cent reduction.</s>
      </p>
      <p id="40">
        <s id="40:1" lang="en">:: The 2002 Strategic Offensive Reductions Treaty (or &quot;Moscow Treaty&quot;) limited the United States and the Russian Federation to no more than 1,700-2,220 operationally deployed strategic nuclear warheads by 2012.</s>
        <s id="40:2" lang="en">The aggregate number of operationally deployed strategic nuclear warheads was 1,944 as of February 2011, when the Treaty was superseded by the New START Treaty.</s>
      </p>
      <p id="41">
        <s id="41:1" lang="en">:: National measures.</s>
        <s id="41:2" lang="en">In addition to treaty-based reductions, the United States made dramatic and deep cuts to its cold war arsenal, including through the 1991 and 1992 &quot;Presidential Nuclear Initiatives&quot;, which eliminated approximately 3,000 United States nuclear weapons and resulted in an approximately 90 per cent reduction in all United States tactical nuclear weapons.</s>
        <s id="41:3" lang="en">These national measures included the following:</s>
      </p>
      <p id="42">
        <s id="42:1" lang="en">- Elimination of all 450 Minuteman II intercontinental ballistic missile silo launchers and all 50 Peacekeeper intercontinental ballistic missile silo launchers, as well as 50 Minuteman III silo launchers;</s>
      </p>
      <p id="43">
        <s id="43:1" lang="en">- Removal of four ballistic missile submarines from strategic (nuclear) service and reducing the number of warheads on each of the remaining deployed submarines;</s>
      </p>
      <p id="44">
        <s id="44:1" lang="en">- Retiring all FB-111A bombers, eliminating all B-52G heavy bombers, and converting all B-1B heavy bombers to conventional-only capability;</s>
      </p>
      <p id="45">
        <s id="45:1" lang="en">- Withdrawal of all land-based tactical nuclear weapons with a range less than 300 miles;</s>
      </p>
      <p id="46">
        <s id="46:1" lang="en">- Elimination of all United States nuclear artillery shells and warheads for short-range ballistic missiles;</s>
      </p>
      <p id="47">
        <s id="47:1" lang="en">- Removal of tactical nuclear weapons from all naval combatant vessels;</s>
      </p>
      <p id="48">
        <s id="48:1" lang="en">- Removal of all nuclear command and control aircraft from constant airborne alert;</s>
      </p>
      <p id="49">
        <s id="49:1" lang="en">- Retiring the AGM-129 Advanced Cruise Missile and the AGM-69 Short-Range Attack Missile (both air-to-ground missiles).</s>
      </p>
      <p id="50">
        <s id="50:1" lang="en">2. United States nuclear stockpile transparency</s>
      </p>
      <p id="51">
        <s id="51:1" lang="en">14. At the May 2010 Review Conference, the United States released for the first time its nuclear stockpile totals, detailing annual stockpile levels from 1962 to 2009 and annual totals of nuclear weapons dismantled from 1994 to 2009.The stockpile reported as of 2009 was 5,113 warheads, with a total of 8,748 weapons dismantled between 1994 and 2009.</s>
      </p>
      <p id="52">
        <s id="52:1" lang="en">15. The United States is releasing an update of those numbers through the end of fiscal year 2013.</s>
        <s id="52:2" lang="en">As of 30 September 2013, the total stockpile of nuclear warheads was 4,804, reflecting a further reduction of 309 warheads compared with the total stockpile as of 30 September 2009.</s>
        <s id="52:3" lang="en">Further, an additional 1,204 nuclear warheads have been dismantled since 30 September 2009.These actions have resulted in a reduction of about 85 per cent in total nuclear weapons in our stockpile since the height of the cold war, or a reduction of about 82 per cent since 1970 when the Non-Proliferation Treaty entered into force.</s>
      </p>
      <p id="53">
        <s id="53:1" lang="en">16. The United States has retired many thousands of nuclear warheads.</s>
        <s id="53:2" lang="en">Retired warheads have been removed from their delivery platform, are not functional, and are in the queue for dismantlement.</s>
        <s id="53:3" lang="en">Since 1992, the United States has retired and dismantled 12 nuclear weapon types, including the most recent types, the W79, W62, W56 and the B53.</s>
        <s id="53:4" lang="en">The last W80-0 warhead for the Tomahawk Land Attack Missile-Navy was retired from service and has been dismantled.</s>
      </p>
      <p id="54">
        <s id="54:1" lang="en">17. It is United States policy not to develop new nuclear weapons.</s>
        <s id="54:2" lang="en">Life extension programmes for remaining nuclear warheads will not support new military missions or provide for new military capabilities for nuclear weapons.</s>
      </p>
      <p id="55">
        <s id="55:1" lang="en">3. Fissile material reductions and facility consolidation</s>
      </p>
      <p id="56">
        <s id="56:1" lang="en">18. In addition to information on the nuclear weapon stockpile, the United States has made public the total amounts of United States plutonium and highly enriched uranium produced by the weapons programme for military or non-military use.</s>
        <s id="56:2" lang="en">In 2009, the United States reported that the plutonium inventory was 95.4 metric tons.</s>
        <s id="56:3" lang="en">In 1994 and 2007, the United States declared 61.5 metric tons of plutonium as excess and removed them from further use as fissile material for use in nuclear warheads.</s>
      </p>
      <p id="57">
        <s id="57:1" lang="en">19. Under the United States-Russian Federation Plutonium Management and Disposition Agreement, the United States and the Russian Federation each will dispose of no less than 34 metric tons of plutonium declared excess to defence needs.</s>
        <s id="57:2" lang="en">The United States remains committed to an International Atomic Energy Agency (IAEA) role in verification of both sides&apos; disposition programmes under the Agreement.</s>
      </p>
      <p id="58">
        <s id="58:1" lang="en">20. The total United States highly enriched uranium inventory as of 2004 was 686.6 metric tons.</s>
        <s id="58:2" lang="en">In declarations in 1994 and 2005, the United States declared that a total of 374 metric tons of highly enriched uranium would be removed from further use as fissile material in nuclear warheads.</s>
        <s id="58:3" lang="en">To date, the United States has downblended a total of more than 140 metric tons of highly enriched uranium from these declarations, enough material for more than 5,500 nuclear weapons.</s>
        <s id="58:4" lang="en">The total amount of downblended highly enriched uranium will continue to increase as the current downblending effort for additional material progresses.</s>
      </p>
      <p id="59">
        <s id="59:1" lang="en">21. In addition, 7.4 metric tons of this highly enriched uranium was downblended to low-enriched uranium in facilities eligible for safeguards, for use in the American Assured Fuel Supply, a United States swords-to-ploughshares initiative that provides back-up low-enriched uranium fuel assurances to nuclear power users that face a disruption in supply.</s>
        <s id="59:2" lang="en">In total, 46.6 metric tons of this highly enriched uranium was downblended under IAEA safeguards.</s>
        <s id="59:3" lang="en">The cost for safeguards was covered in full by the United States.</s>
      </p>
      <p id="60">
        <s id="60:1" lang="en">22. Up to 160 metric tons of the excess highly enriched uranium will be provided for use in naval ship power propulsion, postponing the need for production of new highly enriched uranium or construction of a new highly enriched uranium enrichment facility for many decades.</s>
      </p>
      <p id="61">
        <s id="61:1" lang="en">23. In one of the more important nuclear non-proliferation achievements of the post-cold war period, the United States and the Russian Federation recently completed the final shipment of low-enriched uranium under the 1993 United States-Russian Federation Highly Enriched Uranium Purchase Agreement, under which 500 metric tons of Russian Federation weapons-origin highly enriched uranium was converted to low-enriched uranium for use in American nuclear power plants.</s>
        <s id="61:2" lang="en">This Agreement eliminated the equivalent of approximately 20,000 nuclear warheads worth of Russian Federation weapons-origin highly enriched uranium, with the resulting downblended low-enriched uranium used to produce half of all nuclear energy generated annually in the United States over the past 15 years, or about 10 per cent of all electricity generated in the United States during that time period.</s>
      </p>
      <p id="62">
        <s id="62:1" lang="en">24. During the 20-year Agreement, both countries exercised reciprocal transparency monitoring to ensure that all highly enriched uranium processed in the Russia Federation was of weapons origin and that all low-enriched uranium produced from that material was used exclusively for peaceful purposes.</s>
      </p>
      <p id="63">
        <s id="63:1" lang="en">25. In parallel to reductions in the United States stockpile, the United States has consolidated the number of sites needed to maintain it.</s>
        <s id="63:2" lang="en">Today&apos;s current nuclear complex is smaller and geared to support not only our enduring nuclear weapons stockpile through science-based stewardship, but also our capability to address proliferation, terrorism and other global threats.</s>
      </p>
      <p id="64">
        <s id="64:1" lang="en">26. In 1980, the nuclear complex was made up of 14 sites.</s>
        <s id="64:2" lang="en">Today, it consists of 8, with a workforce approximately one third of its size at the end of the cold war.</s>
        <s id="64:3" lang="en">Key actions to reduce the complex include the following:</s>
      </p>
      <p id="65">
        <s id="65:1" lang="en">:: Cessation of production of plutonium for weapons in 1987 and closure of all plutonium production reactors at the Hanford Site in Richland, Washington, and at the Savannah River Site in Aiken, South Carolina</s>
      </p>
      <p id="66">
        <s id="66:1" lang="en">:: Closure and decommissioning of the Hanford Site nuclear reprocessing plants</s>
      </p>
      <p id="67">
        <s id="67:1" lang="en">:: Cessation of production of highly enriched uranium for weapons in 1964 and shutdown of the K-25 enrichment complex in Oak Ridge, Tennessee</s>
      </p>
      <p id="68">
        <s id="68:1" lang="en">:: Conversion of enrichment plants in Portsmouth, Ohio, and Paducah, Kentucky, to support civil nuclear fuel production only</s>
      </p>
      <p id="69">
        <s id="69:1" lang="en">:: Closure and decommissioning of the Feed Materials Production Center at Fernald, Ohio, the Rocky Flats plutonium pit production facility in Colorado, and the Mound and Pinellas plants for nuclear weapons components in Miamisburg, Ohio, and Pinellas, Florida</s>
      </p>
      <p id="70">
        <s id="70:1" lang="en">:: Removal of category I/II special nuclear materials, quantities large enough to construct nuclear devices, from Sandia National Laboratories, the Lawrence Livermore National Laboratory, and Technical Areas 3 and 18 at Los Alamos National Laboratory, as well as consolidation of category I/II material into TA-55 at Los Alamos</s>
      </p>
      <p id="71">
        <s id="71:1" lang="en">:: Consolidation of highly enriched uranium storage into the newly constructed highly enriched uranium Materials Facility at Y-12 in Oak Ridge, Tennessee</s>
      </p>
      <p id="72">
        <s id="72:1" lang="en">:: Consolidation of non-pit plutonium into the K-Area Materials Storage facility at the Savannah River Site</s>
      </p>
      <p id="73">
        <s id="73:1" lang="en">27. The United States has not conducted a nuclear explosive test since 1992.</s>
        <s id="73:2" lang="en">The former Nevada Test Site has been renamed the Nevada National Security Site and today supports an expanded mission to include stockpile stewardship, but also a range of activities supporting research and development of technologies to support nonproliferation goals.</s>
      </p>
      <p id="74">
        <s id="74:1" lang="en">28. Looking forward, the new United States nuclear strategy anticipates shifting from retaining large numbers of non-deployed nuclear warheads towards a more responsive infrastructure over time.</s>
        <s id="74:2" lang="en">We are investing in a more modern physical infrastructure that would allow for further reductions in total nuclear forces.</s>
      </p>
      <p id="75">
        <s id="75:1" lang="en">4. Multilateral arms control</s>
      </p>
      <p id="76">
        <s id="76:1" lang="en">29. The United States reaffirms its commitment to negotiate a treaty banning the production of fissile material for use in nuclear weapons or other nuclear explosive devices, also known as the fissile material cut-off treaty.</s>
        <s id="76:2" lang="en">As an interim step, the United States supports, and is actively participating in, the Group of Governmental Experts that will make recommendations on possible aspects that could contribute to a fissile material cut-off treaty.</s>
        <s id="76:3" lang="en">We are hopeful that the two-year mandate of the Group, which first convened in Geneva in late March, will serve to motivate and revitalize work on a fissile material cut-off treaty and progress within the Conference on Disarmament.</s>
      </p>
      <p id="77">
        <s id="77:1" lang="en">30. In addition we have established recurring consultations on a fissile material cut-off treaty with the P5 and other relevant partners.</s>
      </p>
      <p id="78">
        <s id="78:1" lang="en">31. The Comprehensive Nuclear-Test-Ban Treaty is in the security interest of every nation, and the United States remains committed to ratifying the Treaty and bringing it into force.</s>
      </p>
      <p id="79">
        <s id="79:1" lang="en">32. The United States makes the largest annual financial contribution to the Preparatory Commission of the Comprehensive Nuclear-Test-Ban Treaty Organization, paying more than 22 per cent of the Commission&apos;s annual budget.</s>
        <s id="79:2" lang="en">With United States assistance, the Treaty&apos;s International Monitoring System is now 86 per cent complete.</s>
      </p>
      <p id="80">
        <s id="80:1" lang="en">33. The United States is helping to develop the on-site inspection element of the Comprehensive Nuclear-Test-Ban Treaty verification regime.</s>
        <s id="80:2" lang="en">Through significant United States voluntary contributions-in-kind of equipment, expertise and research, the United States is heavily involved in the preparations for the largest-ever on-site inspection integrated field exercise, to be conducted in Jordan in December 2014.</s>
      </p>
      <p id="81">
        <s id="81:1" lang="en">34. In 2013, the United States, along with the rest of the P5, convened a series of meetings of technical experts to identify areas for future P5 collaboration on issues related to the Comprehensive Nuclear-Test-Ban Treaty.</s>
      </p>
      <p id="82">
        <s id="82:1" lang="en">5. Verification, including research and development</s>
      </p>
      <p id="83">
        <s id="83:1" lang="en">35. Effective verification is an essential condition for non-proliferation, arms control, and achieving a world without nuclear weapons.</s>
        <s id="83:2" lang="en">Verification methods and technologies capable of detecting violations and monitoring compliance must be in place as States move step by step towards nuclear disarmament.</s>
      </p>
      <p id="84">
        <s id="84:1" lang="en">36. Transparency through information sharing and confidence-building measures contribute to stability and security by enhancing predictability and building trust and confidence.</s>
      </p>
      <p id="85">
        <s id="85:1" lang="en">37. Verification under the New START Treaty increases stability and predictability between the world&apos;s largest nuclear powers.</s>
        <s id="85:2" lang="en">The Treaty&apos;s robust and extensive verification provisions provide mutual confidence that both sides are living up to their obligations.</s>
        <s id="85:3" lang="en">The accurate and timely information shared between the United States and the Russian Federation on each side&apos;s respective nuclear forces diminishes the risks of misunderstanding and misperception.</s>
        <s id="85:4" lang="en">The Treaty&apos;s verification regime includes the following:</s>
      </p>
      <p id="86">
        <s id="86:1" lang="en">:: 18 short-notice on-site inspections of both deployed and non-deployed nuclear intercontinental ballistic missiles, submarine launched ballistic missiles and heavy bombers each year for each party as well as required exhibitions and demonstrations</s>
      </p>
      <p id="87">
        <s id="87:1" lang="en">:: On-site inspections of re-entry vehicles that are more intrusive than those conducted under the previous START agreement, allowing each party to confirm the actual number of deployed warheads on intercontinental ballistic missiles and submarine launched ballistic missiles or nuclear armaments on heavy bombers</s>
      </p>
      <p id="88">
        <s id="88:1" lang="en">:: National technical means to improve verification effectiveness</s>
      </p>
      <p id="89">
        <s id="89:1" lang="en">:: An extensive system of notifications to inform the other party when changes occur to the Treaty&apos;s database, such as movements, flight tests and deployments of Treaty-accountable items.</s>
        <s id="89:2" lang="en">As of April 2014, the United States and the Russian Federation have exchanged over 6,200 such notifications through their respective Nuclear Risk Reduction Centers in Washington, D.C. and Moscow.</s>
      </p>
      <p id="90">
        <s id="90:1" lang="en">38. To date, more than 115 on-site inspections have been conducted by the United States and the Russian Federation under the New START Treaty.</s>
        <s id="90:2" lang="en">Treaty on-site inspections and other verification measures enable each side to maintain confidence in the validity of data exchanged by the United States and the Russian Federation.</s>
      </p>
      <p id="91">
        <s id="91:1" lang="en">39. Looking to the future, the United States is supporting a range of research and development activities to expand work on verification technologies.</s>
        <s id="91:2" lang="en">We are making multimillion dollar investments each year to advance these capabilities.</s>
      </p>
      <p id="92">
        <s id="92:1" lang="en">40. Current United States research initiatives include capabilities to enable monitoring of warheads, including non-deployed warheads in storage, as well as capabilities to distinguish warheads by type.</s>
        <s id="92:2" lang="en">These efforts include the following:</s>
      </p>
      <p id="93">
        <s id="93:1" lang="en">:: A comprehensive United States nuclear warhead modelling and measurement campaign to establish a comprehensive nuclear warhead and component signature set.</s>
        <s id="93:2" lang="en">The resulting data will support assessment of sensitive information that could be revealed as a result of future treaty verification activities, and will further guide future research and development in the areas of radiation detection and information protection.</s>
      </p>
      <p id="94">
        <s id="94:1" lang="en">:: Field demonstrations and evaluations of nuclear warhead lifecycle &quot;end-to-end&quot; monitoring capabilities, to include warhead storage and transportation monitoring demonstrations and evaluations at the Nevada National Security Site.</s>
        <s id="94:2" lang="en">Technologies are being developed and assessed to provide assurance to a potential monitoring party that nuclear warheads are accounted for and tracked throughout their lifecycle, including during long-term storage and dismantlement.</s>
      </p>
      <p id="95">
        <s id="95:1" lang="en">41. The United States is also pursuing research and development to enhance current or future arms control treaties.</s>
        <s id="95:2" lang="en">Those efforts include the following:</s>
      </p>
      <p id="96">
        <s id="96:1" lang="en">:: Technologies to support the Comprehensive Nuclear-Test-Ban Treaty, including completion of field experiments and demonstrations to further our understanding of underground nuclear event signatures and seismic source term generation.</s>
        <s id="96:2" lang="en">Activities include evaluating technologies for effectiveness and intrusiveness and optimizing the implementation of visual observation, seismic and acoustic sensing, multispectral imaging and radionuclide transport and measurement.</s>
      </p>
      <p id="97">
        <s id="97:1" lang="en">:: Development of monitoring capabilities for defined fissile material production facilities and for possible inspections at sensitive United States sites.</s>
      </p>
      <p id="98">
        <s id="98:1" lang="en">42. Together with the Russian Federation, we completed an extensive body of monitoring and verification research during the 1990s and 2000s that has informed ongoing and potential future areas of research and development.</s>
      </p>
      <p id="99">
        <s id="99:1" lang="en">43. Under a recent research and development agreement between the United States and the Russian Federation, we are prepared to pursue work with the Russian Federation on nuclear monitoring and verification research, building on previous work.</s>
      </p>
      <p id="100">
        <s id="100:1" lang="en">44. With the United Kingdom of Great Britain and Northern Ireland, we are in our second decade of active partnership in monitoring and verification research.</s>
        <s id="100:2" lang="en">Our joint technical cooperation programme allows us to apply policy, technology and programme expertise to develop and evaluate targeted approaches for transparent reductions and monitoring of nuclear warheads, fissile material and associated facilities for potential disarmament and non-proliferation initiatives.</s>
        <s id="100:3" lang="en">Technical experts conduct activities and share information to explore and address essential and difficult monitoring and verification challenges, working to integrate potential approaches for arms control monitoring and transparency.</s>
      </p>
      <p id="101">
        <s id="101:1" lang="en">C. Transparency and confidence-building measures</s>
      </p>
      <p id="102">
        <s id="102:1" lang="en">1. The P5 conference process</s>
      </p>
      <p id="103">
        <s id="103:1" lang="en">45. The United States is committed to engaging its P5 partners to advance all aspects of the Non-Proliferation Treaty.</s>
        <s id="103:2" lang="en">P5 activities are an essential means for laying the foundation for future agreements that could involve parties beyond the United States and the Russian Federation.</s>
      </p>
      <p id="104">
        <s id="104:1" lang="en">46. The P5 are pursuing regular dialogue on nuclear weapons-related issues to an extent unseen in prior years.</s>
        <s id="104:2" lang="en">China hosted the Fifth P5 Conference in Beijing in April 2014, following the 2009 London, 2011 Paris, 2012 Washington, and 2013 Geneva conferences; the last was chaired by the Russian Federation.</s>
        <s id="104:3" lang="en">At these conferences, the P5 have exchanged views on their nuclear doctrines, strategic stability and international security from their individual country perspectives to gain better understanding and build strategic trust.</s>
      </p>
      <p id="105">
        <s id="105:1" lang="en">47. In addition to these annual conferences, there have been frequent meetings among P5 policy makers and experts on these issues.</s>
      </p>
      <p id="106">
        <s id="106:1" lang="en">48. The United States participates in the P5 Working Group on a Glossary of Key Nuclear Terms, chaired by China.</s>
        <s id="106:2" lang="en">The group is making progress and expects to report to the 2015 Review Conference.</s>
        <s id="106:3" lang="en">This work is increasing mutual understanding, promoting greater transparency, and laying the groundwork for eventual nuclear negotiations that involve all five States.</s>
      </p>
      <p id="107">
        <s id="107:1" lang="en">49. As noted above, United States experts are also working with P5 counterparts to identify ways in which our unique experience can contribute to further strengthening the monitoring and verification regime of the Comprehensive Nuclear-Test-Ban Treaty.</s>
      </p>
      <p id="108">
        <s id="108:1" lang="en">50. The United States hosted France and the United Kingdom for a transparency visit to the Nevada National Security Site (the former Nevada Test Site) in 2013.</s>
        <s id="108:2" lang="en">The United States and the United Kingdom are also engaged in cooperative work developing verification procedures and technologies, on which our P5 partners have been briefed.</s>
      </p>
      <p id="109">
        <s id="109:1" lang="en">51. P5 engagement is a long-term investment in strengthening the Non-Proliferation Treaty, building trust, and creating a stronger foundation for the work required to achieve a world without nuclear weapons.</s>
      </p>
      <p id="110">
        <s id="110:1" lang="en">2. Other confidence building measures and agreements</s>
      </p>
      <p id="111">
        <s id="111:1" lang="en">52. The Direct Secure Communication System, also known as the &quot;hotline&quot;, is an emergency and non-emergency secure communication system intended for use by the highest leadership of the United States and the Russian Federation (since 1963) and with China (since 1998).</s>
        <s id="111:2" lang="en">The system is maintained by each Government to ensure that leaders are prepared to manage the full range of national security crises we face internationally.</s>
      </p>
      <p id="112">
        <s id="112:1" lang="en">53. The United States Nuclear Risk Reduction Center provides a permanent, rapid, reliable and private means by which the United States may transmit notifications with its counterpart in the Russian Federation as required under certain existing, as well as possible future, arms control and confidence-building agreements.</s>
        <s id="112:2" lang="en">Use of the Center by the United States was expanded to include the network of the Organization for Security and Cooperation in Europe (OSCE) to exchange information and notifications required by arms control treaties and security-building agreements with more than 55 foreign Governments.</s>
      </p>
      <p id="113">
        <s id="113:1" lang="en">54. The Hague Code of Conduct against Ballistic Missile Proliferation was adopted at a conference of 93 countries held in November 2002 in The Hague.</s>
        <s id="113:2" lang="en">Under the Code&apos;s transparency and confidence-building measures, the United States provides pre-launch notification of launches of ballistic missiles and space launch vehicles (the Nuclear Risk Reduction Center assists in the notification process), as well as submits annual declarations of our space and ballistic missile policies.</s>
      </p>
      <p id="114">
        <s id="114:1" lang="en">55. The Accidents Measures Agreement (Agreement on Measures to Reduce the Risk of Outbreak of Nuclear War Between the United States of America and the Union of Soviet Socialist Republics) and the Agreement on Measures to Improve the USA-USSR Direct Communications Link (with Annex, Supplementing and Modifying the Memorandum of Understanding with Annex, of June 20, 1963) were signed and entered into force in 1971, inter alia, to provide for certain immediate or advance notification and to facilitate urgent communications via the &quot;hotline&quot;.</s>
      </p>
      <p id="115">
        <s id="115:1" lang="en">56. The Ballistic Missile Launch Notification Agreement (Agreement on Notifications of Launches of Intercontinental Ballistic Missiles and Submarine Launched Ballistic Missiles) was signed in 1998.</s>
        <s id="115:2" lang="en">Pursuant to the Agreement, the United States and the Russian Federation agreed to provide each other with notifications, no less than 24 hours in advance, of dates, launch areas and impact sites for any test launch of an intercontinental ballistic missile or submarine launched ballistic missile.</s>
        <s id="115:3" lang="en">Notifications of launches under the New START Treaty are provided in accordance with the Agreement.</s>
      </p>
      <p id="116">
        <s id="116:1" lang="en">57. The United States-Russian Federation Presidential Declaration on Mutual Detargeting, issued in January 1994, announced the commitment of both sides to ensure that by May 1994, the United States and the Russian Federation no longer had intercontinental ballistic missiles and submarine launched ballistic missiles targeting each other.</s>
        <s id="116:2" lang="en">In the highly unlikely event of an accidental launch of a United States nuclear weapon, the weapon would land in the open ocean.</s>
      </p>
      <p id="117">
        <s id="117:1" lang="en">D. Other related issues</s>
      </p>
      <p id="118">
        <s id="118:1" lang="en">Resources devoted to treaty implementation, inspections and dismantlement</s>
      </p>
      <p id="119">
        <s id="119:1" lang="en">58. The United States expends considerable resources in fulfilment of its commitments under the many arms control and non-proliferation agreements and arrangements that it has implemented.</s>
        <s id="119:2" lang="en">Some examples follow:</s>
      </p>
      <p id="120">
        <s id="120:1" lang="en">:: During calendar year 2013, in accordance with the provisions of the New START Treaty, the United States eliminated 24 B-52G nuclear-capable heavy bombers; converted two B-52H heavy bombers equipped for nuclear armaments to heavy bombers equipped for non-nuclear armaments, thereby removing them from treaty accountability; hosted 19 inspections; and conducted two exhibitions of United States weapons systems</s>
      </p>
      <p id="121">
        <s id="121:1" lang="en">:: In addition, the United States eliminated 50 Peacekeeper intercontinental ballistic missile silos and began the conversion process to render inoperative some launchers of submarine launched ballistic missiles on United States submarines.</s>
        <s id="121:2" lang="en">The cost of those conversions exceeded $50 million for 2013, and the United States will spend roughly the same amount in 2014</s>
      </p>
      <p id="122">
        <s id="122:1" lang="en">:: Transitioning the deployed nuclear force structure to meet the 2018 limits of the New START Treaty is expected to cost $300 million from fiscal years 2014 to 2018</s>
      </p>
      <p id="123">
        <s id="123:1" lang="en">:: The United States makes the largest annual financial contribution to the Preparatory Commission for the Comprehensive Nuclear-Test-Ban Treaty Organizaton, paying more than 22 per cent of the Commission&apos;s annual budget:</s>
      </p>
      <p id="124">
        <s id="124:1" lang="en">- From 1996 through 2013, the United States contributed over $347 million through its annual assessment</s>
      </p>
      <p id="125">
        <s id="125:1" lang="en">- Since 2011, the United States has funded over $23 million of contributions-in-kind projects to the Provisional Technical Secretariat to accelerate the development of the verification regime and to improve its capabilities</s>
      </p>
      <p id="126">
        <s id="126:1" lang="en">- The United States has contributed up to $25.5 million to rebuild the International Monitoring System hydroacoustic station In the Crozet Islands</s>
      </p>
      <p id="127">
        <s id="127:1" lang="en">59. The United States continues to make substantial investments in research and development to support future nuclear arms control agreements and requirements.</s>
        <s id="127:2" lang="en">In 2013, the United States funded over $110 million for research, development, test and evaluation for arms control and non-proliferation verification technology.</s>
      </p>
      <p id="128">
        <s id="128:1" lang="en">60. The United States is also committed to funding nuclear weapons dismantlement, and plans to dismantle all nuclear weapons retired prior to 2009 no later than the end of fiscal year 2022.</s>
        <s id="128:2" lang="en">The United States has spent over $250 million on weapons dismantlement in the past five years.</s>
      </p>
      <p id="129">
        <s id="129:1" lang="en">II. Reporting on national measures relating to non-proliferation</s>
      </p>
      <p id="130">
        <s id="130:1" lang="en">A. Safeguards</s>
      </p>
      <p id="131">
        <s id="131:1" lang="en">61. In 2009, the United States laid out a broad agenda to prevent the spread of nuclear weapons.</s>
        <s id="131:2" lang="en">In addition to nuclear disarmament and peaceful uses of nuclear energy, the agenda includes measures to strengthen the safeguards under the NonProliferation Treaty and IAEA safeguards as a basis for cooperation and confront the threat of nuclear terrorism.</s>
      </p>
      <p id="132">
        <s id="132:1" lang="en">62. The United States brought into force a safeguards agreement in 1980 (also known as the United States Voluntary Offer Agreement) and Additional Protocol in 2009, which contain the standard provisions for the implementation of safeguards and demonstrate our readiness to accept safeguards on civil nuclear activities such as those that non-nuclear-weapon States parties to the Non-Proliferation Treaty are required to accept.</s>
      </p>
      <p id="133">
        <s id="133:1" lang="en">63. Since 1980, the United States has made eligible for IAEA safeguards approximately 300 civil nuclear facilities, including power reactors, research reactors, commercial fuel fabrication plants, uranium enrichment plants and other types of facilities.</s>
        <s id="133:2" lang="en">This list of United States nuclear facilities that are eligible for IAEA inspections is routinely updated and provided to IAEA.</s>
      </p>
      <p id="134">
        <s id="134:1" lang="en">64. The United States has hosted and funded almost 800 IAEA inspections conducted at facilities on the list.</s>
        <s id="134:2" lang="en">Since 1994, this includes nearly 600 IAEA inspections at five United States facilities containing material removed permanently from weapons programmes and covered the costs for such inspections through the United States voluntary contribution to IAEA.</s>
        <s id="134:3" lang="en">This includes nearly 3 metric tons of surplus United States weapons plutonium under IAEA safeguards at the K-Area Materials Storage Facility at the Savannah River Site in South Carolina.</s>
        <s id="134:4" lang="en">The K-Area Materials Storage is the first plutonium storage facility in the world to implement remote monitoring, which enabled IAEA to expand its remote-monitoring techniques.</s>
      </p>
      <p id="135">
        <s id="135:1" lang="en">65. The United States has made available additional nuclear facilities under the Reporting Protocol to the Voluntary Offer Agreement, including three fuel fabrication facilities and one enrichment facility, as identified by IAEA under the Reporting Protocol in June 2013.</s>
      </p>
      <p id="136">
        <s id="136:1" lang="en">66. The United States has made regular declarations to IAEA under the United States Additional Protocol, consistent with our commitment to accept all provisions of the IAEA Model Additional Protocol, excluding only instances where its application would result in access by IAEA to activities with direct national security significance to the United States or to locations or information associated with such activities.</s>
      </p>
      <p id="137">
        <s id="137:1" lang="en">67. The United States reported 264 locations and activities in the initial declaration under the Additional Protocol in 2009.</s>
        <s id="137:2" lang="en">The United States has transmitted an updated annual declaration to IAEA each year since, with total locations and activities reported as follows: 307 in 2010; 372 in 2011; 331 in 2012; and 348 in 2013.</s>
      </p>
      <p id="138">
        <s id="138:1" lang="en">68. The United States hosted two complementary access visits by IAEA under the United States Additional Protocol in 2010.</s>
        <s id="138:2" lang="en">These were the first such visits conducted in the territory of an nuclear-weapon State party to the Non-Proliferation Treaty.</s>
      </p>
      <p id="139">
        <s id="139:1" lang="en">69. The United States has also made regular reports to IAEA of the export of items enumerated in annex II to the United States Additional Protocol.</s>
      </p>
      <p id="140">
        <s id="140:1" lang="en">70. For decades, the United States has provided new tools, technology, experts and other resources to improve the effectiveness and efficiency of safeguards implementation through the United States Support Program to IAEA safeguards.</s>
      </p>
      <p id="141">
        <s id="141:1" lang="en">71. Since 2010, the United States has provided $166 million in extrabudgetary funding for IAEA safeguards work, above and beyond our assessed contribution for safeguards.This funding has supported initiation of 250 new tasks through the United States Support Program, promoting the strengthening of safeguards through direct and in-kind support to IAEA, including in the form of Junior Professional Officers, cost-free experts, safeguards equipment, workshops and training sessions.</s>
        <s id="141:2" lang="en">We have also developed and transferred numerous safeguards technologies to international partners, including IAEA.</s>
      </p>
      <p id="142">
        <s id="142:1" lang="en">72. Since 2010, the United States has provided over $26 million in extrabudgetary funds to upgrade the IAEA Safeguards Analytical Laboratories.</s>
      </p>
      <p id="143">
        <s id="143:1" lang="en">73. The United States has engaged more than 40 countries to improve safeguards infrastructure, to include best practices and training workshops on implementation of the Additional Protocol, strengthening State systems of accounting for and control of nuclear material, quality management, non-destructive assay safeguards equipment and &quot;training the trainer&quot;.</s>
        <s id="143:2" lang="en">Through these and other workshops, the United States has trained over 2,500 foreign practitioners in safeguards since 2007.</s>
      </p>
      <p id="144">
        <s id="144:1" lang="en">74. Since 2010, the United States has held over 75 training courses and workshops on safeguards implementation in Africa, the Middle East, Central Asia, East Asia and South-East Asia.</s>
        <s id="144:2" lang="en">Recent examples include:</s>
      </p>
      <p id="145">
        <s id="145:1" lang="en">:: A series of workshops in Myanmar in 2013 on implementation of the Additional Protocol to support Myanmar&apos;s pledge to ratify its Additional Protocol and update its Small Quantities Protocol in the near future</s>
      </p>
      <p id="146">
        <s id="146:1" lang="en">:: An International Workshop on the Additional Protocol: Lessons Learned in South-East Asia, held in Jakarta in June 2013 and attended by representatives of safeguards regulatory authorities from South-East Asian nations, IAEA, the Asia-Pacific Safeguards Network and United States agencies</s>
      </p>
      <p id="147">
        <s id="147:1" lang="en">B. Export controls</s>
      </p>
      <p id="148">
        <s id="148:1" lang="en">75. Article III of the Non-Proliferation Treaty links safeguards and export controls.</s>
        <s id="148:2" lang="en">The United States maintains a rigorous and comprehensive system for nuclear export controls and has worked for years to strengthen international nuclear export control regimes and assist States in implementing regime requirements.</s>
        <s id="148:3" lang="en">Export controls are a tool to facilitate commerce by providing assurances to suppliers that exported equipment is used for peaceful purposes.</s>
      </p>
      <p id="149">
        <s id="149:1" lang="en">76. Through Nuclear Suppliers Group bodies, including the Consultative Group and the Technical Experts Group, the United States continues to work to update Nuclear Suppliers Group lists and guidelines to conform to the evolving nature of proliferation and nuclear trade.</s>
      </p>
      <p id="150">
        <s id="150:1" lang="en">77. The United States updated United States nuclear material and dual-use export control regulations to conform to the latest Nuclear Suppliers Group guidance following the fundamental review of the Group control lists completed in 2012.</s>
      </p>
      <p id="151">
        <s id="151:1" lang="en">78. The United States also continues to support export control and related border security training and assistance programmes worldwide.</s>
        <s id="151:2" lang="en">Since 2010, we have:</s>
      </p>
      <p id="152">
        <s id="152:1" lang="en">:: Overseen 200 information-sharing activities and training sessions involving 74 countries across Europe, Latin America, the Middle East, South Asia and South-East Asia; training topics included targeting and risk management, commodity identification, radiation detection and response, and border interdiction</s>
      </p>
      <p id="153">
        <s id="153:1" lang="en">:: Donated $1.4 million of equipment to 15 countries to enhance their radiation detection and border protection capabilities</s>
      </p>
      <p id="154">
        <s id="154:1" lang="en">:: Trained over 320 individuals in detection, inspection and interdiction of illicit transfers of nuclear and radiological materials</s>
      </p>
      <p id="155">
        <s id="155:1" lang="en">C. Nuclear security</s>
      </p>
      <p id="156">
        <s id="156:1" lang="en">79. The United States launched the Nuclear Security Summit process with a speech by President Obama in Prague in 2009.</s>
        <s id="156:2" lang="en">This Head of State-level forum first met in Washington in 2010, with subsequent summits in Seoul in 2012 and The Hague in 2014.</s>
        <s id="156:3" lang="en">President Obama has announced his intention to host a fourth summit in the United States in 2016.</s>
        <s id="156:4" lang="en">The summits have increased the security of nuclear material worldwide, reducing the chances that such material could fall into the hands of terrorists.</s>
      </p>
      <p id="157">
        <s id="157:1" lang="en">80. The summit process has resulted in dozens of national and multilateral commitments and tangible results that have enhanced nuclear security.</s>
        <s id="157:2" lang="en">Together we have:</s>
      </p>
      <p id="158">
        <s id="158:1" lang="en">:: Established a global network of experts who work on nuclear security at senior levels in 53 Governments and multiple international organizations</s>
      </p>
      <p id="159">
        <s id="159:1" lang="en">:: Removed and disposed of over 3 metric tons of vulnerable highly enriched uranium and plutonium</s>
      </p>
      <p id="160">
        <s id="160:1" lang="en">:: Removed all highly enriched uranium in 11 countries plus Taiwan Province of China</s>
      </p>
      <p id="161">
        <s id="161:1" lang="en">:: Upgraded physical security at 32 buildings storing weapons-usable fissile materials</s>
      </p>
      <p id="162">
        <s id="162:1" lang="en">:: Installed radiation detection equipment at 250 international border crossings, airports and seaports to combat illicit trafficking in nuclear materials</s>
      </p>
      <p id="163">
        <s id="163:1" lang="en">81. The United States is the largest national contributor to the IAEA Nuclear Security Fund.</s>
        <s id="163:2" lang="en">Since 2010, the United States has provided approximately $38 million, which has supported:</s>
      </p>
      <p id="164">
        <s id="164:1" lang="en">:: Cost-free experts</s>
      </p>
      <p id="165">
        <s id="165:1" lang="en">:: Advisory service (missions and technical visits) to member States to establish the necessary infrastructure to protect nuclear and other radioactive materials from theft and diversion, protect nuclear installations and transport against sabotage and other malicious acts and combat illicit trafficking in nuclear and other radioactive materials</s>
      </p>
      <p id="166">
        <s id="166:1" lang="en">:: Development of Nuclear Security Series guidance documents; dissemination of concepts and procedures for dealing effectively with nuclear and radiological threats through international conferences, training courses, seminars and workshops</s>
      </p>
      <p id="167">
        <s id="167:1" lang="en">:: The IAEA Illicit Trafficking Database</s>
      </p>
      <p id="168">
        <s id="168:1" lang="en">:: IAEA assistance to member States in the development of an infrastructure, including equipment, for the implementation of nuclear security at major public events, such as sports or political gatherings.</s>
      </p>
      <p id="169">
        <s id="169:1" lang="en">82. Since 1977, when we began efforts to minimize the use of highly enriched uranium through the Reduced Enrichment for Research and Test Reactors programme and subsequently, through the Global Threat Reduction Initiative, the United States has converted or verified the shutdown of 88 civilian research reactors and isotope production facilities, thereby eliminating the use of highly enriched uranium at these facilities.</s>
      </p>
      <p id="170">
        <s id="170:1" lang="en">83. The United States has also assisted 26 countries and Taiwan Province of China with the elimination of all highly enriched uranium on their territories, and removed or confirmed disposition of more than 5 metric tons of vulnerable highly enriched uranium and plutonium, enough for more than 200 nuclear weapons.</s>
      </p>
      <p id="171">
        <s id="171:1" lang="en">84. Working with our partners, the United States downblended 16 metric tons of non-weapons highly enriched uranium and reduced the number of buildings and sites with weapons-useable nuclear materials.</s>
      </p>
      <p id="172">
        <s id="172:1" lang="en">85. Working with our partners, the United States has jointly developed and implemented techniques to secure over 200 buildings containing weapons-usable nuclear materials and secured more than 1,700 buildings containing vulnerable, high-activity radiological sources in more than 100 countries.</s>
      </p>
      <p id="173">
        <s id="173:1" lang="en">86. Working around the world, the United States has recovered nearly 55,000 radiological sources containing millions of curies of activity, enough for hundreds of thousands of dirty bombs.</s>
      </p>
      <p id="174">
        <s id="174:1" lang="en">87. In partnership with IAEA, the United States has worked on a pilot project in Latin America to identify and reduce the number of unwanted, unused radiological sources that could be used by terrorists by returning them to their country of origin.</s>
      </p>
      <p id="175">
        <s id="175:1" lang="en">88. The United States has deployed fixed and mobile radiation detection systems at international border crossings, airports and major seaports, bringing the total number of installed sites around the world to over 500.</s>
      </p>
      <p id="176">
        <s id="176:1" lang="en">89. The United States has cooperated to procure over 300 vehicles and railcars for secure transportation of nuclear material in the United States and developed an automated transportation security system to ensure security of shipments of nuclear material.</s>
      </p>
      <p id="177">
        <s id="177:1" lang="en">90. The United States and our partners have jointly designed, completed or upgraded several training centres to expand nuclear security training capabilities in partner countries.</s>
      </p>
      <p id="178">
        <s id="178:1" lang="en">91. In 2013 the United States hosted an IAEA International Physical Protection Advisory Service mission to the United States Nuclear Regulatory Commission and to the highly enriched uranium reactor at the National Institute of Standards and Technology Center for Neutron Research.</s>
      </p>
      <p id="179">
        <s id="179:1" lang="en">92. The United States has participated in 50 IAEA International Physical Protection Advisory Service missions in other countries since 1996 and helped revise the Service Guidelines to be consistent with current international standards.</s>
      </p>
      <p id="180">
        <s id="180:1" lang="en">93. To ensure that physical protection measures over nuclear materials for which the United States has obligations are comparable to the recommendations in IAEA publication INFCIRC/225, the United States has conducted 183 bilateral assessment visits to 42 countries since 1974.</s>
        <s id="180:2" lang="en">The United States led the latest revision to nuclear security recommendations in INFCIRC/225 and is leading the development of implementing guides that support it.</s>
      </p>
      <p id="181">
        <s id="181:1" lang="en">94. Since 2009, the United States has engaged bilaterally with 14 countries and the European Commission on technical nuclear forensics best practices.</s>
        <s id="181:2" lang="en">Most notably, the United States, Japan and France have made significant contributions to the area of uranium age dating, which is a key nuclear forensics measurement.</s>
        <s id="181:3" lang="en">The United States has also cooperated extensively with IAEA on training and development of implementing guides on nuclear forensics methodologies.</s>
      </p>
      <p id="182">
        <s id="182:1" lang="en">D. Nuclear-weapon-free zones</s>
      </p>
      <p id="183">
        <s id="183:1" lang="en">95. In May 2011, the United States submitted the protocols to the African Nuclear Weapon Free Zone and South Pacific Nuclear- Free Zone treaties to the United States Senate for advice and consent to ratification.</s>
        <s id="183:2" lang="en">The United States completed consultations between the P5 and the States parties to the Central Asia Nuclear-Weapon-Free Zone Treaty to prepare for signature of the Protocol to the Treaty.</s>
        <s id="183:3" lang="en">The United States continues to participate in consultations between the P5 and the Association of Southeast Asian Nations (ASEAN) to prepare for signature of the revised Protocol to the Southeast Asia Nuclear-Weapon-Free Zone Treaty.</s>
      </p>
      <p id="184">
        <s id="184:1" lang="en">96. In accordance with the action plan of the 2010 Review Conference, the United States continues to support engagement of regional States on a conference on the establishment of a Middle East zone free of weapons of mass destruction and their means of delivery so that it can be held as soon as the regional States reach consensus on arrangements.</s>
      </p>
      <p id="185">
        <s id="185:1" lang="en">E. Compliance and other related issues/concerns</s>
      </p>
      <p id="186">
        <s id="186:1" lang="en">97. In support of diplomatic efforts to restore compliance and respond to compliance challenges within the framework of the Non-Proliferation Treaty, IAEA and the Charter of the United Nations:</s>
      </p>
      <p id="187">
        <s id="187:1" lang="en">:: The United States is working with E3/EU+3 partners to address the international community&apos;s concerns regarding the nuclear programme of the Islamic Republic of Iran and to return Iran to full compliance with its obligations under the NonProliferation Treaty and other international nuclear obligations</s>
      </p>
      <p id="188">
        <s id="188:1" lang="en">:: The United States continues to promote implementation of Security Council resolutions related to the Islamic Republic of Iran</s>
      </p>
      <p id="189">
        <s id="189:1" lang="en">:: The United States is supporting the efforts of IAEA to verify the exclusively peaceful nature of Iran&apos;s nuclear programme</s>
      </p>
      <p id="190">
        <s id="190:1" lang="en">:: The United States seeks authentic and credible negotiations to bring the Democratic People&apos;s Republic of Korea into compliance with its international obligations and commitments through irreversible steps to achieve verifiable denuclearization, including abandonment of all its nuclear weapons and existing nuclear programmes, and its return, at an early date, to the safeguards under the Non-Proliferation Treaty and IAEA</s>
      </p>
      <p id="191">
        <s id="191:1" lang="en">:: The United States is leading efforts to enhance the sanctions regime on the Democratic People&apos;s Republic of Korea, mostly recently through the adoption of Security Council resolutions 2087 (2013) and 2094 (2013) and continued concerted efforts to achieve robust domestic and international implementation of national and United Nations sanctions to impede the proliferation activities of the Democratic People&apos;s Republic of Korea and curtail its ability to sustain and advance its nuclear and ballistic missile programmes</s>
      </p>
      <p id="192">
        <s id="192:1" lang="en">:: The United States continues to hold the the Syrian Arab Republic accountable for non-compliance with its IAEA safeguards agreement and calls on Syria to take the necessary steps to meet its non-proliferation obligations and cooperate fully with IAEA requests for access to all relevant locations, materials and persons</s>
      </p>
      <p id="193">
        <s id="193:1" lang="en">F. Other contributions to nuclear weapons non-proliferation</s>
      </p>
      <p id="194">
        <s id="194:1" lang="en">98. The United States continues to support the work of the Committee established pursuant to Security Council esolution 1540 (2004) in the area of nuclear nonproliferation.</s>
        <s id="194:2" lang="en">For example:</s>
      </p>
      <p id="195">
        <s id="195:1" lang="en">:: The United States provided the 1540 Committee with a report on steps taken by the United States to implement the resolution, including measures related to nuclear non-proliferation</s>
      </p>
      <p id="196">
        <s id="196:1" lang="en">:: The United States supported participation of the 1540 Committee in nuclear nonproliferation activities, such as the IAEA Nuclear Security Summit and the Second ASEAN Regional Forum Confidence Building Measures Seminar on implementation of resolution 1540 (2004), which focused on nuclear security issues</s>
      </p>
      <p id="197">
        <s id="197:1" lang="en">:: The United States is leading development of other major programmes to address nuclear security, including the Global Initiative to Combat Nuclear Terrorism, to strengthen capacity to prevent, detect and respond to nuclear terrorism, and the Preventing Nuclear Smuggling Program to enhance legal and regulatory frameworks to counter illicit trafficking of radioactive and nuclear materials</s>
      </p>
      <p id="198">
        <s id="198:1" lang="en">:: The United States is supporting efforts by States parties to the Non-Proliferation Treaty to address the prospect of withdrawal by a State party, including through consultations on recommendations for actions parties could take consistent with the provisions of the Treaty</s>
      </p>
      <p id="199">
        <s id="199:1" lang="en">III. Reporting on national measures relating to the peaceful uses of nuclear energy</s>
      </p>
      <p id="200">
        <s id="200:1" lang="en">A. Promoting peaceful uses</s>
      </p>
      <p id="201">
        <s id="201:1" lang="en">99. The United States is dedicated to international cooperation on the uses of nuclear energy for peaceful purposes, in accordance with article IV of the Non-Proliferation Treaty.</s>
        <s id="201:2" lang="en">The United States meets its commitment in a variety of ways, including through nuclear trade and technical assistance through IAEA and other means.</s>
      </p>
      <p id="202">
        <s id="202:1" lang="en">100. Since 2010, the United States has made over $2.5 billion worth of nuclear equipment, materials and technology available to States involved in nuclear power programmes in accordance with agreements for cooperation establishing the highest levels of non-proliferation, safety and security standards.</s>
      </p>
      <p id="203">
        <s id="203:1" lang="en">101. The United States supports the safe implementation of peaceful nuclear technology abroad through licensing transfers of nuclear material, equipment and assistance.</s>
      </p>
      <p id="204">
        <s id="204:1" lang="en">102. Since 2010, the United States has issued 330 export licences for nuclear material, equipment, technology and transfers of assistance benefiting at least 35 countries and the European Union.</s>
      </p>
      <p id="205">
        <s id="205:1" lang="en">103. To facilitate peaceful nuclear trade and to improve security, the United States has worked to streamline the licensing process for nuclear material, equipment, technology and assistance transfers in order to facilitate peaceful nuclear trade and to improve security.</s>
      </p>
      <p id="206">
        <s id="206:1" lang="en">104. The United States has in place 23 bilateral agreements pursuant to section 123 of the United States Atomic Energy Act of 1954 that provide for cooperation with 48 partner Governments (including the 28 States members of the European Atomic Energy Community, EURATOM), IAEA and the authorities on Taiwan Province of China.</s>
        <s id="206:2" lang="en">We are pursuing bilateral agreements with additional partners.</s>
      </p>
      <p id="207">
        <s id="207:1" lang="en">105. In addition, to supply low-enriched uranium for the continuing operation of research reactors, the United States has, since 2010, entered into IAEA Project and Supply Agreements with Chile, Mexico and Jamaica, and another such agreement has recently been approved by the Board of Governors with Peru.</s>
      </p>
      <p id="208">
        <s id="208:1" lang="en">106. To support the safe and secure use of peaceful nuclear applications, the United States Department of Energy and Nuclear Regulatory Commission have bilateral cooperative arrangements in place with over 40 States.</s>
        <s id="208:2" lang="en">More partnerships are being formed.</s>
      </p>
      <p id="209">
        <s id="209:1" lang="en">107. In 2011, the United States announced the availability of nuclear fuel from the American Assured Fuel Supply, a reserve of approximately 230 tons of low-enriched uranium, which is derived from downblending 17.4 metric tons of excess highly enriched uranium.</s>
        <s id="209:2" lang="en">The fuel is held in reserve to deal with disruptions in nuclear fuel supply.</s>
      </p>
      <p id="210">
        <s id="210:1" lang="en">108. The United States contributed almost $50 million to IAEA to support establishment of a fuel bank of low-enriched uranium to assure member States of a reliable supply of fuel for peaceful nuclear reactors.</s>
      </p>
      <p id="211">
        <s id="211:1" lang="en">109. Through IAEA, the International Framework for Nuclear Energy Cooperation and bilaterally, the United States supports the efforts of countries considering nuclear power to build the national infrastructure needed to pursue the highest standards for safety, security and non-proliferation.</s>
      </p>
      <p id="212">
        <s id="212:1" lang="en">B. Technical assistance through IAEA to its member States</s>
      </p>
      <p id="213">
        <s id="213:1" lang="en">110. Since 2010, the United States has provided approximately $148 million to IAEA to support technical cooperation and promotional programmes.</s>
        <s id="213:2" lang="en">This figure includes:</s>
      </p>
      <p id="214">
        <s id="214:1" lang="en">:: $86 million to support the IAEA Technical Cooperation Fund, or about 25 per cent of the total.</s>
        <s id="214:2" lang="en">Technical cooperation projects are having a positive humanitarian impact in the developing countries of Africa, Latin America, Asia and Eastern Europe in the fields of medicine, agriculture and food security, isotope hydrology, and nuclear energy infrastructure and sustainability</s>
      </p>
      <p id="215">
        <s id="215:1" lang="en">:: $21 million to support IAEA technical cooperation above and beyond projects funded through the Technical Cooperation Fund.</s>
        <s id="215:2" lang="en">This covers, for example, inkind and technical support towards training, technical support, fellowships and cost-free experts</s>
      </p>
      <p id="216">
        <s id="216:1" lang="en">:: $41 million allocated for the IAEA Peaceful Uses Initiative, and the United States is on track to meet our full $50 million commitment by 2015</s>
      </p>
      <p id="217">
        <s id="217:1" lang="en">111. More than 120 IAEA member States have benefited from United States and international support to the Peaceful Uses Initiative, to include:</s>
      </p>
      <p id="218">
        <s id="218:1" lang="en">:: Establishment of the Ocean Acidification International Coordination Centre at the IAEA Environment Laboratories in Monaco to promote global actions against ocean acidification</s>
      </p>
      <p id="219">
        <s id="219:1" lang="en">:: Design of a large-scale water resource management project to respond to sustained drought and widespread starvation and malnutrition in the Sahel region of Africa</s>
      </p>
      <p id="220">
        <s id="220:1" lang="en">:: Development of a sustainable zone free of the tsetse fly in the Niayes region of Senegal to relieve the burden of trypanosomiasis and increase food and agricultural productivity</s>
      </p>
      <p id="221">
        <s id="221:1" lang="en">:: Enhancement of laboratory capacity in Latin America to ensure food safety and reduce the threat that fruit flies pose to agriculture resources</s>
      </p>
      <p id="222">
        <s id="222:1" lang="en">:: Assessment and strengthening of national capabilities to detect and treat cancer in nearly 30 countries</s>
      </p>
      <p id="223">
        <s id="223:1" lang="en">:: Advancement of education and training in nuclear medicine, as well as application of nuclear techniques to improve the treatment of cardiac and cancer patients</s>
      </p>
      <p id="224">
        <s id="224:1" lang="en">:: Study of the possible impact of radioactive releases following the Fukushima Daiichi nuclear power plant accident</s>
      </p>
      <p id="225">
        <s id="225:1" lang="en">112. The United States is contributing funding and technical expertise in the renovation of the IAEA Nuclear Sciences and Applications Laboratories in Seibersdorf, Austria.</s>
      </p>
      <p id="226">
        <s id="226:1" lang="en">113. The United States also participates extensively in IAEA efforts to provide training in nuclear applications, including by sending 1,300 experts to participate in IAEA technical meetings, workshops and conferences in 2013.</s>
      </p>
      <p id="227">
        <s id="227:1" lang="en">C. Nuclear safety and civil nuclear liability</s>
      </p>
      <p id="228">
        <s id="228:1" lang="en">114. Through the Nuclear Regulatory Commission, the United States has concluded arrangements for technical cooperation on nuclear safety matters with 47 countries, EURATOM and Taiwan Province of China.</s>
      </p>
      <p id="229">
        <s id="229:1" lang="en">115. The United States has participated extensively on nuclear safety issues within the IAEA and other international venues.</s>
      </p>
      <p id="230">
        <s id="230:1" lang="en">116. The United States has participated extensively in seeking implementation of the IAEA Action Plan for Nuclear Safety and in the Efficiency and Transparency Working Group of the Convention on Nuclear Safety.</s>
      </p>
      <p id="231">
        <s id="231:1" lang="en">117. The United States has actively promoted the Convention on Supplementary Compensation for Nuclear Damage to be a global nuclear liability regime and urged other countries to join.</s>
      </p>
      <p id="232">
        <s id="232:1" lang="en">118. To promote nuclear safety in over 60 member States and at the regional level across the globe, the United States has made regular extrabudgetary contributions to IAEA for nuclear safety, including for the post-Fukushima Nuclear Safety Action Plan.</s>
        <s id="232:2" lang="en">The United States contributed $4 million in 2013, and since 2010 has contributed $12.2 million.</s>
      </p>
      <p id="233">
        <s id="233:1" lang="en">119. The United States has contributed funding and personnel to the Asian Nuclear Safety Network, which assists countries in the area planning to have domestic civil nuclear power programmes to build infrastructure.</s>
      </p>
      <p id="234">
        <s id="234:1" lang="en">Nuclear non-proliferation and disarmament outreach and education</s>
      </p>
      <p id="235">
        <s id="235:1" lang="en">120. The United States has long supported the role of education and training programmes to maintain a healthy global nuclear non-proliferation regime.</s>
        <s id="235:2" lang="en">Drawing on our cadre of non-proliferation and disarmament experts, we are working to promote public awareness, develop educational tools and expand career opportunities for the next generation of non-proliferation and disarmament experts.</s>
        <s id="235:3" lang="en">The United States Government is:</s>
      </p>
      <p id="236">
        <s id="236:1" lang="en">:: Working with the Association for Diplomatic Studies and Training to record oral histories of senior arms control and non-proliferation officials and leaders in the field for public access through the Library of Congress</s>
      </p>
      <p id="237">
        <s id="237:1" lang="en">:: Engaging with the United Nations Association to bring experts to classrooms to guide simulations of current non-proliferation and disarmament scenarios</s>
      </p>
      <p id="238">
        <s id="238:1" lang="en">:: Supporting the annual Generation Prague Conference, which brings together young professionals and experienced practitioners from around the world to exchange perspectives on issues concerning them and their home countries</s>
      </p>
      <p id="239">
        <s id="239:1" lang="en">:: Making use of virtual and in-house internships and programmes that allow students from high school and upwards to work directly with policy makers and scientists for up to two years and demonstrating the importance of science, technology, engineering and math to the field of non-proliferation and arms control</s>
      </p>
      <p id="240">
        <s id="240:1" lang="en">:: Hosting and attending hundreds of outreach events that demonstrate the commitment of the United States to educate United States citizens and citizens of the world about the threats posed by weapons of mass destruction and the opportunities to promote international peace and security</s>
      </p>
      <p id="241">
        <s id="241:1" lang="en">121. The United States has assisted over 30 international universities in incorporating nuclear security into graduate and undergraduate nuclear engineering curriculums and trained over 4,000 students from more than 120 countries through IAEA physical protection training programmes.</s>
      </p>
      <p id="242">
        <s id="242:1" lang="en">122. Through the Next Generation Safeguards Initiative Human Capital Development programme, the United States has:</s>
      </p>
      <p id="243">
        <s id="243:1" lang="en">:: Developed non-proliferation university curriculums at over a dozen universities</s>
      </p>
      <p id="244">
        <s id="244:1" lang="en">:: Offered National Laboratory internship opportunities for over 300 students from more than 100 national and international universities in the last five years</s>
      </p>
      <p id="245">
        <s id="245:1" lang="en">:: Spearheaded postgraduate professional development opportunities such as participation by United States young professionals in the World Nuclear University Summer Institute and fellowships such as the Nuclear Nonproliferation International Safeguards Graduate Fellowship</s>
      </p>
      <p id="246">
        <s id="246:1" lang="en">:: Published a nuclear safeguards textbook available for free download</s>
      </p>
      <p id="247">
        <s id="247:1" lang="en">:: Developed and sponsored six annual short courses on non-proliferation and arms control topics.</s>
      </p>
    </body>
  </text>
</TEI.2>
