<?xml version="1.0" encoding="utf-8"?>
<TEI.2>
  <teiHeader>
    <fileDesc>
      <titleStmt>
        <title>The United Nations Parallel Corpus v1.0 - NPT/CONF.2015/PC.III/18</title>
      </titleStmt>
      <publicationStmt>
        <publisher>United Nations DGACM</publisher>
        <pubPlace>New York</pubPlace>
        <date>20140501</date>
        <idno type="symbol">NPT/CONF.2015/PC.III/18</idno>
        <idno type="jobno">N1431826</idno>
        <availability>
          <p>The following disclaimer, an integral part of the United Nations Parallel Corpus v1.0, 
             shall be respected in regard to the Corpus v1.0 (no other restrictions apply):</p>

          <p>The United Nations Parallel Corpus is made available without warranty of any kind, 
             explicit or implied. The United Nations specifically makes no warranties or 
             representations as to the accuracy or completeness of the information contained in 
             the United Nations corpus.</p>

          <p>Under no circumstances shall the United Nations be liable for any loss, liability,
             injury or damage incurred or suffered that is claimed to have resulted from the use
             of the United Nations Corpus. The use of the United Nations Corpus is at the user's 
             sole risk. The user specifically acknowledges and agrees that the United Nations is 
             not liable for the conduct of any user. If the user is dissatisfied with any of the 
             material provided in the United Nations Corpus, the users's sole and exclusive remedy 
             is to discontinue using the United Nations Corpus.</p>

          <p>When using the United Nations Corpus, the user must acknowledge the United Nations as the
             source of the information. For references, please use this reference:
             Ziemski, M., Junczys-Dowmunt, M., and Pouliquen, B. (2016) The United Nations
             Parallel Corpus, Language Resources and Evaluation (LREC’16), Portorož, Slovenia, 
             May 2016.</p>

          <p>Nothing herein shall constitute or be considered to be a limitation upon or waiver,
             express or implied, of the privileges and immunities of the United Nations, which
             are specifically reserved.</p>
        </availability>
        <distributor>http://conferences.unite.un.org/UNCorpus</distributor>
      </publicationStmt>
      <sourceDesc>
        <p>http://www.un.org/en/official-documents-system-search/index.html</p>
      </sourceDesc>
    </fileDesc>
    <profileDesc>
      <langUsage>
        <language ident="en">English</language>
      </langUsage>
    </profileDesc>
  </teiHeader>
  <text>
    <body>
      <p id="1">
        <s id="1:1" lang="en">Third session</s>
      </p>
      <p id="2">
        <s id="2:1" lang="en">New York, 28 April-9 May 2014</s>
      </p>
      <p id="3">
        <s id="3:1" lang="en">Report by the facilitator to the third session of the Preparatory Committee for the 2015 Review Conference</s>
      </p>
      <p id="4">
        <s id="4:1" lang="en">of the Parties to the Treaty on the Non-Proliferation of Nuclear Weapons</s>
      </p>
      <p id="5">
        <s id="5:1" lang="en">Preparations for the Conference on the establishment of a</s>
      </p>
      <p id="6">
        <s id="6:1" lang="en">Middle East zone free of nuclear weapons and all other</s>
      </p>
      <p id="7">
        <s id="7:1" lang="en">weapons of mass destruction</s>
      </p>
      <p id="8">
        <s id="8:1" lang="en">1. Since his previous report (NPT/CONF.2015/PC.II/10) to the second session of the Preparatory Committee for the 2015 Review Conference of the Parties to the Treaty on the Non-Proliferation of Nuclear Weapons held from 22 April to 3 May 2013, the facilitator has continued, in accordance with his mandate, to consult with the States of the Middle East region in support of the implementation of the 1995 resolution on the Middle East, as well as undertaking preparations for the convening of the Conference on the establishment of a Middle East zone free of nuclear weapons and all other weapons of mass destruction.</s>
      </p>
      <p id="9">
        <s id="9:1" lang="en">2. Consultations and other meetings have been actively pursued with States in the region and internationally.</s>
        <s id="9:2" lang="en">The facilitator believes that these numerous consultations and other events have contributed to better awareness and understanding of the importance of the Conference process, its possibilities and its implications for peace and stability in the Middle East region and beyond.</s>
      </p>
      <p id="10">
        <s id="10:1" lang="en">3. Between October 2013 and February 2014, the facilitator, together with the conveners of the Conference and with the participation of States of the region, held three informal meetings in Glion, Switzerland, in order to facilitate agreement among the States of the region on the arrangements for the Conference, which is to be held in Helsinki.</s>
        <s id="10:2" lang="en">The meetings provided an opportunity for an exchange of views on the Conference and preparations for it, including discussions on the agenda, modalities and rules of procedure.</s>
        <s id="10:3" lang="en">Participants contributed actively to the dialogue and presented proposals.</s>
        <s id="10:4" lang="en">The conveners and the facilitator were impressed by the participants&apos; readiness to engage, their desire to make progress and their open and constructive approach.</s>
      </p>
      <p id="11">
        <s id="11:1" lang="en">4. At the same time, divergent views persist regarding important aspects of the Conference.</s>
        <s id="11:2" lang="en">More work is therefore needed, and all parties are strongly encouraged to engage in the process with a continued constructive attitude and readiness to find the necessary compromises.</s>
      </p>
      <p id="12">
        <s id="12:1" lang="en">5. Since the facilitator&apos;s previous report, a number of civil society actors, academic institutions and think tanks have continued to organize events and other important activities in support of the convening of the Conference and the fostering of regional dialogue.</s>
        <s id="12:2" lang="en">These activities have contributed positively to the Conference preparations.</s>
        <s id="12:3" lang="en">The requested background documentation regarding modalities for a zone free of nuclear weapons and other weapons of mass destruction and their delivery systems, provided by the International Atomic Energy Agency, the Organization for the Prohibition of Chemical Weapons, the Biological Weapons Convention Implementation Support Unit and the Preparatory Commission for the Comprehensive Nuclear-Test-Ban Treaty Organization, taking into account work previously undertaken and experience gained, remains available for the Conference.</s>
      </p>
      <p id="13">
        <s id="13:1" lang="en">Convening of the Conference</s>
      </p>
      <p id="14">
        <s id="14:1" lang="en">6. The conveners remain committed to the goal of achieving a Middle East zone free of weapons of mass destruction and reaffirm their commitment to convening the Conference with the participation of all States of the region.</s>
        <s id="14:2" lang="en">The conveners aim to convene the Conference without delay once arrangements for the Conference have been freely arrived at by the States of the region and hope that such a consensus can be reached in 2014.</s>
        <s id="14:3" lang="en">Finland, as the host Government, remains prepared to host the Conference at short notice.</s>
      </p>
      <p id="15">
        <s id="15:1" lang="en">Next steps</s>
      </p>
      <p id="16">
        <s id="16:1" lang="en">7. Consultations with the States of the region will continue.</s>
        <s id="16:2" lang="en">The facilitator and the conveners will host further informal meetings in order to focus on the preparations for the Conference, including its agenda, modalities, rules of procedure and timing.</s>
        <s id="16:3" lang="en">To build on the progress made, active input and contributions by all States of the region are needed in order to arrive at an early agreement on the arrangements for the Conference.</s>
      </p>
      <p id="17">
        <s id="17:1" lang="en">8. The facilitator and the conveners will continue to encourage all States of the region to remain positively engaged and to take full advantage of the progress made so far.</s>
        <s id="17:2" lang="en">All parties concerned are encouraged to use the potential of the process to contribute to the security and stability of the Middle East region and to enable partners to initiate gradual change in the region, from confrontation to cooperation, with important implications for wider interests of regional and international peace.</s>
      </p>
    </body>
  </text>
</TEI.2>
