<?xml version="1.0" encoding="utf-8"?>
<TEI.2>
  <teiHeader>
    <fileDesc>
      <titleStmt>
        <title>The United Nations Parallel Corpus v1.0 - NPT/CONF.2015/PC.III/19</title>
      </titleStmt>
      <publicationStmt>
        <publisher>United Nations DGACM</publisher>
        <pubPlace>New York</pubPlace>
        <date>20140501</date>
        <idno type="symbol">NPT/CONF.2015/PC.III/19</idno>
        <idno type="jobno">N1431920</idno>
        <availability>
          <p>The following disclaimer, an integral part of the United Nations Parallel Corpus v1.0, 
             shall be respected in regard to the Corpus v1.0 (no other restrictions apply):</p>

          <p>The United Nations Parallel Corpus is made available without warranty of any kind, 
             explicit or implied. The United Nations specifically makes no warranties or 
             representations as to the accuracy or completeness of the information contained in 
             the United Nations corpus.</p>

          <p>Under no circumstances shall the United Nations be liable for any loss, liability,
             injury or damage incurred or suffered that is claimed to have resulted from the use
             of the United Nations Corpus. The use of the United Nations Corpus is at the user's 
             sole risk. The user specifically acknowledges and agrees that the United Nations is 
             not liable for the conduct of any user. If the user is dissatisfied with any of the 
             material provided in the United Nations Corpus, the users's sole and exclusive remedy 
             is to discontinue using the United Nations Corpus.</p>

          <p>When using the United Nations Corpus, the user must acknowledge the United Nations as the
             source of the information. For references, please use this reference:
             Ziemski, M., Junczys-Dowmunt, M., and Pouliquen, B. (2016) The United Nations
             Parallel Corpus, Language Resources and Evaluation (LREC’16), Portorož, Slovenia, 
             May 2016.</p>

          <p>Nothing herein shall constitute or be considered to be a limitation upon or waiver,
             express or implied, of the privileges and immunities of the United Nations, which
             are specifically reserved.</p>
        </availability>
        <distributor>http://conferences.unite.un.org/UNCorpus</distributor>
      </publicationStmt>
      <sourceDesc>
        <p>http://www.un.org/en/official-documents-system-search/index.html</p>
      </sourceDesc>
    </fileDesc>
    <profileDesc>
      <langUsage>
        <language ident="en">English</language>
      </langUsage>
    </profileDesc>
  </teiHeader>
  <text>
    <body>
      <p id="1">
        <s id="1:1" lang="en">Third session</s>
      </p>
      <p id="2">
        <s id="2:1" lang="en">New York, 28 April-9 May 2014</s>
      </p>
      <p id="3">
        <s id="3:1" lang="en">Implementation of the 2010 Review Conference conclusions and recommendations for follow-on actions</s>
      </p>
      <p id="4">
        <s id="4:1" lang="en">Summary update to the reports submitted by Austria</s>
      </p>
      <p id="5">
        <s id="5:1" lang="en">1. In follow-up to Austria&apos;s reports to the Review Conferences of the Treaty on the Non-Proliferation of Nuclear Weapons, Austrian specialized working papers and general oral reports presented during meetings of the Preparatory Committee, as well as with reference to relevant working papers of the European Union and the Vienna Group of Ten, Austria submits the following update to the report it submitted to the second session of the Preparatory Committee in 2013 (NPT/CONF.2015/PC.II/1) on national activities pursuant to action 20 of the action plan adopted by the 2010 Review Conference.</s>
      </p>
      <p id="6">
        <s id="6:1" lang="en">2. In line with its firm commitment to the principles and objectives of nuclear disarmament agreed to in 2010, Austria continued to underscore the importance of the recognition contained in the Final Document of the 2010 Review Conference of the catastrophic humanitarian consequences of any use of nuclear weapons and the need to comply at all times with international law and international humanitarian law by working with interested States on joint statements on the humanitarian dimension of nuclear disarmament.</s>
        <s id="6:2" lang="en">Pursuing policies fully compatible with the Treaty on the Non-Proliferation of Nuclear Weapons and the objective of achieving a world without nuclear weapons, Austria also participated in the second Conference on the Humanitarian Impact of Nuclear Weapons, which was held in Nayarit, Mexico, on 13 and 14 February 2014.</s>
        <s id="6:3" lang="en">The Austrian delegation comprised diplomats and the Secretary-General of the Austrian Red Cross, Werner Kerschbaum, which bears testimony to the close cooperation between the Government and civil society.</s>
        <s id="6:4" lang="en">At the conference, the prior announcement by the Austrian Minister for Foreign Affairs, Sebastian Kurz, of the country&apos;s offer to host the third conference in Vienna in 2014 was greeted with general support.</s>
        <s id="6:5" lang="en">Austria&apos;s sustained engagement on disarmament issues is a reflection of the broad political support this question has been enjoying domestically for many years, and the question has once again been included in the newly elected Government&apos;s work programme for 2013-2018.</s>
      </p>
      <p id="7">
        <s id="7:1" lang="en">3. With regard to multilateral processes for nuclear disarmament, Austria has continued its support for facilitating substantive work in the Conference on Disarmament.</s>
        <s id="7:2" lang="en">Furthermore, the initiative by Austria, Mexico and Norway on resolution 67/56, on taking forward multilateral nuclear disarmament negotiations, resulted in the conduct of substantive and constructive discussions in Geneva in 2013, including with civil society, within the open-ended working group to develop proposals to take forward multilateral nuclear disarmament negotiations for the achievement and maintenance of a world without nuclear weapons, which was established in 2012.</s>
        <s id="7:3" lang="en">The consensus report containing proposals for the achievement and maintenance of a world without nuclear weapons was transmitted to the General Assembly, the Conference on Disarmament and the United Nations Disarmament Commission.</s>
        <s id="7:4" lang="en">The General Assembly adopted resolution 68/46 and will review progress made in the implementation of the resolution at its sixty-ninth session.</s>
        <s id="7:5" lang="en">Another important manifestation of the shared wish to facilitate progress was the convening on 26 September 2013 of the high-level meeting of the General Assembly on nuclear disarmament, at which the Federal President of Austria, Heinz Fischer, addressed the opening session and expressed strong political support to these international endeavours.</s>
      </p>
      <p id="8">
        <s id="8:1" lang="en">4. In connection with these intergovernmental activities, Austria continued to support the involvement of civil society organizations and initiatives.</s>
        <s id="8:2" lang="en">In particular, the beneficial role of the broad spectrum of civil society was brought to bear at the open-ended working group in Geneva as well as in connection with the review process of the Treaty on the Non-Proliferation of Nuclear Weapons and humanitarian conferences.</s>
        <s id="8:3" lang="en">Interaction with and support for civil society organizations and parliamentarians is important in view of the need to ensure public understanding and support for nuclear disarmament and the achievement and maintenance of a world without nuclear weapons.</s>
        <s id="8:4" lang="en">Austria continued its support for the Vienna Center for Disarmament and Non-Proliferation as an important think tank and platform for high-level discussion, research and dialogue on nuclearrelated issues.</s>
        <s id="8:5" lang="en">The Center also acts as a catalyst for disarmament and nonproliferation education in a broader sense and with a global impact.</s>
        <s id="8:6" lang="en">With the support of Austria, Norway and the United Kingdom of Great Britain and Northern Ireland, the Vienna Center and the Organization for the Prohibition of Chemical Weapons co-organized an international workshop on disarmament and nonproliferation education and capacity development in Vienna in November 2013.</s>
        <s id="8:7" lang="en">The workshop identified steps to improve and increase contacts and communication among organizations, increase project cooperation and raise the profile of disarmament and non-proliferation education.</s>
      </p>
      <p id="9">
        <s id="9:1" lang="en">5. Continued support was extended to the United Nations Office for Disarmament Affairs, in particular with regard to work to be done by its Vienna office.</s>
        <s id="9:2" lang="en">Austria also promoted nuclear disarmament and non-proliferation efforts through continued high-level and expert-level involvement in the activities of the Comprehensive Nuclear-Test-Ban Treaty Organization and the International Atomic Energy Agency (IAEA).</s>
        <s id="9:3" lang="en">In July 2013, the Vice-Chancellor and Minister for Foreign Affairs of Austria, Michael Spindelegger, addressed the IAEA conference on the theme &quot;International conference on nuclear security: enhancing global efforts&quot; and supported its ministerial declaration.</s>
        <s id="9:4" lang="en">Later, the Secretary-General for Foreign Affairs, Johannes Kyrle, joined the newly formed Group of Eminent Persons of the Comprehensive Nuclear-Test-Ban Treaty Organization in order to assist with outreach efforts for the entry into force of the Treaty.</s>
        <s id="9:5" lang="en">Austria continued its steadfast support for the Hague Code of Conduct, which is being given growing recognition and importance as the only multilateral confidence and transparency mechanism in the field of the non-proliferation of ballistic missiles.</s>
      </p>
      <p id="10">
        <s id="10:1" lang="en">6. Austria supports the establishment of nuclear-weapon-free zones pending, and as a contribution to, the global elimination of nuclear weapons.</s>
        <s id="10:2" lang="en">In this spirit, Austria has provided expertise to regional efforts in the Middle East.</s>
        <s id="10:3" lang="en">Most recently, Austria sponsored a training workshop in Amman hosted by the Arab Institute for Security Studies and organized by Atomic Reporters for journalists from the region on the nuclear aspects of the efforts to establish a Middle East zone free of nuclear weapons and all other weapons of mass destruction.</s>
      </p>
      <p id="11">
        <s id="11:1" lang="en">7. Promoting nuclear non-proliferation implies the continued involvement of Austria in the development of IAEA safeguards and compliance with its own safeguards obligations.</s>
        <s id="11:2" lang="en">It also entails the continued application of export controls and support for the activities of the Zangger Committee and the Nuclear Suppliers Group.</s>
        <s id="11:3" lang="en">Being involved in the global implementation of Security Council resolution 1540 (2004) as well as in thematic non-proliferation initiatives also forms part of Austria&apos;s engagement in this area.</s>
      </p>
      <p id="12">
        <s id="12:1" lang="en">8. At the same time, Austria remains one of the reliable supporters of the IAEA Technical Cooperation Fund and provides expertise for a variety of meetings in the fields of nuclear safety, security and, more generally, the peaceful applications of nuclear energy.</s>
      </p>
    </body>
  </text>
</TEI.2>
