<?xml version="1.0" encoding="utf-8"?>
<TEI.2>
  <teiHeader>
    <fileDesc>
      <titleStmt>
        <title>The United Nations Parallel Corpus v1.0 - NPT/CONF.2015/PC.III/2</title>
      </titleStmt>
      <publicationStmt>
        <publisher>United Nations DGACM</publisher>
        <pubPlace>New York</pubPlace>
        <date>20140317</date>
        <idno type="symbol">NPT/CONF.2015/PC.III/2</idno>
        <idno type="jobno">N1426773</idno>
        <availability>
          <p>The following disclaimer, an integral part of the United Nations Parallel Corpus v1.0, 
             shall be respected in regard to the Corpus v1.0 (no other restrictions apply):</p>

          <p>The United Nations Parallel Corpus is made available without warranty of any kind, 
             explicit or implied. The United Nations specifically makes no warranties or 
             representations as to the accuracy or completeness of the information contained in 
             the United Nations corpus.</p>

          <p>Under no circumstances shall the United Nations be liable for any loss, liability,
             injury or damage incurred or suffered that is claimed to have resulted from the use
             of the United Nations Corpus. The use of the United Nations Corpus is at the user's 
             sole risk. The user specifically acknowledges and agrees that the United Nations is 
             not liable for the conduct of any user. If the user is dissatisfied with any of the 
             material provided in the United Nations Corpus, the users's sole and exclusive remedy 
             is to discontinue using the United Nations Corpus.</p>

          <p>When using the United Nations Corpus, the user must acknowledge the United Nations as the
             source of the information. For references, please use this reference:
             Ziemski, M., Junczys-Dowmunt, M., and Pouliquen, B. (2016) The United Nations
             Parallel Corpus, Language Resources and Evaluation (LREC’16), Portorož, Slovenia, 
             May 2016.</p>

          <p>Nothing herein shall constitute or be considered to be a limitation upon or waiver,
             express or implied, of the privileges and immunities of the United Nations, which
             are specifically reserved.</p>
        </availability>
        <distributor>http://conferences.unite.un.org/UNCorpus</distributor>
      </publicationStmt>
      <sourceDesc>
        <p>http://www.un.org/en/official-documents-system-search/index.html</p>
      </sourceDesc>
    </fileDesc>
    <profileDesc>
      <langUsage>
        <language ident="en">English</language>
      </langUsage>
    </profileDesc>
  </teiHeader>
  <text>
    <body>
      <p id="1">
        <s id="1:1" lang="en">Third session</s>
      </p>
      <p id="2">
        <s id="2:1" lang="en">New York, 28 April-9 May 2014</s>
      </p>
      <p id="3">
        <s id="3:1" lang="en">Implementation of the action plan of the 2010 Review Conference of the Parties to the Treaty on the</s>
      </p>
      <p id="4">
        <s id="4:1" lang="en">Non-Proliferation of Nuclear Weapons and previous</s>
      </p>
      <p id="5">
        <s id="5:1" lang="en">Review Conference outcomes</s>
      </p>
      <p id="6">
        <s id="6:1" lang="en">Report submitted by Germany</s>
      </p>
      <p id="7">
        <s id="7:1" lang="en">Introduction</s>
      </p>
      <p id="8">
        <s id="8:1" lang="en">1. Germany considers the Treaty on the Non-Proliferation of Nuclear Weapons to be the cornerstone of the international disarmament and non-proliferation architecture.</s>
        <s id="8:2" lang="en">Germany is committed to the universal validity of the Treaty.</s>
      </p>
      <p id="9">
        <s id="9:1" lang="en">2. Germany welcomed the adoption of the forward-looking action plan in 2010 as a contribution to strengthening the Treaty in its totality.</s>
        <s id="9:2" lang="en">The action plan draws upon the 13 practical steps agreed on at the 2010 Review Conference of the Parties to the Treaty on the Non-Proliferation of Nuclear Weapons and offers guidance on</s>
      </p>
      <p id="10">
        <s id="10:1" lang="en">their effective implementation.</s>
        <s id="10:2" lang="en">The action plan requires progress on all aspects</s>
      </p>
      <p id="11">
        <s id="11:1" lang="en">of the Treaty, since non-proliferation, disarmament and the peaceful use of</s>
      </p>
      <p id="12">
        <s id="12:1" lang="en">nuclear energy are intrinsically interconnected.</s>
        <s id="12:2" lang="en">Germany is cooperating with its partners, particularly within the European Union and the Non-Proliferation and Disarmament Initiative.</s>
      </p>
      <p id="13">
        <s id="13:1" lang="en">3. With regard to nuclear disarmament, Germany is convinced that further progress is needed to achieve the goal of a nuclear-weapon-free world in line with article VI of the Non-Proliferation Treaty.</s>
        <s id="13:2" lang="en">While Germany is firmly committed to its obligations within the North Atlantic Treaty Organization (NATO) alliance, it is resolved to help create the conditions for a world without nuclear weapons in accordance with the goals of the Non-Proliferation Treaty.</s>
        <s id="13:3" lang="en">Within this context, a new disarmament round between the United States of America and the Russian Federation should begin as soon as possible and should also address substrategic nuclear weapons.</s>
        <s id="13:4" lang="en">Parallel to further quantitative reductions, the role of nuclear weapons in all security doctrines and their operational readiness should be further diminished.</s>
        <s id="13:5" lang="en">In line with the action plan, all nuclear-weapon States should increase transparency with respect to their arsenals.</s>
        <s id="13:6" lang="en">The Comprehensive Nuclear-Test-Ban Treaty must finally enter into force, and negotiations on a treaty prohibiting the production of fissile material should begin in the near future.</s>
        <s id="13:7" lang="en">As the Conference on Disarmament moves into its eighteenth consecutive year of stalemate, Germany is concerned about the Conference&apos;s functionality as the sole permanent multilateral disarmament treaty negotiating body.</s>
        <s id="13:8" lang="en">The Conference&apos;s ability to address the security needs of the international community is in serious doubt.</s>
      </p>
      <p id="14">
        <s id="14:1" lang="en">4. With regard to non-proliferation, Germany is actively involved in finding a diplomatic solution to the current proliferation crises, which could jeopardize the integrity of the Treaty.</s>
        <s id="14:2" lang="en">Germany commends the crucial work of the International Atomic Energy Agency (IAEA), as the custodian of the Treaty, via its safeguards system.</s>
        <s id="14:3" lang="en">Germany is the third-largest contributor to the IAEA budget.</s>
        <s id="14:4" lang="en">Germany also calls upon all States to adopt the IAEA Additional Protocol as the nuclear verification standard.</s>
        <s id="14:5" lang="en">With respect to its export policy, Germany is applying a &quot;catch-all&quot; approach requiring the control of non-listed but potentially sensitive items.</s>
        <s id="14:6" lang="en">Germany is also promoting the implementation of Security Council resolution 1540 (2004) via the Wiesbaden process, which is facilitating dialogue with industry.</s>
      </p>
      <p id="15">
        <s id="15:1" lang="en">5. As far as the peaceful use of nuclear energy is concerned, Germany is contributing to technical cooperation through its substantial support of the IAEA work in this field.</s>
        <s id="15:2" lang="en">Germany is active in the area of nuclear security and has joined all pertinent instruments designed to help prevent nuclear terrorism and reduce nuclear risks.</s>
      </p>
      <p id="16">
        <s id="16:1" lang="en">6. For good reason, reporting requirements are an important part of the action plan.</s>
        <s id="16:2" lang="en">They help increase transparency and build trust among partners.</s>
        <s id="16:3" lang="en">In this context, Germany submits its own reports in connection with action 20 of the 2010 action plan.</s>
      </p>
      <p id="17">
        <s id="17:1" lang="en">Article-by-article review, including the 13 practical steps</s>
      </p>
      <p id="18">
        <s id="18:1" lang="en">I. Nuclear disarmament</s>
      </p>
      <p id="19">
        <s id="19:1" lang="en">Action 1</s>
      </p>
      <p id="20">
        <s id="20:1" lang="en">7. Germany considers the Non-Proliferation Treaty to be the cornerstone of the international non-proliferation and disarmament architecture.</s>
        <s id="20:2" lang="en">Germany is committed to complying with the Treaty in the strictest and most comprehensive fashion.</s>
        <s id="20:3" lang="en">This includes fulfilling its obligations under the safeguards agreement with IAEA.</s>
      </p>
      <p id="21">
        <s id="21:1" lang="en">Action 2</s>
      </p>
      <p id="22">
        <s id="22:1" lang="en">8. Germany reiterates its commitment to applying the principles of irreversibility, verifiability and transparency in relation to the implementation of its treaty obligations.</s>
      </p>
      <p id="23">
        <s id="23:1" lang="en">Action 6</s>
      </p>
      <p id="24">
        <s id="24:1" lang="en">9. As a member of the Conference on Disarmament, Germany supports the establishment of a subsidiary body to deal with nuclear disarmament, within the context of an agreed, comprehensive and balanced programme of work.</s>
        <s id="24:2" lang="en">Germany has consistently called for the adoption by the Conference of a programme of work that would provide for the implementation of this action, and it has indeed actively supported all draft programmes of work to this effect that have been submitted to the Conference for adoption in recent years (CD/1864 in 2009, CD/1933/Rev.1 in 2012 and CD/1948 and Corr.1 in 2013).</s>
      </p>
      <p id="25">
        <s id="25:1" lang="en">Action 7</s>
      </p>
      <p id="26">
        <s id="26:1" lang="en">10. As a member of the Conference on Disarmament, Germany supports the discussion of effective international arrangements to assure non-nuclear-weapon States against the use or threat of use of nuclear weapons, within the context of an agreed, comprehensive and balanced programme of work.</s>
        <s id="26:2" lang="en">Germany has consistently called for the adoption by the Conference of a programme of work that would provide for the implementation of this action, and it has indeed actively supported all draft programmes of work to this effect that have been submitted to the Conference in recent years (CD/1864 in 2009, CD/1933/Rev.1 in 2012 and CD/1948 and Corr.1 in 2013).</s>
      </p>
      <p id="27">
        <s id="27:1" lang="en">Action 9</s>
      </p>
      <p id="28">
        <s id="28:1" lang="en">11. Germany considers nuclear-weapon-free zones to be of great value on the way to achieving the ultimate goal of a world free of nuclear weapons.</s>
        <s id="28:2" lang="en">Germany supports the dialogue between members of the Association of Southeast Asian Nations and the nuclear-weapon States on the possible signature by those States of the Protocol to the Treaty on the Southeast Asia Nuclear-Weapon-Free Zone.</s>
        <s id="28:3" lang="en">With respect to the Treaty on a Nuclear-Weapon-Free Zone in Central Asia, Germany urges all States concerned to reach agreement on the remaining differences.</s>
      </p>
      <p id="29">
        <s id="29:1" lang="en">12. Germany continues to support the establishment of a Middle East zone free of nuclear weapons and other weapons of mass destruction, on the basis of arrangements freely arrived at by the States of the region.</s>
      </p>
      <p id="30">
        <s id="30:1" lang="en">Action 10</s>
      </p>
      <p id="31">
        <s id="31:1" lang="en">13. Germany was among the first countries (the nineteenth State) to ratify the Comprehensive Nuclear-Test-Ban Treaty, in 1998.</s>
      </p>
      <p id="32">
        <s id="32:1" lang="en">Actions 11 and 12</s>
      </p>
      <p id="33">
        <s id="33:1" lang="en">14. The Federal Government outlined Germany&apos;s outreach activities regarding</s>
      </p>
      <p id="34">
        <s id="34:1" lang="en">the early entry into force of the Comprehensive Nuclear-Test-Ban Treaty during</s>
      </p>
      <p id="35">
        <s id="35:1" lang="en">the article XIV conferences held in New York on 23 September 2011 and 27 September 2013.</s>
        <s id="35:2" lang="en">Furthermore, Germany has been promoting the Comprehensive Nuclear-Test-Ban Treaty as a new member of the Friends of the Comprehensive Nuclear-Test-Ban Treaty (since May 2013) and is also represented in the newly established Group of Eminent Persons by former Comprehensive Nuclear-Test-Ban Treaty Organization Executive Secretary Wolfgang Hoffmann.</s>
      </p>
      <p id="36">
        <s id="36:1" lang="en">Action 13</s>
      </p>
      <p id="37">
        <s id="37:1" lang="en">15. Germany continues to stress the importance of the early entry into force of the Treaty at all levels and urges its signature and ratification, in particular by the remaining Annex 2 States, in high-level talks, public statements and relevant multilateral forums.</s>
        <s id="37:2" lang="en">As a member of the European Union, Germany has firmly supported the European Union&apos;s statements, positions and voluntary contributions promoting the Comprehensive Nuclear-Test-Ban Treaty Organization and its verification system, as well as the European Union&apos;s outreach activities to this end.</s>
        <s id="37:3" lang="en">As a member of the Non-Proliferation and Disarmament Initiative, Germany actively supports all Initiative statements promoting the early entry into force and universalization of the Comprehensive Nuclear-Test-Ban Treaty.</s>
        <s id="37:4" lang="en">As a member of the Group of Eight (G8), Germany actively supported the G8 démarches urging ratification of the Comprehensive Nuclear-Test-Ban Treaty.</s>
      </p>
      <p id="38">
        <s id="38:1" lang="en">16. Germany regularly co-sponsors the annual General Assembly resolution, which stresses the fundamental importance of the Comprehensive Nuclear-Test-Ban Treaty to nuclear disarmament and non-proliferation and calls for its early entry into force.</s>
      </p>
      <p id="39">
        <s id="39:1" lang="en">Action 14</s>
      </p>
      <p id="40">
        <s id="40:1" lang="en">17. Germany hosts five monitoring stations in the International Monitoring System -- two seismological and two infrasound stations as well as a radionuclide station.</s>
      </p>
      <p id="41">
        <s id="41:1" lang="en">18. Germany also actively assists the Preparatory Commission for the Comprehensive Nuclear-Test-Ban Treaty in building on the verification regime, through close cooperation and by providing experts for developing on-site inspection procedures.</s>
      </p>
      <p id="42">
        <s id="42:1" lang="en">Action 15</s>
      </p>
      <p id="43">
        <s id="43:1" lang="en">19. Germany attaches fundamental importance to the early commencement of negotiations on an effectively verifiable treaty banning the production of fissile material for nuclear weapons or other nuclear explosive devices, commonly referred to as &quot;fissile material cut-off treaty&quot;.</s>
        <s id="43:2" lang="en">Germany considers negotiations on a treaty banning the future production of such material while dealing with existing material in an appropriate way as the next logical step along the path towards a world without nuclear weapons.</s>
      </p>
      <p id="44">
        <s id="44:1" lang="en">20. Germany has long been among the advocates of a treaty on fissile material.</s>
        <s id="44:2" lang="en">The Federal Government has pushed hard for the commencement of fissile material cut-off treaty negotiations and continues to do so.</s>
        <s id="44:3" lang="en">In the Conference on Disarmament, it argues vigorously in favour of the adoption of a programme of work which includes the start of fissile material cut-off treaty negotiations.</s>
        <s id="44:4" lang="en">In 2008, Germany submitted to the 2008 Preparatory Committee for the Review Conference, as a conceptual contribution, a working paper entitled &quot;Creating New Momentum for a Fissile Material Cut-off Treaty&quot;.</s>
        <s id="44:5" lang="en">In November 2009, the Federal Foreign Office hosted an international conference in Berlin entitled &quot;Towards an FMCT: Significance, Political Context and Technical Implications&quot;, in which representatives from 44 States participated.</s>
        <s id="44:6" lang="en">Its aim was to support the work of the Conference on Disarmament by inviting senior experts and diplomats to discuss key aspects of a future fissile material cut-off treaty.</s>
      </p>
      <p id="45">
        <s id="45:1" lang="en">21. Pursuant to General Assembly resolution 66/44, adopted by the Assembly at its sixty-sixth session, Germany, together with the Netherlands, organized two scientific expert meetings featuring technical discussions in Geneva in 2012, in which representatives of 45 States participated, to help prepare the ground for fissile material cut-off treaty negotiations under the auspices of the Conference on Disarmament (see reports contained in documents CD/1935 of 26 June 2012 and CD/1943 of 13 September 2012).</s>
      </p>
      <p id="46">
        <s id="46:1" lang="en">22. Germany&apos;s Minister for Foreign Affairs addressed the high-level meeting on revitalizing the work of the Conference on Disarmament and taking forward multilateral disarmament negotiations, held in New York on 24 September 2010, and underlined Germany&apos;s great concern about the continuing failure of the Conference to resume substantive work.</s>
      </p>
      <p id="47">
        <s id="47:1" lang="en">23. Germany has consistently called for the adoption by the Conference of a programme of work that would allow fissile material cut-off treaty negotiations to commence, and has indeed actively supported all draft programmes of work to this effect that have been submitted to the Conference for adoption in recent years (CD/1864, CD/1933/Rev.1 and CD/1948 and Corr.1).</s>
      </p>
      <p id="48">
        <s id="48:1" lang="en">24. As a result of Germany&apos;s profile in matters related to the fissile material cut-off treaty, on 24 October 2013 the German Government was invited to participate in the Group of Governmental Experts established pursuant to General Assembly resolution 67/53, entitled &quot;Treaty banning the production of fissile material for nuclear weapons or other nuclear explosive devices&quot; and adopted by the General Assembly at its sixty-seventh session.</s>
      </p>
      <p id="49">
        <s id="49:1" lang="en">Action 18</s>
      </p>
      <p id="50">
        <s id="50:1" lang="en">25. Germany has never had facilities for the production of fissile material for use in nuclear weapons or other nuclear explosive devices.</s>
      </p>
      <p id="51">
        <s id="51:1" lang="en">Action 19</s>
      </p>
      <p id="52">
        <s id="52:1" lang="en">26. Germany is committed to improving cooperation.</s>
        <s id="52:2" lang="en">Germany has supported various events designed to stimulate debate with civil society organizations, such as the Middle Powers Initiative Conference held in Berlin in February 2013.</s>
      </p>
      <p id="53">
        <s id="53:1" lang="en">Action 21</s>
      </p>
      <p id="54">
        <s id="54:1" lang="en">27. Together with the other members of the Non-Proliferation and Disarmament Initiative, Germany has drafted a standard reporting form, which could be used by the nuclear-weapon States.</s>
        <s id="54:2" lang="en">Germany welcomes the dialogue of the nuclear-weapon States on this issue and hopes that it will produce concrete results which can be presented at the third session of the Preparatory Committee, in 2014.</s>
      </p>
      <p id="55">
        <s id="55:1" lang="en">Action 22</s>
      </p>
      <p id="56">
        <s id="56:1" lang="en">28. Germany welcomes the recommendations contained in the report of the Secretary-General regarding the Organization&apos;s study on disarmament and</s>
      </p>
      <p id="57">
        <s id="57:1" lang="en">non-proliferation education.</s>
        <s id="57:2" lang="en">At the federal level, Germany is actively informing the public about disarmament.</s>
        <s id="57:3" lang="en">Germany is also contributing to the United Nations Disarmament Fellowship, Training and Advisory Services Programme.</s>
      </p>
      <p id="58">
        <s id="58:1" lang="en">II. Nuclear non-proliferation</s>
      </p>
      <p id="59">
        <s id="59:1" lang="en">Action 23</s>
      </p>
      <p id="60">
        <s id="60:1" lang="en">29. Germany calls upon all non-Treaty States to join the Treaty as non-nuclear-weapon States and without preconditions.</s>
      </p>
      <p id="61">
        <s id="61:1" lang="en">Action 24</s>
      </p>
      <p id="62">
        <s id="62:1" lang="en">30. Germany has some of the world&apos;s leading nuclear safeguards and security regimes in place.</s>
      </p>
      <p id="63">
        <s id="63:1" lang="en">Action 25</s>
      </p>
      <p id="64">
        <s id="64:1" lang="en">31. Germany calls upon all States that have not yet done so to conclude and implement comprehensive safeguards agreements with IAEA.</s>
      </p>
      <p id="65">
        <s id="65:1" lang="en">Action 28</s>
      </p>
      <p id="66">
        <s id="66:1" lang="en">32. Germany has a strong interest in an effective and efficient global IAEA Safeguards System and has therefore supported all efforts to strengthen this cornerstone of the international non-proliferation regime.</s>
        <s id="66:2" lang="en">The implementation of the Additional Protocol in particular has great potential for introducing a new dimension to cooperation between member States and IAEA.</s>
        <s id="66:3" lang="en">The Additional Protocol entered into force in Germany and the then 15 European Union member States in April 2004.</s>
        <s id="66:4" lang="en">Germany calls upon all States that have not yet done so to sign and bring into force the Additional Protocol.</s>
      </p>
      <p id="67">
        <s id="67:1" lang="en">Action 29</s>
      </p>
      <p id="68">
        <s id="68:1" lang="en">33. The Non-Proliferation and Disarmament Initiative has offered support to all countries interested in implementing the Additional Protocol.</s>
      </p>
      <p id="69">
        <s id="69:1" lang="en">Action 30</s>
      </p>
      <p id="70">
        <s id="70:1" lang="en">34. Germany aligns itself with the recommendations of the working paper on</s>
      </p>
      <p id="71">
        <s id="71:1" lang="en">this subject submitted by the Non-Proliferation Disarmament Initiative in 2013 (NPT/CONF.2015/PC.II/WP.23).</s>
      </p>
      <p id="72">
        <s id="72:1" lang="en">Action 33</s>
      </p>
      <p id="73">
        <s id="73:1" lang="en">35. Germany pays the third-largest annual contribution to the regular budget of IAEA.</s>
        <s id="73:2" lang="en">In addition, Germany has volunteered 7 million euros for the &quot;Enhancing Capabilities of the Safeguards Analytical Services&quot; (ECAS) project to modernize the IAEA Safeguards Analytical Laboratory in Seibersdorf.</s>
      </p>
      <p id="74">
        <s id="74:1" lang="en">36. In connection with the IAEA secretariat&apos;s initiative to expand the Agency&apos;s Network of Analytical Laboratories, the German Government nominated the Forschungszentrum Jülich as a candidate for membership of the Network of Analytical Laboratories in February 2013.</s>
      </p>
      <p id="75">
        <s id="75:1" lang="en">Action 34</s>
      </p>
      <p id="76">
        <s id="76:1" lang="en">37. In 1978, IAEA and the Federal Republic of Germany formally established the Joint Programme on the Technical Development and Further Improvement of IAEA Safeguards, also referred to as the German Support Programme.</s>
      </p>
      <p id="77">
        <s id="77:1" lang="en">38. The overall aim of the German Support Programme is to cooperate with IAEA in developing state-of-the-art methods and techniques, to ensure the implementation of the developed methods and techniques, and to provide training, expert advice and consultancy on safeguards issues.</s>
      </p>
      <p id="78">
        <s id="78:1" lang="en">39. With more than 35 years of experience in safeguards research and development and the appropriate research networks, Germany will continue to support IAEA.</s>
      </p>
      <p id="79">
        <s id="79:1" lang="en">Action 35</s>
      </p>
      <p id="80">
        <s id="80:1" lang="en">40. As an active member of the Nuclear Suppliers Group, Germany organizes its export licensing procedure in accordance with the objectives of the Nuclear Suppliers Group Guidelines.</s>
        <s id="80:2" lang="en">Germany thus strictly complies with the fundamental principles for safeguards and export controls in connection with nuclear transfers for peaceful purposes to any non-nuclear-weapon State and, in the case of controls on retransfers, to any State.</s>
        <s id="80:3" lang="en">Germany exercises a policy of restraint with respect to transfers of sensitive facilities, equipment, technology and material which could potentially be used for nuclear weapons or other nuclear explosive devices.</s>
        <s id="80:4" lang="en">Moreover, Germany pursues a &quot;catch-all approach&quot; with regard to export controls, which also includes the control of non-listed but potentially sensitive items.</s>
      </p>
      <p id="81">
        <s id="81:1" lang="en">Action 36</s>
      </p>
      <p id="82">
        <s id="82:1" lang="en">41. Germany has comprehensive legislation to ensure the effective implementation of the Nuclear Suppliers Group Guidelines, including export licensing regulations, enforcement measures, and penalties for violations.</s>
        <s id="82:2" lang="en">Within the Nuclear Suppliers Group, Germany is also working to further develop and improve the Guidelines and nuclear-weapon-related export controls and supports other States in strengthening their export control mechanisms.</s>
      </p>
      <p id="83">
        <s id="83:1" lang="en">Action 37</s>
      </p>
      <p id="84">
        <s id="84:1" lang="en">42. In accordance with the Nuclear Suppliers Group Guidelines, Germany transfers trigger list items or related technology to a non-nuclear-weapon State only on condition that the receiving State has brought into force an agreement with IAEA requiring the application of safeguards on all source and special fissionable material to its current and future peaceful activities.</s>
      </p>
      <p id="85">
        <s id="85:1" lang="en">Action 41</s>
      </p>
      <p id="86">
        <s id="86:1" lang="en">43. Germany applies the IAEA recommendations on the physical protection of nuclear material and nuclear facilities (INFCIRC/225/Rev.4 (Corrected)) and other relevant international instruments, as well as the IAEA Code of Conduct on the Safety and Security of Radioactive Sources and the Guidance on the Import and Export of Radioactive Sources.</s>
      </p>
      <p id="87">
        <s id="87:1" lang="en">Action 42</s>
      </p>
      <p id="88">
        <s id="88:1" lang="en">44. Germany adheres to the Convention on the Physical Protection of Nuclear Material and ratified the 2005 Amendment to the Convention on 21 October 2010.</s>
        <s id="88:2" lang="en">Germany actively supported international efforts to obtain the quorum for its entry into force.</s>
        <s id="88:3" lang="en">Germany fully respects the Convention and the Amendment to it and acts in accordance with their objectives and purposes.</s>
      </p>
      <p id="89">
        <s id="89:1" lang="en">Action 43</s>
      </p>
      <p id="90">
        <s id="90:1" lang="en">45. See response to action 41.</s>
      </p>
      <p id="91">
        <s id="91:1" lang="en">Action 44</s>
      </p>
      <p id="92">
        <s id="92:1" lang="en">46. Germany has taken part in international information-sharing on the illicit trafficking of nuclear materials through its involvement in the IAEA Incident and Trafficking Database, the IAEA Nuclear Security Information Portal and the Implementation and Assessment Group of the Global Initiative to Combat Nuclear Terrorism.</s>
        <s id="92:2" lang="en">The German Federal Criminal Police Office (BKA) cooperates within the framework of the INTERPOL Chemical, Biological, Radiological, Nuclear and Explosives Terrorism Prevention Programme, the joint INTERPOL/Europol project &quot;Rutherford&quot; and the chemical, biological, radiological and nuclear working group of the European Explosive Ordnance Disposal Network, all of which address illicit trafficking in nuclear or other radioactive materials.</s>
        <s id="92:3" lang="en">Since 2011, the Federal Customs Administration has more than doubled the number of mobile radiation measurement devices.</s>
        <s id="92:4" lang="en">The new highly sensitive radiation gauges enable customs authorities to perform customs controls more efficiently.</s>
        <s id="92:5" lang="en">Furthermore, a special chemical, biological, radiological and nuclear incident-reporting scheme for the police and customs was implemented in July 2012.</s>
      </p>
      <p id="93">
        <s id="93:1" lang="en">47. For Germany, the evaluation of its national nuclear security regulatory framework is an ongoing process involving all relevant authorities.</s>
        <s id="93:2" lang="en">Since 2010, numerous regulations have been amended or rewritten.</s>
        <s id="93:3" lang="en">An evaluated design basis threat for nuclear facilities, a new guideline for intermediate storage and a new regulatory framework for cybersecurity including a national design basis threat, have entered into force.</s>
        <s id="93:4" lang="en">The regulatory framework for nuclear transports, including a national design basis threat, has been drafted and is expected to be implemented in 2014.</s>
      </p>
      <p id="94">
        <s id="94:1" lang="en">48. Germany actively supports the Global Initiative to Combat Nuclear Terrorism and attended Global Initiative plenary meetings in Daejeon, Republic of Korea, in June 2011 and in Mexico City in May 2013.</s>
        <s id="94:2" lang="en">In cooperation with the European Commission, Germany organized a Global Initiative workshop on core capabilities in nuclear forensics at the Institute for Transuranium Elements in Karlsruhe, Germany, in May 2011.</s>
      </p>
      <p id="95">
        <s id="95:1" lang="en">49. Germany has continued to make large-scale contributions to its G8 Global Partnership projects in Russia.</s>
        <s id="95:2" lang="en">Nuclear security has been dramatically improved, specifically by dismantling decommissioned nuclear submarines from Russia&apos;s Northern Fleet and by securing sensitive nuclear installations and materials.</s>
      </p>
      <p id="96">
        <s id="96:1" lang="en">Action 45</s>
      </p>
      <p id="97">
        <s id="97:1" lang="en">50. Germany ratified the International Convention for the Suppression of Acts of Nuclear Terrorism in 2007.</s>
      </p>
      <p id="98">
        <s id="98:1" lang="en">Action 46</s>
      </p>
      <p id="99">
        <s id="99:1" lang="en">51. Germany is actively supporting IAEA activities in this field.</s>
      </p>
      <p id="100">
        <s id="100:1" lang="en">III. Peaceful uses of nuclear energy</s>
      </p>
      <p id="101">
        <s id="101:1" lang="en">Action 53</s>
      </p>
      <p id="102">
        <s id="102:1" lang="en">52. Germany is making a substantial contribution to the IAEA Technical Cooperation Programme and thereby fostering the responsible development of nuclear technology in the areas of human health, food and agriculture, with a focus on nuclear and radiation safety.</s>
      </p>
      <p id="103">
        <s id="103:1" lang="en">Action 59</s>
      </p>
      <p id="104">
        <s id="104:1" lang="en">53. Germany adheres to the Convention on Nuclear Safety, the Joint Convention on the Safety of Spent Fuel Management and on the Safety of Radioactive</s>
      </p>
      <p id="105">
        <s id="105:1" lang="en">Waste Management, the Convention on Early Notification of a Nuclear Accident</s>
      </p>
      <p id="106">
        <s id="106:1" lang="en">and the Convention on Assistance in the Case of a Nuclear Accident or</s>
      </p>
      <p id="107">
        <s id="107:1" lang="en">Radiological Emergency.</s>
      </p>
      <p id="108">
        <s id="108:1" lang="en">Action 63</s>
      </p>
      <p id="109">
        <s id="109:1" lang="en">54. Germany adheres to the Convention on Third Party Liability in the Field of Nuclear Energy (Paris Convention) and the Brussels Convention Supplementary to the Paris Convention.</s>
      </p>
      <p id="110">
        <s id="110:1" lang="en">IV. The Middle East, particularly implementation of the 1995 Resolution on the Middle East</s>
      </p>
      <p id="111">
        <s id="111:1" lang="en">55. Germany supports the establishment of a zone free of nuclear weapons and other weapons of mass destruction in the Middle East.</s>
        <s id="111:2" lang="en">It commends the tireless efforts of the facilitator and calls upon all States concerned to engage in dialogue in a constructive spirit and with a willingness to compromise.</s>
        <s id="111:3" lang="en">It regards the Conference as the starting point for a process which would help to strengthen trust between all players and, at the same time, pave the way for establishing a zone free from weapons of mass destruction.</s>
      </p>
      <p id="112">
        <s id="112:1" lang="en">Other regional issues</s>
      </p>
      <p id="113">
        <s id="113:1" lang="en">56. North Korea&apos;s nuclear and missile programmes continue to give great cause for concern.</s>
        <s id="113:2" lang="en">North Korea has stepped up its missile and nuclear programmes in recent years.</s>
        <s id="113:3" lang="en">On 12 December 2012, North Korea successfully tested a long-range missile, and on 12 February 2013, it conducted a nuclear test.</s>
        <s id="113:4" lang="en">Both events amounted to flagrant violations of the pertinent Security Council resolutions.</s>
        <s id="113:5" lang="en">The Federal Government immediately and resolutely condemned the events.</s>
        <s id="113:6" lang="en">Germany has worked to achieve strongly worded resolutions from the Security Council as well as the further tightening of sanctions, also via the European Union.</s>
        <s id="113:7" lang="en">North Korea must abandon its missile and nuclear programmes as the relevant Security Council resolutions call for, and return to the negotiating table.</s>
        <s id="113:8" lang="en">Germany strongly urges the Democratic People&apos;s Republic of Korea to abandon its nuclear programmes completely, verifiably and irreversibly, to refrain from ballistic missile tests and to fulfil the commitments made during the Six-Party Talks in accordance with the September 2005 Joint Statement.</s>
        <s id="113:9" lang="en">Germany fully implements all relevant nuclear non-proliferation and disarmament obligations, including relevant Security Council resolutions, Council of the European Union decisions and European Union autonomous sanctions.</s>
      </p>
    </body>
  </text>
</TEI.2>
