<?xml version="1.0" encoding="utf-8"?>
<TEI.2>
  <teiHeader>
    <fileDesc>
      <titleStmt>
        <title>The United Nations Parallel Corpus v1.0 - NPT/CONF.2015/PC.III/21</title>
      </titleStmt>
      <publicationStmt>
        <publisher>United Nations DGACM</publisher>
        <pubPlace>New York</pubPlace>
        <date>20140506</date>
        <idno type="symbol">NPT/CONF.2015/PC.III/21</idno>
        <idno type="jobno">N1432352</idno>
        <availability>
          <p>The following disclaimer, an integral part of the United Nations Parallel Corpus v1.0, 
             shall be respected in regard to the Corpus v1.0 (no other restrictions apply):</p>

          <p>The United Nations Parallel Corpus is made available without warranty of any kind, 
             explicit or implied. The United Nations specifically makes no warranties or 
             representations as to the accuracy or completeness of the information contained in 
             the United Nations corpus.</p>

          <p>Under no circumstances shall the United Nations be liable for any loss, liability,
             injury or damage incurred or suffered that is claimed to have resulted from the use
             of the United Nations Corpus. The use of the United Nations Corpus is at the user's 
             sole risk. The user specifically acknowledges and agrees that the United Nations is 
             not liable for the conduct of any user. If the user is dissatisfied with any of the 
             material provided in the United Nations Corpus, the users's sole and exclusive remedy 
             is to discontinue using the United Nations Corpus.</p>

          <p>When using the United Nations Corpus, the user must acknowledge the United Nations as the
             source of the information. For references, please use this reference:
             Ziemski, M., Junczys-Dowmunt, M., and Pouliquen, B. (2016) The United Nations
             Parallel Corpus, Language Resources and Evaluation (LREC’16), Portorož, Slovenia, 
             May 2016.</p>

          <p>Nothing herein shall constitute or be considered to be a limitation upon or waiver,
             express or implied, of the privileges and immunities of the United Nations, which
             are specifically reserved.</p>
        </availability>
        <distributor>http://conferences.unite.un.org/UNCorpus</distributor>
      </publicationStmt>
      <sourceDesc>
        <p>http://www.un.org/en/official-documents-system-search/index.html</p>
      </sourceDesc>
    </fileDesc>
    <profileDesc>
      <langUsage>
        <language ident="en">English</language>
      </langUsage>
    </profileDesc>
  </teiHeader>
  <text>
    <body>
      <p id="1">
        <s id="1:1" lang="en">Third session</s>
      </p>
      <p id="2">
        <s id="2:1" lang="en">New York, 28 April - 9 May 2014</s>
      </p>
      <p id="3">
        <s id="3:1" lang="en">Financial report</s>
      </p>
      <p id="4">
        <s id="4:1" lang="en">I. Introduction</s>
      </p>
      <p id="5">
        <s id="5:1" lang="en">1. The present financial report is submitted pursuant to the request by parties to the Treaty on the Non-Proliferation of Nuclear Weapons.</s>
      </p>
      <p id="6">
        <s id="6:1" lang="en">2. In order to promote greater financial transparency and accountability and taking into account the practice of multilateral and other organizations, the Preparatory Committee for the 2010 Review Conference of the Parties to the Treaty on the Non-Proliferation of Nuclear Weapons, at the 12th plenary meeting, on 6 May 2008, of its second session, adopted a decision in which it requested the Secretary-General of the United Nations to provide a financial report to the Review Conference and each session of its Preparatory Committee, to be circulated as an official document.</s>
      </p>
      <p id="7">
        <s id="7:1" lang="en">3. Recalling that costs associated with the preparation and holding of the Review Conference of the Parties to the Treaty and the sessions of its Preparatory Committee will be borne by the States parties to the Treaty and that there will be no financial implications for the regular budget of the United Nations, the Committee agreed, at the same meeting, that assessed and outstanding dues must be paid in proper time.</s>
      </p>
      <p id="8">
        <s id="8:1" lang="en">II. Observations</s>
      </p>
      <p id="9">
        <s id="9:1" lang="en">4. While most States parties are meeting their financial obligations, in some cases, outstanding amounts still remain to be paid.</s>
      </p>
      <p id="10">
        <s id="10:1" lang="en">III. Financial status table</s>
      </p>
      <p id="11">
        <s id="11:1" lang="en">5. The following table provides information, which is current up to 6 May 2014, on the amounts owed by the States parties for each Review Conference cycle since 2000.</s>
        <s id="11:2" lang="en">The total of assessed amounts owed (in United States dollars) is as follows:</s>
      </p>
      <p id="12">
        <s id="12:1" lang="en">Amounts outstanding from States parties, by Review Conference cycle</s>
      </p>
      <p id="13">
        <s id="13:1" lang="en">(United States dollars)</s>
      </p>
      <p id="14">
        <s id="14:1" lang="en">Review Conference cycle</s>
      </p>
      <p id="15">
        <s id="15:1" lang="en">State party</s>
      </p>
      <p id="16">
        <s id="16:1" lang="en">2015-III</s>
      </p>
      <p id="17">
        <s id="17:1" lang="en">2015-II</s>
      </p>
      <p id="18">
        <s id="18:1" lang="en">2015-I</s>
      </p>
      <p id="19">
        <s id="19:1" lang="en">Total</s>
      </p>
      <p id="20">
        <s id="20:1" lang="en">Afghanistan</s>
      </p>
      <p id="21">
        <s id="21:1" lang="en">Albania</s>
      </p>
      <p id="22">
        <s id="22:1" lang="en">Algeria</s>
      </p>
      <p id="23">
        <s id="23:1" lang="en">Andorra</s>
      </p>
      <p id="24">
        <s id="24:1" lang="en">Angola</s>
      </p>
      <p id="25">
        <s id="25:1" lang="en">Antigua and Barbuda</s>
      </p>
      <p id="26">
        <s id="26:1" lang="en">Argentina</s>
      </p>
      <p id="27">
        <s id="27:1" lang="en">Armenia</s>
      </p>
      <p id="28">
        <s id="28:1" lang="en">Australia</s>
      </p>
      <p id="29">
        <s id="29:1" lang="en">Austria</s>
      </p>
      <p id="30">
        <s id="30:1" lang="en">Azerbaijan</s>
      </p>
      <p id="31">
        <s id="31:1" lang="en">Bahamas</s>
      </p>
      <p id="32">
        <s id="32:1" lang="en">Bahrain</s>
      </p>
      <p id="33">
        <s id="33:1" lang="en">Bangladesh</s>
      </p>
      <p id="34">
        <s id="34:1" lang="en">Barbados</s>
      </p>
      <p id="35">
        <s id="35:1" lang="en">Belarus</s>
      </p>
      <p id="36">
        <s id="36:1" lang="en">Belgium</s>
      </p>
      <p id="37">
        <s id="37:1" lang="en">Belize</s>
      </p>
      <p id="38">
        <s id="38:1" lang="en">Benin</s>
      </p>
      <p id="39">
        <s id="39:1" lang="en">Bhutan</s>
      </p>
      <p id="40">
        <s id="40:1" lang="en">Bolivia (Plurinational State of)</s>
      </p>
      <p id="41">
        <s id="41:1" lang="en">Bosnia and Herzegovina</s>
      </p>
      <p id="42">
        <s id="42:1" lang="en">Botswana</s>
      </p>
      <p id="43">
        <s id="43:1" lang="en">Brazil</s>
      </p>
      <p id="44">
        <s id="44:1" lang="en">Brunei Darussalam</s>
      </p>
      <p id="45">
        <s id="45:1" lang="en">Bulgaria</s>
      </p>
      <p id="46">
        <s id="46:1" lang="en">Burkina Faso</s>
      </p>
      <p id="47">
        <s id="47:1" lang="en">Burundi</s>
      </p>
      <p id="48">
        <s id="48:1" lang="en">Cabo Verde</s>
      </p>
      <p id="49">
        <s id="49:1" lang="en">Cambodia</s>
      </p>
      <p id="50">
        <s id="50:1" lang="en">Cameroon</s>
      </p>
      <p id="51">
        <s id="51:1" lang="en">Canada</s>
      </p>
      <p id="52">
        <s id="52:1" lang="en">Central African Republic</s>
      </p>
      <p id="53">
        <s id="53:1" lang="en">Chad</s>
      </p>
      <p id="54">
        <s id="54:1" lang="en">Chile</s>
      </p>
      <p id="55">
        <s id="55:1" lang="en">China</s>
      </p>
      <p id="56">
        <s id="56:1" lang="en">Colombia</s>
      </p>
      <p id="57">
        <s id="57:1" lang="en">Comoros</s>
      </p>
      <p id="58">
        <s id="58:1" lang="en">Congo</s>
      </p>
      <p id="59">
        <s id="59:1" lang="en">Costa Rica</s>
      </p>
      <p id="60">
        <s id="60:1" lang="en">Côte d&apos;Ivoire</s>
      </p>
      <p id="61">
        <s id="61:1" lang="en">Croatia</s>
      </p>
      <p id="62">
        <s id="62:1" lang="en">Cuba</s>
      </p>
      <p id="63">
        <s id="63:1" lang="en">Cyprus</s>
      </p>
      <p id="64">
        <s id="64:1" lang="en">Czech Republic</s>
      </p>
      <p id="65">
        <s id="65:1" lang="en">Democratic People&apos;s Republic of Koreaa</s>
      </p>
      <p id="66">
        <s id="66:1" lang="en">Democratic Republic of the Congo</s>
      </p>
      <p id="67">
        <s id="67:1" lang="en">Denmark</s>
      </p>
      <p id="68">
        <s id="68:1" lang="en">Djibouti</s>
      </p>
      <p id="69">
        <s id="69:1" lang="en">Dominica</s>
      </p>
      <p id="70">
        <s id="70:1" lang="en">Dominican Republic</s>
      </p>
      <p id="71">
        <s id="71:1" lang="en">Ecuador</s>
      </p>
      <p id="72">
        <s id="72:1" lang="en">Egypt</s>
      </p>
      <p id="73">
        <s id="73:1" lang="en">El Salvador</s>
      </p>
      <p id="74">
        <s id="74:1" lang="en">Equatorial Guinea</s>
      </p>
      <p id="75">
        <s id="75:1" lang="en">Eritrea</s>
      </p>
      <p id="76">
        <s id="76:1" lang="en">Estonia</s>
      </p>
      <p id="77">
        <s id="77:1" lang="en">Ethiopia</s>
      </p>
      <p id="78">
        <s id="78:1" lang="en">Fiji</s>
      </p>
      <p id="79">
        <s id="79:1" lang="en">Finland</s>
      </p>
      <p id="80">
        <s id="80:1" lang="en">France</s>
      </p>
      <p id="81">
        <s id="81:1" lang="en">Gabon</s>
      </p>
      <p id="82">
        <s id="82:1" lang="en">Gambia</s>
      </p>
      <p id="83">
        <s id="83:1" lang="en">Georgia</s>
      </p>
      <p id="84">
        <s id="84:1" lang="en">Germany</s>
      </p>
      <p id="85">
        <s id="85:1" lang="en">Ghana</s>
      </p>
      <p id="86">
        <s id="86:1" lang="en">Greece</s>
      </p>
      <p id="87">
        <s id="87:1" lang="en">Grenada</s>
      </p>
      <p id="88">
        <s id="88:1" lang="en">Guatemala</s>
      </p>
      <p id="89">
        <s id="89:1" lang="en">Guinea</s>
      </p>
      <p id="90">
        <s id="90:1" lang="en">Guinea-Bissau</s>
      </p>
      <p id="91">
        <s id="91:1" lang="en">Guyana</s>
      </p>
      <p id="92">
        <s id="92:1" lang="en">Haiti</s>
      </p>
      <p id="93">
        <s id="93:1" lang="en">Holy See</s>
      </p>
      <p id="94">
        <s id="94:1" lang="en">Honduras</s>
      </p>
      <p id="95">
        <s id="95:1" lang="en">Hungary</s>
      </p>
      <p id="96">
        <s id="96:1" lang="en">Iceland</s>
      </p>
      <p id="97">
        <s id="97:1" lang="en">Indonesia</s>
      </p>
      <p id="98">
        <s id="98:1" lang="en">Iran (Islamic Republic of)</s>
      </p>
      <p id="99">
        <s id="99:1" lang="en">Iraq</s>
      </p>
      <p id="100">
        <s id="100:1" lang="en">Ireland</s>
      </p>
      <p id="101">
        <s id="101:1" lang="en">Italy</s>
      </p>
      <p id="102">
        <s id="102:1" lang="en">Jamaica</s>
      </p>
      <p id="103">
        <s id="103:1" lang="en">Japan</s>
      </p>
      <p id="104">
        <s id="104:1" lang="en">Jordan</s>
      </p>
      <p id="105">
        <s id="105:1" lang="en">Kazakhstan</s>
      </p>
      <p id="106">
        <s id="106:1" lang="en">Kenya</s>
      </p>
      <p id="107">
        <s id="107:1" lang="en">Kiribati</s>
      </p>
      <p id="108">
        <s id="108:1" lang="en">Kuwait</s>
      </p>
      <p id="109">
        <s id="109:1" lang="en">Kyrgyzstan</s>
      </p>
      <p id="110">
        <s id="110:1" lang="en">Lao People&apos;s Democratic Republic</s>
      </p>
      <p id="111">
        <s id="111:1" lang="en">Latvia</s>
      </p>
      <p id="112">
        <s id="112:1" lang="en">Lebanon</s>
      </p>
      <p id="113">
        <s id="113:1" lang="en">Lesotho</s>
      </p>
      <p id="114">
        <s id="114:1" lang="en">Liberia</s>
      </p>
      <p id="115">
        <s id="115:1" lang="en">Libya</s>
      </p>
      <p id="116">
        <s id="116:1" lang="en">Liechtenstein</s>
      </p>
      <p id="117">
        <s id="117:1" lang="en">Lithuania</s>
      </p>
      <p id="118">
        <s id="118:1" lang="en">Luxembourg</s>
      </p>
      <p id="119">
        <s id="119:1" lang="en">Madagascar</s>
      </p>
      <p id="120">
        <s id="120:1" lang="en">Malawi</s>
      </p>
      <p id="121">
        <s id="121:1" lang="en">Malaysia</s>
      </p>
      <p id="122">
        <s id="122:1" lang="en">Maldives</s>
      </p>
      <p id="123">
        <s id="123:1" lang="en">Mali</s>
      </p>
      <p id="124">
        <s id="124:1" lang="en">Malta</s>
      </p>
      <p id="125">
        <s id="125:1" lang="en">Marshall Islands</s>
      </p>
      <p id="126">
        <s id="126:1" lang="en">Mauritania</s>
      </p>
      <p id="127">
        <s id="127:1" lang="en">Mauritius</s>
      </p>
      <p id="128">
        <s id="128:1" lang="en">Mexico</s>
      </p>
      <p id="129">
        <s id="129:1" lang="en">Micronesia (Federated States of)</s>
      </p>
      <p id="130">
        <s id="130:1" lang="en">Monaco</s>
      </p>
      <p id="131">
        <s id="131:1" lang="en">Mongolia</s>
      </p>
      <p id="132">
        <s id="132:1" lang="en">Montenegro</s>
      </p>
      <p id="133">
        <s id="133:1" lang="en">Morocco</s>
      </p>
      <p id="134">
        <s id="134:1" lang="en">Mozambique</s>
      </p>
      <p id="135">
        <s id="135:1" lang="en">Myanmar</s>
      </p>
      <p id="136">
        <s id="136:1" lang="en">Namibia</s>
      </p>
      <p id="137">
        <s id="137:1" lang="en">Nauru</s>
      </p>
      <p id="138">
        <s id="138:1" lang="en">Nepal</s>
      </p>
      <p id="139">
        <s id="139:1" lang="en">Netherlands</s>
      </p>
      <p id="140">
        <s id="140:1" lang="en">New Zealand</s>
      </p>
      <p id="141">
        <s id="141:1" lang="en">Nicaragua</s>
      </p>
      <p id="142">
        <s id="142:1" lang="en">Niger</s>
      </p>
      <p id="143">
        <s id="143:1" lang="en">Nigeria</s>
      </p>
      <p id="144">
        <s id="144:1" lang="en">Norway</s>
      </p>
      <p id="145">
        <s id="145:1" lang="en">Oman</s>
      </p>
      <p id="146">
        <s id="146:1" lang="en">Palau</s>
      </p>
      <p id="147">
        <s id="147:1" lang="en">Panama</s>
      </p>
      <p id="148">
        <s id="148:1" lang="en">Papua New Guinea</s>
      </p>
      <p id="149">
        <s id="149:1" lang="en">Paraguay</s>
      </p>
      <p id="150">
        <s id="150:1" lang="en">Peru</s>
      </p>
      <p id="151">
        <s id="151:1" lang="en">Philippines</s>
      </p>
      <p id="152">
        <s id="152:1" lang="en">Poland</s>
      </p>
      <p id="153">
        <s id="153:1" lang="en">Portugal</s>
      </p>
      <p id="154">
        <s id="154:1" lang="en">Qatar</s>
      </p>
      <p id="155">
        <s id="155:1" lang="en">Republic of Korea</s>
      </p>
      <p id="156">
        <s id="156:1" lang="en">Republic of Moldova</s>
      </p>
      <p id="157">
        <s id="157:1" lang="en">Romania</s>
      </p>
      <p id="158">
        <s id="158:1" lang="en">Russian Federation</s>
      </p>
      <p id="159">
        <s id="159:1" lang="en">Rwanda</s>
      </p>
      <p id="160">
        <s id="160:1" lang="en">Saint Kitts and Nevis</s>
      </p>
      <p id="161">
        <s id="161:1" lang="en">Saint Lucia</s>
      </p>
      <p id="162">
        <s id="162:1" lang="en">Saint Vincent and the Grenadines</s>
      </p>
      <p id="163">
        <s id="163:1" lang="en">Samoa</s>
      </p>
      <p id="164">
        <s id="164:1" lang="en">San Marino</s>
      </p>
      <p id="165">
        <s id="165:1" lang="en">Sao Tome and Principe</s>
      </p>
      <p id="166">
        <s id="166:1" lang="en">Saudi Arabia</s>
      </p>
      <p id="167">
        <s id="167:1" lang="en">Senegal</s>
      </p>
      <p id="168">
        <s id="168:1" lang="en">Serbia</s>
      </p>
      <p id="169">
        <s id="169:1" lang="en">Seychelles</s>
      </p>
      <p id="170">
        <s id="170:1" lang="en">Sierra Leone</s>
      </p>
      <p id="171">
        <s id="171:1" lang="en">Singapore</s>
      </p>
      <p id="172">
        <s id="172:1" lang="en">Slovakia</s>
      </p>
      <p id="173">
        <s id="173:1" lang="en">Slovenia</s>
      </p>
      <p id="174">
        <s id="174:1" lang="en">Solomon Islands</s>
      </p>
      <p id="175">
        <s id="175:1" lang="en">Somalia</s>
      </p>
      <p id="176">
        <s id="176:1" lang="en">South Africa</s>
      </p>
      <p id="177">
        <s id="177:1" lang="en">Spain</s>
      </p>
      <p id="178">
        <s id="178:1" lang="en">Sri Lanka</s>
      </p>
      <p id="179">
        <s id="179:1" lang="en">Sudan</s>
      </p>
      <p id="180">
        <s id="180:1" lang="en">Suriname</s>
      </p>
      <p id="181">
        <s id="181:1" lang="en">Swaziland</s>
      </p>
      <p id="182">
        <s id="182:1" lang="en">Sweden</s>
      </p>
      <p id="183">
        <s id="183:1" lang="en">Switzerland</s>
      </p>
      <p id="184">
        <s id="184:1" lang="en">Syrian Arab Republic</s>
      </p>
      <p id="185">
        <s id="185:1" lang="en">Tajikistan</s>
      </p>
      <p id="186">
        <s id="186:1" lang="en">Thailand</s>
      </p>
      <p id="187">
        <s id="187:1" lang="en">The former Yugoslav Republic of Macedonia</s>
      </p>
      <p id="188">
        <s id="188:1" lang="en">Timor-Leste</s>
      </p>
      <p id="189">
        <s id="189:1" lang="en">Togo</s>
      </p>
      <p id="190">
        <s id="190:1" lang="en">Tonga</s>
      </p>
      <p id="191">
        <s id="191:1" lang="en">Trinidad and Tobago</s>
      </p>
      <p id="192">
        <s id="192:1" lang="en">Tunisia</s>
      </p>
      <p id="193">
        <s id="193:1" lang="en">Turkey</s>
      </p>
      <p id="194">
        <s id="194:1" lang="en">Turkmenistan</s>
      </p>
      <p id="195">
        <s id="195:1" lang="en">Tuvalu</s>
      </p>
      <p id="196">
        <s id="196:1" lang="en">Uganda</s>
      </p>
      <p id="197">
        <s id="197:1" lang="en">Ukraine</s>
      </p>
      <p id="198">
        <s id="198:1" lang="en">United Arab Emirates</s>
      </p>
      <p id="199">
        <s id="199:1" lang="en">United Kingdom of Great Britain and Northern Ireland</s>
      </p>
      <p id="200">
        <s id="200:1" lang="en">United Republic of Tanzania</s>
      </p>
      <p id="201">
        <s id="201:1" lang="en">United States of America</s>
      </p>
      <p id="202">
        <s id="202:1" lang="en">Uruguay</s>
      </p>
      <p id="203">
        <s id="203:1" lang="en">Uzbekistan</s>
      </p>
      <p id="204">
        <s id="204:1" lang="en">Vanuatu</s>
      </p>
      <p id="205">
        <s id="205:1" lang="en">Venezuela (Bolivarian Republic of)</s>
      </p>
      <p id="206">
        <s id="206:1" lang="en">Viet Nam</s>
      </p>
      <p id="207">
        <s id="207:1" lang="en">Yemen</s>
      </p>
      <p id="208">
        <s id="208:1" lang="en">Zambia</s>
      </p>
      <p id="209">
        <s id="209:1" lang="en">Zimbabwe</s>
      </p>
      <p id="210">
        <s id="210:1" lang="en">a The status of the membership of the Democratic People&apos;s Republic of Korea is uncertain.</s>
      </p>
    </body>
  </text>
</TEI.2>
