<?xml version="1.0" encoding="utf-8"?>
<TEI.2>
  <teiHeader>
    <fileDesc>
      <titleStmt>
        <title>The United Nations Parallel Corpus v1.0 - NPT/CONF.2015/PC.III/4</title>
      </titleStmt>
      <publicationStmt>
        <publisher>United Nations DGACM</publisher>
        <pubPlace>New York</pubPlace>
        <date>20140421</date>
        <idno type="symbol">NPT/CONF.2015/PC.III/4</idno>
        <idno type="jobno">N1430532</idno>
        <availability>
          <p>The following disclaimer, an integral part of the United Nations Parallel Corpus v1.0, 
             shall be respected in regard to the Corpus v1.0 (no other restrictions apply):</p>

          <p>The United Nations Parallel Corpus is made available without warranty of any kind, 
             explicit or implied. The United Nations specifically makes no warranties or 
             representations as to the accuracy or completeness of the information contained in 
             the United Nations corpus.</p>

          <p>Under no circumstances shall the United Nations be liable for any loss, liability,
             injury or damage incurred or suffered that is claimed to have resulted from the use
             of the United Nations Corpus. The use of the United Nations Corpus is at the user's 
             sole risk. The user specifically acknowledges and agrees that the United Nations is 
             not liable for the conduct of any user. If the user is dissatisfied with any of the 
             material provided in the United Nations Corpus, the users's sole and exclusive remedy 
             is to discontinue using the United Nations Corpus.</p>

          <p>When using the United Nations Corpus, the user must acknowledge the United Nations as the
             source of the information. For references, please use this reference:
             Ziemski, M., Junczys-Dowmunt, M., and Pouliquen, B. (2016) The United Nations
             Parallel Corpus, Language Resources and Evaluation (LREC’16), Portorož, Slovenia, 
             May 2016.</p>

          <p>Nothing herein shall constitute or be considered to be a limitation upon or waiver,
             express or implied, of the privileges and immunities of the United Nations, which
             are specifically reserved.</p>
        </availability>
        <distributor>http://conferences.unite.un.org/UNCorpus</distributor>
      </publicationStmt>
      <sourceDesc>
        <p>http://www.un.org/en/official-documents-system-search/index.html</p>
      </sourceDesc>
    </fileDesc>
    <profileDesc>
      <langUsage>
        <language ident="en">English</language>
      </langUsage>
    </profileDesc>
  </teiHeader>
  <text>
    <body>
      <p id="1">
        <s id="1:1" lang="en">Third session</s>
      </p>
      <p id="2">
        <s id="2:1" lang="en">New York, 28 April-9 May 2014</s>
      </p>
      <p id="3">
        <s id="3:1" lang="en">Implementation of the action plan of the 2010</s>
      </p>
      <p id="4">
        <s id="4:1" lang="en">Review Conference of the Parties to the Treaty on the</s>
      </p>
      <p id="5">
        <s id="5:1" lang="en">Non-Proliferation of Nuclear Weapons and previous</s>
      </p>
      <p id="6">
        <s id="6:1" lang="en">Review Conference outcomes</s>
      </p>
      <p id="7">
        <s id="7:1" lang="en">Report submitted by Japan</s>
      </p>
      <p id="8">
        <s id="8:1" lang="en">1. Japan is committed to the Treaty on the Non-Proliferation of Nuclear Weapons as the essential foundation for the achievement of nuclear disarmament, as the cornerstone of the global nuclear non-proliferation regime and as the basis for the development of the peaceful uses of nuclear technology.</s>
      </p>
      <p id="9">
        <s id="9:1" lang="en">2. Japan submits the present report pursuant to action 20 of the action plan regarding regular reports, contained in the Final Document adopted by the 2010 Review Conference of the Parties to the Treaty on the Non-Proliferation of Nuclear Weapons.</s>
      </p>
      <p id="10">
        <s id="10:1" lang="en">3. Japan calls upon all States parties that have not yet done so to submit regular reports during this 2015 Non-Proliferation Treaty review process.</s>
      </p>
      <p id="11">
        <s id="11:1" lang="en">Actions undertaken by Japan</s>
      </p>
      <p id="12">
        <s id="12:1" lang="en">I. Nuclear disarmament</s>
      </p>
      <p id="13">
        <s id="13:1" lang="en">A. Principles and objectives</s>
      </p>
      <p id="14">
        <s id="14:1" lang="en">Action 1</s>
      </p>
      <p id="15">
        <s id="15:1" lang="en">All States parties commit to pursue policies that are fully compatible with the Treaty and the objective of achieving a world without nuclear weapons.</s>
      </p>
      <p id="16">
        <s id="16:1" lang="en">(1) The Government of Japan continues to adhere to a basic policy of observing the &quot;Three Non-Nuclear Principles&quot; of not possessing, not manufacturing or not permitting the introduction of nuclear weapons into the territory of Japan.</s>
      </p>
      <p id="17">
        <s id="17:1" lang="en">(2) Since 1994, based on the idea that a world without nuclear weapons should be achieved through concrete and effective steps, Japan has annually submitted a nuclear disarmament resolution to the United Nations General Assembly.</s>
        <s id="17:2" lang="en">In the most recent case, the sixty-eighth session of the Assembly adopted the draft resolution on nuclear disarmament entitled &quot;United action towards the total elimination of nuclear weapons&quot; (A/C.1/68/L.43), which Japan submitted along with a record number of 102 co-sponsor countries.</s>
        <s id="17:3" lang="en">This is the first time the number of</s>
      </p>
      <p id="18">
        <s id="18:1" lang="en">co-sponsor States has exceeded 100.</s>
        <s id="18:2" lang="en">The draft resolution was adopted by an overwhelming majority of 169 in favour.（This is also related to actions 2, 3, 4, 8, 9, 11, 21, 22, 23, 25 and 28).</s>
      </p>
      <p id="19">
        <s id="19:1" lang="en">(3) Japan took the lead in establishing a cross-regional group called the Non-Proliferation and Disarmament Initiative* to take forward the implementation of the action plan adopted at the 2010 Review Conference.</s>
        <s id="19:2" lang="en">The Initiative has submitted working papers to each Preparatory Committee to contribute to the 2015 Non-Proliferation Treaty review process.</s>
        <s id="19:3" lang="en">Japan hosted the eighth Ministerial Meeting in Hiroshima on 11 and 12 April 2014.</s>
      </p>
      <p id="20">
        <s id="20:1" lang="en">*Non-Proliferation and Disarmament Initiative: In 2010, 10 countries, Australia, Canada, Chile, Germany, Japan, Mexico, the Netherlands, Poland, Turkey and the United Arab Emirates, established an initiative to take forward the outcomes of the 2010 Review Conference.</s>
        <s id="20:2" lang="en">In 2013, two countries, Nigeria and the Philippines, joined the Initiative.</s>
      </p>
      <p id="21">
        <s id="21:1" lang="en">Action 2</s>
      </p>
      <p id="22">
        <s id="22:1" lang="en">All States parties commit to apply the principles of irreversibility, verifiability and transparency in relation to the implementation of their treaty obligations.</s>
      </p>
      <p id="23">
        <s id="23:1" lang="en">(1) Japan submits this report on the implementation of the action plan in order to enhance transparency.</s>
      </p>
      <p id="24">
        <s id="24:1" lang="en">B. Disarmament of nuclear weapons</s>
      </p>
      <p id="25">
        <s id="25:1" lang="en">Action 3</s>
      </p>
      <p id="26">
        <s id="26:1" lang="en">In implementing the unequivocal undertaking by the nuclear-weapon States to accomplish the total elimination of their nuclear arsenals, the nuclear-weapon States commit to undertake further efforts to reduce and ultimately eliminate all types of nuclear weapons, deployed and</s>
      </p>
      <p id="27">
        <s id="27:1" lang="en">non-deployed, including through unilateral, bilateral, regional and multilateral measures.</s>
      </p>
      <p id="28">
        <s id="28:1" lang="en">N/A</s>
      </p>
      <p id="29">
        <s id="29:1" lang="en">Action 4</s>
      </p>
      <p id="30">
        <s id="30:1" lang="en">The Russian Federation and the United States of America commit to seek the early entry into force and full implementation of the Treaty on Measures for the Further Reduction and Limitation of Strategic Offensive Arms and are encouraged to continue discussions on follow-on measures in order to achieve deeper reductions in their nuclear arsenals.</s>
      </p>
      <p id="31">
        <s id="31:1" lang="en">Action 5</s>
      </p>
      <p id="32">
        <s id="32:1" lang="en">The nuclear-weapon States commit to accelerate concrete progress on the steps leading to nuclear disarmament, contained in the Final Document of the 2000 Review Conference, in a way that promotes international stability, peace and undiminished and increased security.</s>
        <s id="32:2" lang="en">To that end, they are called upon to promptly engage with a view to, inter alia:</s>
      </p>
      <p id="33">
        <s id="33:1" lang="en">Action 6</s>
      </p>
      <p id="34">
        <s id="34:1" lang="en">All States agree that the Conference on Disarmament should immediately establish a subsidiary body to deal with nuclear disarmament, within the context of an agreed, comprehensive and balanced programme of work.</s>
      </p>
      <p id="35">
        <s id="35:1" lang="en">(1) Japan supports the programme of work of the Conference on Disarmament adopted in 2009 (CD/1864).</s>
        <s id="35:2" lang="en">Japan, as a member of the Conference on Disarmament, makes every effort to adopt a programme of work, which would enable the commencement of disarmament negotiations.</s>
      </p>
      <p id="36">
        <s id="36:1" lang="en">(2) An open-ended working group to develop proposals to take forward multilateral nuclear disarmament negotiations for the achievement and maintenance of a world without nuclear weapons was established based on General Assembly resolution 67/56 and convened in 2013.</s>
        <s id="36:2" lang="en">Japan, together with</s>
      </p>
      <p id="37">
        <s id="37:1" lang="en">12 other countries, submitted a working paper on a building block approach to contribute to the discussion.</s>
      </p>
      <p id="38">
        <s id="38:1" lang="en">(3) The Conference on Disarmament decided to establish an informal working group to produce a programme of work in August 2013 and to re-establish it on 3 March 2014.</s>
        <s id="38:2" lang="en">At the same time, the Conference on Disarmament also adopted its schedule of activities on 26 March 2014.</s>
        <s id="38:3" lang="en">Japan, as one of six Conference on Disarmament Presidents of the 2014 session, worked closely with other Presidents and Conference members to adopt these decisions.</s>
      </p>
      <p id="39">
        <s id="39:1" lang="en">C. Security assurances</s>
      </p>
      <p id="40">
        <s id="40:1" lang="en">Action 7</s>
      </p>
      <p id="41">
        <s id="41:1" lang="en">All States agree that the Conference on Disarmament should, within the context of an agreed, comprehensive and balanced programme of work, immediately begin discussion of effective international arrangements to assure non-nuclear-weapon States against the use or threat of use of nuclear weapons, to discuss substantively, without limitation, with a view to elaborating recommendations dealing with all aspects of this issue, not excluding an internationally legally binding instrument.</s>
        <s id="41:2" lang="en">The Review Conference invites the Secretary-General of the United Nations to convene a high-level meeting in September 2010 in support of the work of the Conference on Disarmament.</s>
      </p>
      <p id="42">
        <s id="42:1" lang="en">(1) Japan supports the programme of work of the Conference on Disarmament adopted in 2009 (CD/1864), which includes discussions on the negative security assurance.</s>
      </p>
      <p id="43">
        <s id="43:1" lang="en">(2) At the high-level meeting on revitalizing the work of the Conference on Disarmament in September 2010, then Foreign Minister Maehara stressed in his speech the importance of the revitalization of the Conference on Disarmament.</s>
      </p>
      <p id="44">
        <s id="44:1" lang="en">Action 8</s>
      </p>
      <p id="45">
        <s id="45:1" lang="en">All nuclear-weapon States commit to fully respect their existing commitments with regard to security assurances.</s>
        <s id="45:2" lang="en">Those nuclear-weapon States that have not yet done so are encouraged to extend security assurances to non-nuclear-weapon States parties to the Treaty.</s>
      </p>
      <p id="46">
        <s id="46:1" lang="en">Action 9</s>
      </p>
      <p id="47">
        <s id="47:1" lang="en">The establishment of further nuclear-weapon-free zones, where appropriate, on the basis of arrangements freely arrived at among States of the region concerned, and in accordance with the 1999 Guidelines of the United Nations Disarmament Commission, is encouraged.</s>
        <s id="47:2" lang="en">All concerned States are encouraged to ratify the nuclear-weapon-free zone treaties and their relevant protocols, and to constructively consult and cooperate to bring about the entry into force of the relevant legally binding protocols of all such nuclear-weapon free zones treaties, which include negative security assurances.</s>
        <s id="47:3" lang="en">The concerned States are encouraged to review any related reservations.</s>
      </p>
      <p id="48">
        <s id="48:1" lang="en">(1) Japan has encouraged the countries concerned, where appropriate, regarding nuclear-weapon-free zones to sign and ratify the treaties promptly at every opportunity.</s>
      </p>
      <p id="49">
        <s id="49:1" lang="en">(2) Japan co-sponsored a draft resolution on the Treaty on the South-East Asia Nuclear-Weapon-Free-Zone (Bangkok Treaty) adopted by the General Assembly most recently in December 2013 (resolution 68/49).</s>
      </p>
      <p id="50">
        <s id="50:1" lang="en">D. Nuclear testing</s>
      </p>
      <p id="51">
        <s id="51:1" lang="en">Action 10</s>
      </p>
      <p id="52">
        <s id="52:1" lang="en">All nuclear-weapon States undertake to ratify the Comprehensive Nuclear-Test-Ban Treaty with all expediency, noting that positive decisions by nuclear-weapon States would have the beneficial impact towards the ratification of that Treaty, and that nuclear-weapon States have the special responsibility to encourage Annex 2 countries, in particular those which have not acceded to the Treaty on the Non-Proliferation of Nuclear Weapons and continue to operate unsafeguarded nuclear facilities, to sign and ratify.</s>
      </p>
      <p id="53">
        <s id="53:1" lang="en">Action 11</s>
      </p>
      <p id="54">
        <s id="54:1" lang="en">Pending the entry into force of the Comprehensive Nuclear-Test-Ban Treaty, all States commit to refrain from nuclear-weapon test explosions or any other nuclear explosions, the use of new nuclear weapons technologies and from any action that would defeat the object and purpose of that Treaty, and all existing moratoriums on nuclear-weapon test explosions should be maintained.</s>
      </p>
      <p id="55">
        <s id="55:1" lang="en">Japan, as one of the first countries that signed and ratified the Comprehensive Nuclear-Test-Ban Treaty, continues firmly to adhere to the object and purpose of the Treaty.</s>
      </p>
      <p id="56">
        <s id="56:1" lang="en">Action 12</s>
      </p>
      <p id="57">
        <s id="57:1" lang="en">All States that have ratified the Comprehensive Nuclear-Test-Ban Treaty recognize the contribution of the conferences on facilitating the entry into force of that Treaty and of the measures adopted by consensus at the Sixth Conference on Facilitating the Entry into Force of the Comprehensive Nuclear-Test-Ban Treaty, held in September 2009, and commit to report at the 2011 Conference on progress made towards the urgent entry into force of that Treaty.</s>
      </p>
      <p id="58">
        <s id="58:1" lang="en">(1) Japan recognizes the importance of the conferences on facilitating the entry into force of the Comprehensive Nuclear-Test-Ban Treaty.</s>
        <s id="58:2" lang="en">Mr. Koichiro Gemba, then Foreign Minister, participated in the seventh meeting in 2011 and reported Japan&apos;s efforts to facilitate the entry into force of the Treaty, through illustrating the following activities; meetings at the summit and ministerial levels to encourage the remaining Annex 2 States to sign and ratify the Treaty and training courses to support developing countries in their efforts to build up their national operation systems required for the verification of the Comprehensive Nuclear-Test-Ban Treaty by annually inviting seismological experts from non-signatories and non-ratifiers.</s>
      </p>
      <p id="59">
        <s id="59:1" lang="en">(2) In 2013, Foreign Minister Fumio Kishida proposed three actions to further strengthen the norm of a comprehensive ban on nuclear tests at the eighth meeting.</s>
      </p>
      <p id="60">
        <s id="60:1" lang="en">Action 13</s>
      </p>
      <p id="61">
        <s id="61:1" lang="en">All States that have ratified the Comprehensive Nuclear-Test-Ban Treaty undertake to promote the entry into force and implementation of that Treaty at the national, regional and global levels.</s>
      </p>
      <p id="62">
        <s id="62:1" lang="en">(1) Japan has been calling for the early entry into force, signature and ratification of the Treaty on various occasions, such as at bilateral meetings and international or regional forums.</s>
        <s id="62:2" lang="en">Before the approval of the Indonesian ratification by the Parliament, Japan used the occasion of the bilateral meetings in Hiroshima and Nagasaki to work towards the ratification and the Mayors for Peace sent letters addressed to the Chairman of the First Commission, House of Representatives of Indonesia.</s>
        <s id="62:3" lang="en">Japan, along with the Non-Proliferation and Disarmament Initiative Member States, continues to push towards the earliest entry into force of the Treaty.</s>
      </p>
      <p id="63">
        <s id="63:1" lang="en">(2) Japan made a new voluntary contribution of $455,000 to the Comprehensive Nuclear-Test-Ban Treaty Organization in early 2014.</s>
        <s id="63:2" lang="en">A part of these funds is for supporting the activities of the Group of Eminent Persons.</s>
      </p>
      <p id="64">
        <s id="64:1" lang="en">Action 14</s>
      </p>
      <p id="65">
        <s id="65:1" lang="en">The Preparatory Commission for the Comprehensive Nuclear-Test-Ban Treaty Organization is to be encouraged to fully develop the verification regime for the Comprehensive Nuclear-Test-Ban Treaty, including early completion and provisional operationalization of the international monitoring system in accordance with the mandate of the Preparatory Commission, which should, upon entry into force of that Treaty, serve as an effective, reliable, participatory and non-discriminatory verification system with global reach, and provide assurance of compliance with that Treaty.</s>
      </p>
      <p id="66">
        <s id="66:1" lang="en">(1) Japan has been supporting the efforts and activities of the Preparatory Commission for the Comprehensive Nuclear-Test-Ban Treaty Organization.</s>
        <s id="66:2" lang="en">As a recent concrete support, Japan made a voluntary contribution of approximately $740,000 to the Organization for a project to enhance the capability of the atmospheric transport modelling system in 2012.</s>
      </p>
      <p id="67">
        <s id="67:1" lang="en">(2) In 2012, Japanese agencies and the Comprehensive Nuclear-Test-Ban Treaty Organization co-hosted three workshops in Japan; the Workshop on Noble Gas Monitoring co-hosted by the Japan Atomic Energy Agency, the International Hydroacoustics Workshop co-hosted by the Japan Agency for Marine-Earth Science and Technology and the East Asia Regional National Data Center Workshop co-hosted by the Center for the Promotion of Disarmament and</s>
      </p>
      <p id="68">
        <s id="68:1" lang="en">Non-Proliferation.</s>
      </p>
      <p id="69">
        <s id="69:1" lang="en">(3) Japan has organized the Global Seismological Observation Training course every year since 1996.</s>
      </p>
      <p id="70">
        <s id="70:1" lang="en">E. Fissile materials</s>
      </p>
      <p id="71">
        <s id="71:1" lang="en">Action 15</s>
      </p>
      <p id="72">
        <s id="72:1" lang="en">All States agree that the Conference on Disarmament should, within the context of an agreed, comprehensive and balanced programme of work, immediately begin negotiation of a treaty banning the production of fissile material for use in nuclear weapons or other nuclear explosive devices in accordance with the report of the Special Coordinator of 1995 (CD/1299) and the mandate contained therein.</s>
        <s id="72:2" lang="en">Also in this respect, the Review Conference invites the Secretary-General of the United Nations to convene a high-level meeting in September 2010 in support of the work of the Conference on Disarmament.</s>
      </p>
      <p id="73">
        <s id="73:1" lang="en">(1) Japan supports the programme of work of the Conference on Disarmament adopted in 2009 (CD/1864).</s>
        <s id="73:2" lang="en">Japan, as a member of the Conference on Disarmament, makes every effort to adopt a programme of work that includes negotiations on a fissile material cut-off treaty.</s>
      </p>
      <p id="74">
        <s id="74:1" lang="en">(3) Japan and Australia co-hosted three sessions of experts side events on definitions and verification of a fissile material cut-off treaty on the margin of the Conference on Disarmament in the first half of 2011 (CD/1906, CD/1909, CD/1917).</s>
      </p>
      <p id="75">
        <s id="75:1" lang="en">(4) A group of governmental experts on a fissile material cut-off treaty was established in accordance with General Assembly resolution 67/53.</s>
        <s id="75:2" lang="en">Japan, as a member of that group, will contribute to its work to make recommendations on possible aspects of a treaty.</s>
      </p>
      <p id="76">
        <s id="76:1" lang="en">Action 16</s>
      </p>
      <p id="77">
        <s id="77:1" lang="en">The nuclear-weapon States are encouraged to commit to declare, as appropriate, to the International Atomic Energy Agency (IAEA) all fissile material designated by each of them as no longer required for military purposes and to place such material as soon as practicable under IAEA or other relevant international verification and arrangements for the disposition of such material for peaceful purposes, to ensure that such material remains permanently outside military programmes.</s>
      </p>
      <p id="78">
        <s id="78:1" lang="en">Action 17</s>
      </p>
      <p id="79">
        <s id="79:1" lang="en">In the context of action 16, all States are encouraged to support the development of appropriate legally binding verification arrangements, within the context of IAEA, to ensure the irreversible removal of fissile material designated by each nuclear-weapon State as no longer required for military purposes.</s>
      </p>
      <p id="80">
        <s id="80:1" lang="en">(1) Japan and Australia co-hosted experts side events on verification of a fissile material cut-off treaty on the margin of the Conference on Disarmament in March and June 2011 (CD/1909, CD/1917), which may incorporate verification of excess material.</s>
      </p>
      <p id="81">
        <s id="81:1" lang="en">(2) Japan actively participated in various meetings of Norway-United Kingdom projects on verification of nuclear disarmament.</s>
      </p>
      <p id="82">
        <s id="82:1" lang="en">Action 18</s>
      </p>
      <p id="83">
        <s id="83:1" lang="en">All States that have not yet done so are encouraged to initiate a process towards the dismantling or conversion for peaceful uses of facilities for the production of fissile material for use in nuclear weapons or other nuclear explosive devices.</s>
      </p>
      <p id="84">
        <s id="84:1" lang="en">F. Other measures in support of nuclear disarmament</s>
      </p>
      <p id="85">
        <s id="85:1" lang="en">Action 19</s>
      </p>
      <p id="86">
        <s id="86:1" lang="en">All States agree on the importance of supporting cooperation among Governments, the United Nations, other international and regional organizations and civil society aimed at increasing confidence, improving transparency and developing efficient verification capabilities related to nuclear disarmament.</s>
      </p>
      <p id="87">
        <s id="87:1" lang="en">(1) Japan and Australia co-hosted experts side events on a fissile material cut-off treaty on the margin of the Conference on Disarmament in March and June in 2011 (CD/1909, CD/1917), in which the United Nations Institute for Disarmament Research (UNIDIR), IAEA and the Organization for the Prohibition of Chemical Weapons actively participated.</s>
      </p>
      <p id="88">
        <s id="88:1" lang="en">(2) Japan contributed funding for UNIDIR to conduct research on &quot;transparency&quot;.</s>
      </p>
      <p id="89">
        <s id="89:1" lang="en">Action 20</s>
      </p>
      <p id="90">
        <s id="90:1" lang="en">States parties should submit regular reports, within the framework of the strengthened review process for the Treaty, on the implementation of the present action plan, as well as of article VI, paragraph 4 (c), of the 1995 decision entitled &quot;Principles and objectives for nuclear non-proliferation and disarmament&quot; and the practical steps agreed to in the Final Document of the 2000 Review Conference, and recalling the advisory opinion of the International Court of Justice of 8 July 1996.</s>
      </p>
      <p id="91">
        <s id="91:1" lang="en">This report is submitted in order to implement this action.</s>
      </p>
      <p id="92">
        <s id="92:1" lang="en">Action 21</s>
      </p>
      <p id="93">
        <s id="93:1" lang="en">As a confidence-building measure, all the nuclear-weapon States are encouraged to agree as soon as possible on a standard reporting form and to determine appropriate reporting intervals for the purpose of voluntarily providing standard information without prejudice to national security.</s>
        <s id="93:2" lang="en">The Secretary-General of the United Nations is invited to establish a publicly accessible repository, which shall include the information provided by the nuclear-weapon States.</s>
      </p>
      <p id="94">
        <s id="94:1" lang="en">Japan, together with other Non-Proliferation and Disarmament Initiative member countries, undertook to develop a draft standard nuclear disarmament reporting form as a contribution to discussions among the nuclear-weapon States.</s>
        <s id="94:2" lang="en">We shared the proposed reporting form with the five nuclear-weapon States in 2011.</s>
      </p>
      <p id="95">
        <s id="95:1" lang="en">Action 22</s>
      </p>
      <p id="96">
        <s id="96:1" lang="en">All States are encouraged to implement the recommendations contained in the report of the Secretary-General of the United Nations (A/57/124) regarding the United Nations study on disarmament and non-proliferation education, in order to advance the goals of the Treaty in support of achieving a world without nuclear weapons.</s>
      </p>
      <p id="97">
        <s id="97:1" lang="en">(1) In 2010, Japan started a programme of appointing Hibakushas, atomic bomb survivors, as &quot;Special Communicators for a world without nuclear weapons&quot;.</s>
        <s id="97:2" lang="en">The main purpose of this programme is to share with people around the world, especially the younger generations, the first-hand experiences of the Hibakusha.</s>
        <s id="97:3" lang="en">So far a total of 129 Special Communicators have been involved in different kinds of events worldwide.</s>
        <s id="97:4" lang="en">In order to pass knowledge from Hibakushas to younger generations，Japan launched a programme entitled &quot;Youth Communicators for a World without Nuclear Weapons&quot; in 2013.</s>
        <s id="97:5" lang="en">So far, a total of 25 Youth Communicators have sent strong messages on their determination to attain a world without nuclear weapons to the world on the occasion of international events.</s>
      </p>
      <p id="98">
        <s id="98:1" lang="en">(2) In April 2014, on the margins of the Non-Proliferation and Disarmament Initiative Ministerial Meeting in Hiroshima, the Youth Exchange Programme was held to share the experience of atomic bombings among the younger generations of Non-Proliferation and Disarmament Initiative countries.</s>
      </p>
      <p id="99">
        <s id="99:1" lang="en">(3) Japan held side events on education, in cooperation with the United Nations, during the United Nations Disarmament Week from 24 to 30 October in 2011 in the First Committee of the sixty-sixth session of the General Assembly.</s>
        <s id="99:2" lang="en">The first event introduced two Special Communicators and announced the winners of the &quot;Poetry for Peace&quot; contest.</s>
        <s id="99:3" lang="en">The second event featured presentations by the two Special Communicators, who delivered their testimonies and engaged in discussions with the audience.</s>
      </p>
      <p id="100">
        <s id="100:1" lang="en">(4) Japan has also undertaken efforts to make testimonies of the Hibakusha more widely available.</s>
        <s id="100:2" lang="en">Testimonies have been translated into English and other languages and can be accessed on the website of the Ministry of Foreign Affairs of Japan.</s>
      </p>
      <p id="101">
        <s id="101:1" lang="en">(5) Every year since 1983, Japan has hosted participants in the United Nations Disarmament Fellowship Programme.</s>
        <s id="101:2" lang="en">Fellows visit Hiroshima and Nagasaki and learn about the realities of the terrible devastation caused by the atomic bombings.</s>
      </p>
      <p id="102">
        <s id="102:1" lang="en">(6) Since 1989, Japan has hosted the United Nations Conference on Disarmament Issues in different Japanese cities.</s>
        <s id="102:2" lang="en">Fruitful discussions were conducted among the participants and the Conference concluded with great success.</s>
      </p>
      <p id="103">
        <s id="103:1" lang="en">(7) In 2011, Japan established a new permanent disarmament exhibition entitled &quot;Toward a World Free of Nuclear Weapons&quot; at the United Nations Office at Geneva in cooperation with the United Nations.</s>
        <s id="103:2" lang="en">Photographs, texts and the artifacts of this exhibition will be instrumental in drawing attention to the importance of nuclear disarmament.</s>
      </p>
      <p id="104">
        <s id="104:1" lang="en">(8) The Non-Proliferation and Disarmament Initiative submitted a joint working paper entitled &quot;Disarmament and non-proliferation education&quot; to the first and second sessions of the Preparatory Committee.</s>
        <s id="104:2" lang="en">Japan and the Initiative called on all States parties to participate in the efforts on disarmament and non-proliferation education.</s>
        <s id="104:3" lang="en">Japan also submitted a joint working paper on education with Austria.</s>
      </p>
      <p id="105">
        <s id="105:1" lang="en">(9) Japan held, jointly with the United Nations University, the Global Forum on Disarmament and</s>
      </p>
      <p id="106">
        <s id="106:1" lang="en">Non-proliferation Education in the city of Nagasaki on</s>
      </p>
      <p id="107">
        <s id="107:1" lang="en">10 and 11 August 2012.</s>
        <s id="107:2" lang="en">Throughout this forum, Japan contributed to the development of further efforts and promoted cooperation and a common understanding of the importance of disarmament and non-proliferation education, with the participation of Governments, international organizations and civil society.</s>
      </p>
      <p id="108">
        <s id="108:1" lang="en">(10) Japan sent a medical expert and atomic bomb survivors (Hibakushas) to the International Conference on the Humanitarian Impact of Nuclear Weapons, held in Oslo in March 2013 and in Nayarit, Mexico in February 2014.</s>
        <s id="108:2" lang="en">As the only country to have ever suffered atomic bombings, they actively contributed to the discussions by making presentations from a scientific standpoint on the realities of the devastation caused by the use of nuclear weapons.</s>
      </p>
      <p id="109">
        <s id="109:1" lang="en">II. Nuclear non-proliferation</s>
      </p>
      <p id="110">
        <s id="110:1" lang="en">Action 23</s>
      </p>
      <p id="111">
        <s id="111:1" lang="en">The Conference calls upon all States parties to exert all efforts to promote universal adherence to the Treaty, and not to undertake any actions that can negatively affect prospects for the universality of the Treaty.</s>
      </p>
      <p id="112">
        <s id="112:1" lang="en">Japan calls upon States that are not party to the Treaty to accede as a non-nuclear-weapon State on the occasion of bilateral meetings or international conferences.</s>
      </p>
      <p id="113">
        <s id="113:1" lang="en">Action 24</s>
      </p>
      <p id="114">
        <s id="114:1" lang="en">The Conference re-endorses the call by previous review conferences for the application of IAEA comprehensive safeguards to all source or special fissionable material in all peaceful nuclear activities in the States parties in accordance with the provisions of article III of the Treaty.</s>
      </p>
      <p id="115">
        <s id="115:1" lang="en">Japan supports the universal application of IAEA comprehensive safeguards together with the additional protocol and has seized every opportunity to call upon countries that have not concluded them to do so.</s>
      </p>
      <p id="116">
        <s id="116:1" lang="en">Action 25</s>
      </p>
      <p id="117">
        <s id="117:1" lang="en">The Conference, noting that 18 States parties to the Treaty have yet to bring into force comprehensive safeguards agreements, urges them to do so as soon as possible and without further delay.</s>
      </p>
      <p id="118">
        <s id="118:1" lang="en">Action 26</s>
      </p>
      <p id="119">
        <s id="119:1" lang="en">The Conference underscores the importance in complying with the</s>
      </p>
      <p id="120">
        <s id="120:1" lang="en">non-proliferation obligations, addressing all compliance matters in order to uphold the Treaty&apos;s integrity and the authority of the safeguards system.</s>
      </p>
      <p id="121">
        <s id="121:1" lang="en">Japan makes its full efforts so major non-compliance issues such as those of the Democratic People&apos;s Republic of Korea, the Islamic Republic of Iran and the Syrian Arab Republic are addressed in related international forums, including the IAEA Board of Governors.</s>
        <s id="121:2" lang="en">In relation to the Iranian nuclear issue in particular, Japan is in close coordination with the international community in engaging in bilateral exchanges with the Islamic Republic of Iran so that it addresses the related concern.</s>
      </p>
      <p id="122">
        <s id="122:1" lang="en">Action 27</s>
      </p>
      <p id="123">
        <s id="123:1" lang="en">The Conference underscores the importance of resolving all cases of non-compliance with safeguards obligations in full conformity with the IAEA statute and the respective legal obligations of Member States.</s>
        <s id="123:2" lang="en">In this regard, the Conference calls upon Member States to extend their cooperation to the Agency.</s>
      </p>
      <p id="124">
        <s id="124:1" lang="en">Action 28</s>
      </p>
      <p id="125">
        <s id="125:1" lang="en">The Conference encourages all States parties which have not yet done so to conclude and to bring into force additional protocols as soon as possible and to implement them provisionally pending their entry into force.</s>
      </p>
      <p id="126">
        <s id="126:1" lang="en">Action 29</s>
      </p>
      <p id="127">
        <s id="127:1" lang="en">The Conference encourages IAEA to further facilitate and assist the States parties in the conclusion and entry into force of comprehensive safeguards agreements and additional protocols.</s>
        <s id="127:2" lang="en">The Conference calls on States parties to consider specific measures that would promote the universalization of the comprehensive safeguards agreements.</s>
      </p>
      <p id="128">
        <s id="128:1" lang="en">Action 30</s>
      </p>
      <p id="129">
        <s id="129:1" lang="en">The Conference calls for the wider application of safeguards to peaceful nuclear facilities in the nuclear-weapon States, under the relevant voluntary offer safeguards agreements, in the most economic and practical way possible, taking into account the availability of IAEA resources, and stresses that comprehensive safeguards and additional protocols should be universally applied once the complete elimination of nuclear weapons has been achieved.</s>
      </p>
      <p id="130">
        <s id="130:1" lang="en">Japan submitted, together with other Non-Proliferation and Disarmament Initiative member countries, a working paper on this issue to the second session of the Preparatory Committee.</s>
      </p>
      <p id="131">
        <s id="131:1" lang="en">Action 31</s>
      </p>
      <p id="132">
        <s id="132:1" lang="en">The Conference encourages all States parties with small quantities protocols which have not yet done so to amend or rescind them, as appropriate, as soon as possible.</s>
      </p>
      <p id="133">
        <s id="133:1" lang="en">Action 32</s>
      </p>
      <p id="134">
        <s id="134:1" lang="en">The Conference recommends that IAEA safeguards should be assessed and evaluated regularly.</s>
        <s id="134:2" lang="en">Decisions adopted by the IAEA policy bodies aimed at further strengthening the effectiveness and improving the efficiency of IAEA safeguards should be supported and implemented.</s>
      </p>
      <p id="135">
        <s id="135:1" lang="en">Japan has actively participated in discussions on strengthening the effectiveness and improving the efficiency of the IAEA safeguards.</s>
        <s id="135:2" lang="en">Japan has supported the resolutions in this regard at the IAEA General Conference.</s>
      </p>
      <p id="136">
        <s id="136:1" lang="en">Action 33</s>
      </p>
      <p id="137">
        <s id="137:1" lang="en">The Conference calls upon all States parties to ensure that IAEA continues to have all political, technical and financial support so that it is able to effectively meet its responsibility to apply safeguards as required by article III of the Treaty.</s>
      </p>
      <p id="138">
        <s id="138:1" lang="en">Action 34</s>
      </p>
      <p id="139">
        <s id="139:1" lang="en">The Conference encourages States parties, within the framework of the IAEA statute, to further develop a robust, flexible, adaptive and cost-effective international technology base for advanced safeguards through cooperation among Member States and with IAEA.</s>
      </p>
      <p id="140">
        <s id="140:1" lang="en">Action 35</s>
      </p>
      <p id="141">
        <s id="141:1" lang="en">The Conference urges all States parties to ensure that their nuclear-related exports do not directly or indirectly assist the development of nuclear weapons or other nuclear explosive devices and that such exports are in full conformity with the objectives and purposes of the Treaty as stipulated, particularly, in articles I, II and III of the Treaty, as well as the decision on principles and objectives of nuclear non-proliferation and disarmament adopted in 1995 by the Review and Extension Conference.</s>
      </p>
      <p id="142">
        <s id="142:1" lang="en">In accordance with the Nuclear Suppliers Group Guidelines Part 1, the Government of Japan authorizes the transfer and retransfer of items or related technology identified in the Nuclear Suppliers Group Guidelines Part 1 only upon formal governmental assurances from recipients excluding uses that would result in any nuclear explosive device.</s>
      </p>
      <p id="143">
        <s id="143:1" lang="en">In case of nuclear-related dual-use equipment, materials, software and related technology, the Government of Japan obtains, before authorizing the transfer, a statement from the end-user specifying the uses and end-use locations of the proposed transfers and an assurance explicitly stating that the proposed transfer or any replica thereof will not be used in any nuclear explosive activity or unsafeguarded nuclear fuel-cycle activity, in accordance with the Nuclear Suppliers Group Guidelines Part 2.</s>
      </p>
      <p id="144">
        <s id="144:1" lang="en">Action 36</s>
      </p>
      <p id="145">
        <s id="145:1" lang="en">The Conference encourages States parties to make use of multilaterally negotiated and agreed guidelines and understandings in developing their own national export controls.</s>
      </p>
      <p id="146">
        <s id="146:1" lang="en">The Government of Japan implements national export controls based on the Foreign Exchange and Foreign Trade Act and its relevant regulations, which are harmonized with the Nuclear Suppliers Group Guidelines Part 1 and Part 2.</s>
      </p>
      <p id="147">
        <s id="147:1" lang="en">Action 37</s>
      </p>
      <p id="148">
        <s id="148:1" lang="en">The Conference encourages States parties to consider whether a recipient State has brought into force IAEA safeguards obligations in making nuclear export decisions.</s>
      </p>
      <p id="149">
        <s id="149:1" lang="en">The Government of Japan basically requests other States to conclude and bring into force a comprehensive safeguards agreement and an additional protocol to apply this safeguards standard to the supply of nuclear material and equipment.</s>
      </p>
      <p id="150">
        <s id="150:1" lang="en">Action 38</s>
      </p>
      <p id="151">
        <s id="151:1" lang="en">The Conference calls upon all States parties, in acting in pursuance of the objectives of the Treaty, to observe the legitimate right of all States parties, in particular developing States, to full access to nuclear material, equipment and technological information for peaceful purposes.</s>
      </p>
      <p id="152">
        <s id="152:1" lang="en">Japan has been committed to technical cooperation in the peaceful uses of nuclear energy.</s>
        <s id="152:2" lang="en">Japan is the second largest contributor to the IAEA Technical Cooperation Fund.</s>
        <s id="152:3" lang="en">Japan also supports the Peaceful Uses Initiative and has made a significant contribution every year since 2011.</s>
      </p>
      <p id="153">
        <s id="153:1" lang="en">Action 39</s>
      </p>
      <p id="154">
        <s id="154:1" lang="en">States parties are encouraged to facilitate transfers of nuclear technology and materials and international cooperation among States parties, in conformity with articles I, II, III and IV of the Treaty, and to eliminate in this regard any undue constraints inconsistent with the Treaty.</s>
      </p>
      <p id="155">
        <s id="155:1" lang="en">Action 40</s>
      </p>
      <p id="156">
        <s id="156:1" lang="en">The Conference encourages all States to maintain the highest possible standards of security and physical protection of nuclear materials and facilities.</s>
      </p>
      <p id="157">
        <s id="157:1" lang="en">The Government of Japan is working on the incorporation of INFCIRC/225/Rev.5 into the domestic laws and regulations.</s>
        <s id="157:2" lang="en">The Amendment to the Convention on the Physical Protection of Nuclear Material was submitted to the Diet in February 2014.</s>
        <s id="157:3" lang="en">The International Convention for the Suppression of Acts of Nuclear Terrorism was concluded in August 2007.</s>
      </p>
      <p id="158">
        <s id="158:1" lang="en">Action 41</s>
      </p>
      <p id="159">
        <s id="159:1" lang="en">The Conference encourages all States parties to apply, as appropriate, the IAEA recommendations on the physical protection of nuclear material and nuclear facilities (INFCIRC/225/Rev.4 (Corrected)) and other relevant international instruments at the earliest possible date.</s>
      </p>
      <p id="160">
        <s id="160:1" lang="en">INFCIRC/225/Rev.4 (Corrected) was almost incorporated into the domestic laws and regulations.</s>
      </p>
      <p id="161">
        <s id="161:1" lang="en">Action 42</s>
      </p>
      <p id="162">
        <s id="162:1" lang="en">The Conference calls on all States parties to the Convention on the Physical Protection of Nuclear Material to ratify the amendment to the Convention as soon as possible and encourages them to act in accordance with the objectives and the purpose of the amendment until such time as it enters into force.</s>
        <s id="162:2" lang="en">The Conference also encourages all States that have not yet done so to adhere to the Convention and adopt the amendment as soon as possible.</s>
      </p>
      <p id="163">
        <s id="163:1" lang="en">The Amendment to the Convention on the Physical Protection of Nuclear Material was submitted to the Diet in February 2014.</s>
      </p>
      <p id="164">
        <s id="164:1" lang="en">Action 43</s>
      </p>
      <p id="165">
        <s id="165:1" lang="en">The Conference urges all States parties to implement the principles of the revised IAEA Code of Conduct on the Safety and Security of Radioactive Sources, as well as the Guidance on the Import and Export of Radioactive Sources approved by the IAEA Board of Governors in 2004.</s>
      </p>
      <p id="166">
        <s id="166:1" lang="en">Responding to the Code of Conduct and the Guidance, Japan developed the system to issue export certificates to export radioactive isotopes and the registration system of specific isotopes for radioactive sources with high-risk radiation impact on the human body.</s>
      </p>
      <p id="167">
        <s id="167:1" lang="en">Action 44</s>
      </p>
      <p id="168">
        <s id="168:1" lang="en">The Conference calls upon all States parties to improve their national capabilities to detect, deter and disrupt illicit trafficking in nuclear materials throughout their territories, in accordance with their relevant international legal obligations, and calls upon those States parties in a position to do so to work to enhance international partnerships and capacity-building in this regard.</s>
        <s id="168:2" lang="en">The Conference also calls upon States parties to establish and enforce effective domestic controls to prevent the proliferation of nuclear weapons in accordance with their relevant international legal obligations.</s>
      </p>
      <p id="169">
        <s id="169:1" lang="en">(1) Japanese law enforcement authorities and customs are working on improvement of the national capabilities to detect, deter and disrupt illicit trafficking in nuclear materials.</s>
        <s id="169:2" lang="en">The Japan Atomic Energy Agency engages in research and development activities involving leading-edge technologies, including nuclear forensics and nuclear detection for strengthening nuclear security.</s>
        <s id="169:3" lang="en">Japan also contributes to the IAEA Incident and Trafficking Database.</s>
      </p>
      <p id="170">
        <s id="170:1" lang="en">(2) Since 1993, Japan has been holding the Asian Export Control Seminar annually in Tokyo to strengthen export controls and to deepen common recognition and understanding on export control issues among Asian countries and regions.</s>
        <s id="170:2" lang="en">In addition, Japan conducted industrial outreach seminars in the Asian region and training courses for export control officials in Japan.</s>
      </p>
      <p id="171">
        <s id="171:1" lang="en">(3) Japan has established effective domestic controls based on the Foreign Exchange and Foreign Trade Act and its relevant regulations and has been enforcing them effectively in coordination with relevant ministries and agencies.</s>
      </p>
      <p id="172">
        <s id="172:1" lang="en">Action 45</s>
      </p>
      <p id="173">
        <s id="173:1" lang="en">The Conference encourages all States parties that have not yet done so to become party to the International Convention for the Suppression of Acts of Nuclear Terrorism as soon as possible.</s>
      </p>
      <p id="174">
        <s id="174:1" lang="en">The International Convention for the Suppression of Acts of Nuclear Terrorism was concluded in August 2007.</s>
      </p>
      <p id="175">
        <s id="175:1" lang="en">Action 46</s>
      </p>
      <p id="176">
        <s id="176:1" lang="en">The Conference encourages IAEA to continue to assist the States parties in strengthening their national regulatory controls of nuclear material, including the establishment and maintenance of the State systems of accounting for and control of nuclear material, as well as systems on regional level.</s>
        <s id="176:2" lang="en">The Conference calls upon IAEA Member States to broaden their support for the relevant IAEA programmes.</s>
      </p>
      <p id="177">
        <s id="177:1" lang="en">Japan has made financial contributions worth a total of more than $3 million to the IAEA Nuclear Security Fund since its establishment in 2002.</s>
        <s id="177:2" lang="en">Japan recently decided to offer an additional Euro1.13 million.</s>
        <s id="177:3" lang="en">Japan will continue its support for IAEA.</s>
      </p>
      <p id="178">
        <s id="178:1" lang="en">III. Peaceful uses of nuclear energy</s>
      </p>
      <p id="179">
        <s id="179:1" lang="en">Action 47</s>
      </p>
      <p id="180">
        <s id="180:1" lang="en">Respect each country&apos;s choices and decisions in the field of peaceful uses of nuclear energy without jeopardizing its policies or international cooperation agreements and arrangements for peaceful uses of nuclear energy and its fuel cycle policies.</s>
      </p>
      <p id="181">
        <s id="181:1" lang="en">Action 48</s>
      </p>
      <p id="182">
        <s id="182:1" lang="en">Undertake to facilitate, and reaffirm the right of States parties to participate in, the fullest possible exchange of equipment, materials and scientific and technological information for the peaceful uses of nuclear energy.</s>
      </p>
      <p id="183">
        <s id="183:1" lang="en">Action 49</s>
      </p>
      <p id="184">
        <s id="184:1" lang="en">Cooperate with other States parties or international organizations in the further development of nuclear energy for peaceful purposes, with due consideration for the needs of the developing areas of the world.</s>
      </p>
      <p id="185">
        <s id="185:1" lang="en">See actions 52 to 56</s>
      </p>
      <p id="186">
        <s id="186:1" lang="en">Action 50</s>
      </p>
      <p id="187">
        <s id="187:1" lang="en">Give preferential treatment to the</s>
      </p>
      <p id="188">
        <s id="188:1" lang="en">non-nuclear-weapon States parties to the Treaty, taking the needs of developing countries, in particular, into account.</s>
      </p>
      <p id="189">
        <s id="189:1" lang="en">Japan is committed to technical cooperation in the peaceful uses of nuclear energy.</s>
        <s id="189:2" lang="en">Japan is the second largest contributor to the IAEA Technical Cooperation Fund.</s>
        <s id="189:3" lang="en">Japan also supports the Peaceful Uses Initiative and has been making a significant contribution every year since 2011.</s>
      </p>
      <p id="190">
        <s id="190:1" lang="en">Action 51</s>
      </p>
      <p id="191">
        <s id="191:1" lang="en">Facilitate transfers of nuclear technology and international cooperation among States parties in conformity with articles I, II, III, and IV of the Treaty, and eliminate in this regard any undue constraints inconsistent with the Treaty.</s>
      </p>
      <p id="192">
        <s id="192:1" lang="en">Action 52</s>
      </p>
      <p id="193">
        <s id="193:1" lang="en">Continue efforts, within IAEA, to enhance the effectiveness and efficiency of its technical cooperation programme.</s>
      </p>
      <p id="194">
        <s id="194:1" lang="en">Action 53</s>
      </p>
      <p id="195">
        <s id="195:1" lang="en">Strengthen the IAEA technical cooperation programme in assisting developing States parties in the peaceful uses of nuclear energy.</s>
      </p>
      <p id="196">
        <s id="196:1" lang="en">Action 54</s>
      </p>
      <p id="197">
        <s id="197:1" lang="en">Make every effort and to take practical steps to ensure that IAEA resources for technical cooperation activities are sufficient, assured and predictable.</s>
      </p>
      <p id="198">
        <s id="198:1" lang="en">Action 55</s>
      </p>
      <p id="199">
        <s id="199:1" lang="en">Encourage all States in a position to do so to make additional contributions to the initiative designed to raise 100 million dollars over the next five years as extrabudgetary contributions to IAEA activities, while welcoming the contributions already pledged by countries and groups of countries in support of IAEA activities.</s>
      </p>
      <p id="200">
        <s id="200:1" lang="en">Action 56</s>
      </p>
      <p id="201">
        <s id="201:1" lang="en">Encourage national, bilateral and international efforts to train the necessary skilled workforce needed to develop peaceful uses of nuclear energy.</s>
      </p>
      <p id="202">
        <s id="202:1" lang="en">Action 57</s>
      </p>
      <p id="203">
        <s id="203:1" lang="en">Ensure that, when developing nuclear energy, including nuclear power, the use of nuclear energy must be accompanied by commitments to and ongoing implementation of safeguards as well as appropriate and effective levels of safety and security, consistent with States&apos; national legislation and respective international obligations.</s>
      </p>
      <p id="204">
        <s id="204:1" lang="en">Japan attaches great importance to the 3 S&apos;s (safety, security, safeguards) in using nuclear energy.</s>
      </p>
      <p id="205">
        <s id="205:1" lang="en">Action 58</s>
      </p>
      <p id="206">
        <s id="206:1" lang="en">Continue to discuss further, in a</s>
      </p>
      <p id="207">
        <s id="207:1" lang="en">non-discriminatory and transparent manner under the auspices of IAEA or regional forums, the development of multilateral approaches to the nuclear fuel cycle, including the possibilities of creating mechanisms for assurance of nuclear fuel supply, as well as possible schemes dealing with the back-end of the fuel cycle without affecting rights under the Treaty and without prejudice to national fuel cycle policies, while tackling the technical, legal and economic complexities surrounding these issues, including, in this regard, the requirement of IAEA full scope safeguards.</s>
      </p>
      <p id="208">
        <s id="208:1" lang="en">The negotiation between IAEA and the Government of Kazakhstan on creating the IAEA low-enriched uranium bank is still going on.</s>
        <s id="208:2" lang="en">The Government of Japan is following the situation of the negotiation.</s>
      </p>
      <p id="209">
        <s id="209:1" lang="en">Action 59</s>
      </p>
      <p id="210">
        <s id="210:1" lang="en">Consider becoming party, if they have not yet done so, to the Convention on Nuclear Safety, the Convention on Early Notification of a Nuclear Accident, the Convention on Assistance in the Case of a Nuclear Accident or Radiological Emergency, the Joint Convention on the Safety of Spent Fuel Management and on the Safety of Radioactive Waste Management, the International Convention for the Suppression of Acts of Nuclear Terrorism, the Convention on the Physical Protection of Nuclear Material, and to ratify its amendment so that it may enter into force at an early date.</s>
      </p>
      <p id="211">
        <s id="211:1" lang="en">(1) Japan is a contracting party to the Convention on Nuclear Safety, the Convention on Early Notification of a Nuclear Accident, the Joint Convention on the Safety of Spent Fuel Management and on the Safety of Radioactive Waste Management and the Convention on Assistance in the Case of a Nuclear Accident or Radiological Emergency.</s>
        <s id="211:2" lang="en">Japan is encouraging other countries to become parties if they have not yet done so.</s>
      </p>
      <p id="212">
        <s id="212:1" lang="en">(2) The International Convention for the Suppression of Acts of Nuclear Terrorism was concluded in August 2007.</s>
        <s id="212:2" lang="en">The Amendment to the Convention on the Physical Protection of Nuclear Material was submitted to the Diet in February 2014.</s>
      </p>
      <p id="213">
        <s id="213:1" lang="en">Action 60</s>
      </p>
      <p id="214">
        <s id="214:1" lang="en">Promote the sharing of best practices in the area of nuclear safety and security, including through dialogue with the nuclear industry and the private sector, as appropriate.</s>
      </p>
      <p id="215">
        <s id="215:1" lang="en">Japan has hosted World Institute for Nuclear Security workshops several times.</s>
        <s id="215:2" lang="en">In November 2013, Japan hosted a table-top exercise for transport security with participants from France, the Republic of Korea, the United Kingdom, the United States, IAEA and some observer countries, in cooperation with the World Institute for Nuclear Security and the World Nuclear Transport Institute.</s>
      </p>
      <p id="216">
        <s id="216:1" lang="en">Action 61</s>
      </p>
      <p id="217">
        <s id="217:1" lang="en">Encourage States concerned, on a voluntary basis, to further minimize highly enriched uranium in civilian stocks and use, where technically and economically feasible.</s>
      </p>
      <p id="218">
        <s id="218:1" lang="en">Japan decided to remove all highly enriched uranium and separated plutonium from the Fast Critical Assembly at the Japan Atomic Energy Agency.</s>
      </p>
      <p id="219">
        <s id="219:1" lang="en">Action 62</s>
      </p>
      <p id="220">
        <s id="220:1" lang="en">Transport radioactive materials consistent with relevant international standards of safety, security and environmental protection, and to continue communication between shipping and coastal States for the purpose of confidence-building and addressing concerns regarding transport safety, security and emergency preparedness.</s>
      </p>
      <p id="221">
        <s id="221:1" lang="en">In order to consider the development of best practice guidelines for Government-to-Government communication suggested at the IAEA conferences related to transport of radioactive materials held in October 2011 and March 2012, a working group was held repeatedly from December 2012 to August 2013 and Japan actively engaged in the discussions of the working group.</s>
      </p>
      <p id="222">
        <s id="222:1" lang="en">Action 63</s>
      </p>
      <p id="223">
        <s id="223:1" lang="en">Put in force a civil nuclear liability regime by becoming party to relevant international instruments or adopting suitable national legislation, based upon the principles established by the main pertinent international instruments.</s>
      </p>
      <p id="224">
        <s id="224:1" lang="en">In 2013, the Government of Japan expressed its intention to work on concluding the Convention on Supplementary Compensation for Nuclear Damage.</s>
      </p>
      <p id="225">
        <s id="225:1" lang="en">Action 64</s>
      </p>
      <p id="226">
        <s id="226:1" lang="en">The Conference calls upon all States to abide by the decision adopted by consensus at the IAEA General Conference on 18 September 2009 on prohibition of armed attack or threat of attack against nuclear installations, during operation or under construction.</s>
      </p>
    </body>
  </text>
</TEI.2>
