<?xml version="1.0" encoding="utf-8"?>
<TEI.2>
  <teiHeader>
    <fileDesc>
      <titleStmt>
        <title>The United Nations Parallel Corpus v1.0 - NPT/CONF.2015/PC.III/5</title>
      </titleStmt>
      <publicationStmt>
        <publisher>United Nations DGACM</publisher>
        <pubPlace>New York</pubPlace>
        <date>20140423</date>
        <idno type="symbol">NPT/CONF.2015/PC.III/5</idno>
        <idno type="jobno">N1430766</idno>
        <availability>
          <p>The following disclaimer, an integral part of the United Nations Parallel Corpus v1.0, 
             shall be respected in regard to the Corpus v1.0 (no other restrictions apply):</p>

          <p>The United Nations Parallel Corpus is made available without warranty of any kind, 
             explicit or implied. The United Nations specifically makes no warranties or 
             representations as to the accuracy or completeness of the information contained in 
             the United Nations corpus.</p>

          <p>Under no circumstances shall the United Nations be liable for any loss, liability,
             injury or damage incurred or suffered that is claimed to have resulted from the use
             of the United Nations Corpus. The use of the United Nations Corpus is at the user's 
             sole risk. The user specifically acknowledges and agrees that the United Nations is 
             not liable for the conduct of any user. If the user is dissatisfied with any of the 
             material provided in the United Nations Corpus, the users's sole and exclusive remedy 
             is to discontinue using the United Nations Corpus.</p>

          <p>When using the United Nations Corpus, the user must acknowledge the United Nations as the
             source of the information. For references, please use this reference:
             Ziemski, M., Junczys-Dowmunt, M., and Pouliquen, B. (2016) The United Nations
             Parallel Corpus, Language Resources and Evaluation (LREC’16), Portorož, Slovenia, 
             May 2016.</p>

          <p>Nothing herein shall constitute or be considered to be a limitation upon or waiver,
             express or implied, of the privileges and immunities of the United Nations, which
             are specifically reserved.</p>
        </availability>
        <distributor>http://conferences.unite.un.org/UNCorpus</distributor>
      </publicationStmt>
      <sourceDesc>
        <p>http://www.un.org/en/official-documents-system-search/index.html</p>
      </sourceDesc>
    </fileDesc>
    <profileDesc>
      <langUsage>
        <language ident="en">English</language>
      </langUsage>
    </profileDesc>
  </teiHeader>
  <text>
    <body>
      <p id="1">
        <s id="1:1" lang="en">Third session</s>
      </p>
      <p id="2">
        <s id="2:1" lang="en">New York, 28 April-9 May 2014</s>
      </p>
      <p id="3">
        <s id="3:1" lang="en">Report on the activities of Australia in support of the implementation of the action plan of the 2010 Review Conference of the Parties to the Treaty on the</s>
      </p>
      <p id="4">
        <s id="4:1" lang="en">Non-Proliferation of Nuclear Weapons</s>
      </p>
      <p id="5">
        <s id="5:1" lang="en">I. Nuclear disarmament</s>
      </p>
      <p id="6">
        <s id="6:1" lang="en">A. Principles and objectives: The Conference resolves that:</s>
      </p>
      <p id="7">
        <s id="7:1" lang="en">Action 1</s>
      </p>
      <p id="8">
        <s id="8:1" lang="en">All States parties commit to pursue policies that are fully compatible with the Treaty and the objective of achieving a world without nuclear weapons.</s>
      </p>
      <p id="9">
        <s id="9:1" lang="en">Australia&apos;s commitment to the Treaty and the objective of achieving a world without nuclear weapons remains undiminished.</s>
        <s id="9:2" lang="en">We hold ourselves to the highest standards of compliance with our non-proliferation obligations.</s>
        <s id="9:3" lang="en">Australia continues to be a prominent and active advocate of nuclear disarmament and non-proliferation.</s>
        <s id="9:4" lang="en">Initiatives we have promoted include a comprehensive ban on nuclear tests (the Comprehensive Nuclear-Test-Ban Treaty, which Australia ratified in July 1998) and negotiations on a treaty to cap the production of fissile materials.</s>
        <s id="9:5" lang="en">Australia is also, along with Japan, a founding member of the 12-nation Non-Proliferation and Disarmament Initiative.</s>
        <s id="9:6" lang="en">The key objective of the Initiative is specifically to take forward the 64-point action plan of the 2010 Review Conference of the Parties to the Treaty on the Non-Proliferation of Nuclear Weapons, which was agreed by consensus and includes most of the steps required to advance the disarmament and</s>
      </p>
      <p id="10">
        <s id="10:1" lang="en">non-proliferation objectives encapsulated by the Non-Proliferation Treaty.</s>
      </p>
      <p id="11">
        <s id="11:1" lang="en">Australia actively supported and participated as a Friend of the Chair, contributed a joint building block paper and moderated several sessions in the open-ended working group process in 2013 to advance nuclear disarmament negotiations, as established by General Assembly resolution 67/56 of 3 December 2012.</s>
      </p>
      <p id="12">
        <s id="12:1" lang="en">The Non-Proliferation and Disarmament Initiative has submitted a number of working papers during the 2015 Non-Proliferation Treaty review cycle calling for concrete steps towards the elimination of nuclear weapons.</s>
        <s id="12:2" lang="en">Our &quot;Nuclear Disarmament Post-New START&quot; working paper for the 2014 Preparatory Committee welcomed the ongoing implementation of New START but called for a further round of cuts and called upon all nuclear-weapon States and other States possessing nuclear weapons to take further steps to reduce their arsenals.</s>
        <s id="12:3" lang="en">The Non-Proliferation and Disarmament Initiative also submitted a paper in 2014 calling on the nuclear-weapon States to reduce the operational status of nuclear weapons systems, pursuant to actions 5 (e) and 5 (f) of the 2010 action plan (&quot;De-alerting&quot; working paper).</s>
      </p>
      <p id="13">
        <s id="13:1" lang="en">At the 2013 Preparatory Committee, the Initiative submitted papers urging the inclusion of non-strategic nuclear weapons in any future nuclear disarmament process and calling on nuclear-weapon States to reduce the role of nuclear weapons in national security policies (&quot;Reduced role of nuclear weapons&quot; working paper).</s>
      </p>
      <p id="14">
        <s id="14:1" lang="en">Australia&apos;s concerns about the humanitarian consequences of nuclear weapons use has underpinned our actions in seeking practical and achievable ways to move towards a world without nuclear weapons.</s>
        <s id="14:2" lang="en">Australia, along with 17 other States, issued a statement at the sixty-eighth session of the General Assembly, underlining that the issue of the humanitarian impact of nuclear weapons use is an integral part of the global disarmament and non-proliferation process.</s>
      </p>
      <p id="15">
        <s id="15:1" lang="en">Action 2</s>
      </p>
      <p id="16">
        <s id="16:1" lang="en">All States parties commit to apply the principles of irreversibility, verifiability and transparency in relation to the implementation of their treaty obligations.</s>
      </p>
      <p id="17">
        <s id="17:1" lang="en">Australia reaffirms its commitment to apply the principles of irreversibility, verifiability and transparency in relation to the implementation of its Non-Proliferation Treaty obligations.</s>
        <s id="17:2" lang="en">Australia&apos;s support for, inter alia, the entry into force of the Comprehensive Nuclear-Test-Ban Treaty, the fissile material cut-off treaty, the International Atomic Energy Agency (IAEA) safeguards, nuclear-weapon-free zones and transparency through reporting is consistent with that commitment.</s>
      </p>
      <p id="18">
        <s id="18:1" lang="en">Australia, along with the other 11 members of the Non-Proliferation and Disarmament Initiative, also submitted a working paper on increased transparency in nuclear disarmament, stressing that the principle of transparency underpinned the principles of verifiability and irreversibility and that increased transparency went to the core of strengthening the Non-Proliferation Treaty review process.</s>
        <s id="18:2" lang="en">The working paper called upon nuclear-weapon States to agree on a standard reporting form and to use it to meet reporting commitments.</s>
        <s id="18:3" lang="en">Greater transparency is also essential for building the trust and confidence necessary to underpin disarmament.</s>
      </p>
      <p id="19">
        <s id="19:1" lang="en">B. Disarmament of nuclear weapons: The Conference resolves that:</s>
      </p>
      <p id="20">
        <s id="20:1" lang="en">Action 3</s>
      </p>
      <p id="21">
        <s id="21:1" lang="en">In implementing the unequivocal undertaking by the nuclear-weapon States to accomplish the total elimination of their nuclear arsenals, the nuclear-weapon States commit to undertake further efforts to reduce and ultimately eliminate all types of nuclear weapons, deployed and non-deployed, including through unilateral, bilateral, regional and multilateral measures.</s>
      </p>
      <p id="22">
        <s id="22:1" lang="en">N/A</s>
      </p>
      <p id="23">
        <s id="23:1" lang="en">Action 4</s>
      </p>
      <p id="24">
        <s id="24:1" lang="en">The Russian Federation and the United States of America commit to seek the early entry into force and full implementation of the Treaty on Measures for the Further Reduction and Limitation of Strategic Offensive Arms and are encouraged to continue discussions on follow-on measures in order to achieve deeper reductions in their nuclear arsenals.</s>
      </p>
      <p id="25">
        <s id="25:1" lang="en">Action 5</s>
      </p>
      <p id="26">
        <s id="26:1" lang="en">The nuclear-weapon States commit to accelerate concrete progress</s>
      </p>
      <p id="27">
        <s id="27:1" lang="en">on the steps leading to nuclear disarmament, contained in the Final Document of the 2000 Review Conference, in a way that promotes international stability, peace and undiminished and increased security.</s>
        <s id="27:2" lang="en">To that end, they are called upon to promptly engage with a view to, inter alia:</s>
      </p>
      <p id="28">
        <s id="28:1" lang="en">(a) Rapidly moving towards an overall reduction in the global stockpile of all types of nuclear weapons, as identified in action 3;</s>
      </p>
      <p id="29">
        <s id="29:1" lang="en">(b) Address the question of all nuclear weapons regardless of their type or their location as an integral part of the general nuclear disarmament process;</s>
      </p>
      <p id="30">
        <s id="30:1" lang="en">(c) To further diminish the role and significance of nuclear weapons in all military and security concepts, doctrines and policies;</s>
      </p>
      <p id="31">
        <s id="31:1" lang="en">(d) Discuss policies that could prevent the use of nuclear weapons and eventually lead to their elimination, lessen the danger of nuclear war and contribute to the non-proliferation and disarmament of nuclear weapons;</s>
      </p>
      <p id="32">
        <s id="32:1" lang="en">(e) Consider the legitimate interest of non-nuclear-weapon States in further reducing the operational status of nuclear weapons systems in ways that promote international stability and security;</s>
      </p>
      <p id="33">
        <s id="33:1" lang="en">(f) Reduce the risk of accidental use of nuclear weapons; and</s>
      </p>
      <p id="34">
        <s id="34:1" lang="en">(g) Further enhance transparency and increase mutual confidence.</s>
      </p>
      <p id="35">
        <s id="35:1" lang="en">Action 6</s>
      </p>
      <p id="36">
        <s id="36:1" lang="en">All States agree that the Conference on Disarmament should immediately establish a subsidiary body to deal with nuclear disarmament, within the context of an agreed, comprehensive and balanced programme of work.</s>
      </p>
      <p id="37">
        <s id="37:1" lang="en">As a member of the Conference on Disarmament, Australia supports the establishment of a subsidiary body to deal with nuclear disarmament, within the context of an agreed, comprehensive and balanced programme of work.</s>
      </p>
      <p id="38">
        <s id="38:1" lang="en">Australia has consistently called for the adoption by the Conference on Disarmament of a programme of work that would provide for the implementation of this action: Australian Minister for Foreign Affairs, Julie Bishop, in a speech to the Conference on Disarmament on</s>
      </p>
      <p id="39">
        <s id="39:1" lang="en">26 March 2014, called on all members to unblock the Conference on Disarmament and agree on a programme of work.</s>
      </p>
      <p id="40">
        <s id="40:1" lang="en">Australia worked actively and constructively as vice-co-chair of the Informal Working Group, through the offices of Ambassador Woolcott, with the mandate to &quot;adopt and implement a programme of work&quot; in the 2013 session of the Conference on Disarmament.</s>
        <s id="40:2" lang="en">This mandate was renewed in 2014 and the Informal Working Group is continuing to proactively obtain a breakthrough at the earliest possible date in the 2014 session on a consensus on a Conference programme of work.</s>
      </p>
      <p id="41">
        <s id="41:1" lang="en">C. Security assurances: Without prejudice to efforts with the Treaty on the Non-Proliferation of Nuclear Weapons, the Conference resolves that:</s>
      </p>
      <p id="42">
        <s id="42:1" lang="en">Action 7</s>
      </p>
      <p id="43">
        <s id="43:1" lang="en">All States agree that the Conference on Disarmament should, within the context of an agreed, comprehensive and balanced programme of work, immediately begin discussion of effective international arrangements to assure non-nuclear-weapon States against the use or threat of use of nuclear weapons, to discuss substantively, without limitation, with a view to elaborating recommendations dealing with all aspects of this issue, not excluding an internationally legally binding instrument.</s>
        <s id="43:2" lang="en">The Review Conference invites the Secretary-General of the United Nations to convene a high-level meeting in September 2010 in support of the work of the Conference on Disarmament.</s>
      </p>
      <p id="44">
        <s id="44:1" lang="en">As a member of the Conference on Disarmament, Australia supports the discussion of effective international arrangements to assure non-nuclear-weapon States against the use or threat of use of nuclear weapons, within the context of an agreed, comprehensive and balanced programme of work.</s>
      </p>
      <p id="45">
        <s id="45:1" lang="en">Australia has consistently called for the adoption by the Conference on Disarmament of a programme of work which would provide for the implementation of this action.</s>
        <s id="45:2" lang="en">Australia&apos;s Minister for Foreign Affairs attended the high-level meeting in New York on 24 September 2010 and registered Australia&apos;s strong concern about the continuing failure of the Conference to resume substantive work.</s>
        <s id="45:3" lang="en">The Minister for Foreign Affairs, Julie Bishop, repeated this call in an address to the Conference on 26 March 2014.</s>
      </p>
      <p id="46">
        <s id="46:1" lang="en">Australia is working actively and constructively as vice-co-chair of the Informal Working Group with the mandate to &quot;adopt and implement a programme of work at the earliest possible date in the 2014 session&quot; to find consensus on a Conference on Disarmament programme of work.</s>
      </p>
      <p id="47">
        <s id="47:1" lang="en">We, as part of the Non-Proliferation and Disarmament Initiative, produced a working paper on nuclear-weapon-free zones and negative security assurances for the 2013 Preparatory Committee underlining the legitimate interest that non-nuclear-weapon States have in receiving unequivocal and legally binding security assurances.</s>
      </p>
      <p id="48">
        <s id="48:1" lang="en">Action 8</s>
      </p>
      <p id="49">
        <s id="49:1" lang="en">All nuclear-weapon States commit to fully respect their existing commitments with regard to security assurances.</s>
        <s id="49:2" lang="en">Those nuclear-weapon States that have not yet done so are encouraged to extend security assurances to non-nuclear-weapon States parties to the Treaty.</s>
      </p>
      <p id="50">
        <s id="50:1" lang="en">Action 9</s>
      </p>
      <p id="51">
        <s id="51:1" lang="en">The establishment of further nuclear-weapon-free zones, where appropriate, on the basis of arrangements freely arrived at among States of the region concerned, and in accordance with the 1999 Guidelines of the United Nations Disarmament Commission, is encouraged.</s>
        <s id="51:2" lang="en">All concerned States are encouraged to ratify the nuclear-weapon-free zone treaties and their relevant protocols, and to constructively consult and cooperate to bring about the entry into force of the relevant legally binding protocols of all such nuclear-weapon-free zones treaties, which include negative security assurances.</s>
        <s id="51:3" lang="en">The concerned States are encouraged to review any related reservations.</s>
      </p>
      <p id="52">
        <s id="52:1" lang="en">Australia is a strong supporter of nuclear-weapon-free zones freely arrived at by Member States.</s>
      </p>
      <p id="53">
        <s id="53:1" lang="en">Australia was an early champion of the South Pacific Nuclear Free Zone Treaty and ratified the Treaty on 11 December 1986.</s>
      </p>
      <p id="54">
        <s id="54:1" lang="en">Australia advocates for all countries of the region to join the Treaty and continues to encourage the United States of America to ratify the Treaty&apos;s protocols without reservation.</s>
      </p>
      <p id="55">
        <s id="55:1" lang="en">Australia supports dialogue between Association of Southeast Asian Nations (ASEAN) members and the nuclear-weapon States on the signature by the nuclear-weapon States of the Protocol to the Treaty on the Southeast Asia Nuclear Weapon-Free Zone.</s>
        <s id="55:2" lang="en">Australia also encourages all members of the Central Asian nuclear-weapon-free zone and the nuclear-weapon States to continue to work together to resolve their</s>
      </p>
      <p id="56">
        <s id="56:1" lang="en">differences and enable signature of the protocols to the Treaty on a Nuclear-Weapon-Free Zone in Central Asia.</s>
      </p>
      <p id="57">
        <s id="57:1" lang="en">Australia co-sponsors the annual General Assembly resolution (most recently 68/25) on the African Nuclear-Weapon-Free Zone Treaty (Pelindaba Treaty).</s>
      </p>
      <p id="58">
        <s id="58:1" lang="en">Australia continues to support the establishment of a Middle East zone free of nuclear weapons and other weapons of mass destruction, freely arrived at by regional States.</s>
        <s id="58:2" lang="en">The Australian Government supports constructive efforts towards the convening of a conference to discuss such a zone.</s>
      </p>
      <p id="59">
        <s id="59:1" lang="en">We, as part of the Non-Proliferation and Disarmament Initiative, submitted a working paper on nuclear-weapon-free zones and negative security assurances to the 2013 Preparatory Committee, and a working paper on establishing a weapons-of-mass-destruction-free zone in the Middle East to the 2014 Preparatory Committee, underlining that nuclear-weapon-free zones are an important means for enhancing global and regional peace and security.</s>
      </p>
      <p id="60">
        <s id="60:1" lang="en">D. Nuclear testing: The Conference resolves that:</s>
      </p>
      <p id="61">
        <s id="61:1" lang="en">Action 10</s>
      </p>
      <p id="62">
        <s id="62:1" lang="en">All nuclear-weapon States undertake to ratify the Comprehensive Nuclear-Test-Ban Treaty with all expediency, noting that positive decisions by nuclear-weapon States would have the beneficial impact towards the ratification of that Treaty, and that nuclear-weapon States have the special responsibility to encourage Annex 2 countries, in particular those which have not acceded to the Treaty on the Non-Proliferation of Nuclear Weapons and continue to operate unsafeguarded nuclear facilities, to sign and ratify.</s>
      </p>
      <p id="63">
        <s id="63:1" lang="en">Australia was one of the earliest countries to ratify the Comprehensive Nuclear-Test-Ban Treaty, doing so in July 1998, and actively promotes further ratifications of the Treaty, particularly by Annex 2 States, to allow its entry into force.</s>
      </p>
      <p id="64">
        <s id="64:1" lang="en">Action 11</s>
      </p>
      <p id="65">
        <s id="65:1" lang="en">Pending the entry into force of the Comprehensive Nuclear-Test-Ban Treaty, all States commit to refrain from nuclear-weapon test explosions or any other nuclear explosions, the use of new nuclear weapons technologies and from any action that would defeat the object and purpose of that Treaty, and all existing moratoriums on nuclear-weapon test explosions should be maintained.</s>
      </p>
      <p id="66">
        <s id="66:1" lang="en">Australia has enacted national legislation (the Comprehensive Nuclear Test-Ban Treaty Act 1998 (the CTBT Act) and the Non-Proliferation Legislation Amendment Act 2003) implementing the obligations of the Comprehensive Nuclear-Test-Ban Treaty, in preparation for its entry into force.</s>
        <s id="66:2" lang="en">Through this legislation, a ban on nuclear testing is in force.</s>
      </p>
      <p id="67">
        <s id="67:1" lang="en">Action 12</s>
      </p>
      <p id="68">
        <s id="68:1" lang="en">All States that have ratified the Comprehensive Nuclear-Test-Ban Treaty recognize the contribution of the conferences on facilitating the entry into force of that Treaty and of the measures adopted by consensus at the Sixth Conference on Facilitating the Entry into Force of the Comprehensive Nuclear-Test-Ban Treaty, held in September 2009, and commit to report at the 2011 Conference on progress made towards the urgent entry into force of that Treaty.</s>
      </p>
      <p id="69">
        <s id="69:1" lang="en">Australia&apos;s Minister for Foreign Affairs outlined Australia&apos;s activities in pursuit of the entry into force of the Comprehensive Nuclear-Test-Ban Treaty during the 2011 Comprehensive Nuclear-Test-Ban Treaty Article XIV Conference in New York on 23 September 2011.</s>
      </p>
      <p id="70">
        <s id="70:1" lang="en">Action 13</s>
      </p>
      <p id="71">
        <s id="71:1" lang="en">All States that have ratified the Comprehensive Nuclear-Test-Ban Treaty undertake to promote the entry into force and implementation of that Treaty at the national, regional and global levels.</s>
      </p>
      <p id="72">
        <s id="72:1" lang="en">Australia, as co-chair of the Friends of the Comprehensive Nuclear-Test-Ban Treaty group, which convenes a high-level meeting biannually during General Assembly Leaders&apos; Week, consistently urges States that have yet to do so to sign and/or ratify the Comprehensive Nuclear-Test-Ban Treaty.</s>
        <s id="72:2" lang="en">Australia&apos;s Minister for Foreign Affairs chaired the Friends of the Comprehensive Nuclear-Test-Ban Treaty meeting in New York on 27 September 2012.</s>
      </p>
      <p id="73">
        <s id="73:1" lang="en">Australia welcomed the most recent ratifications of the Treaty: Guinea-Bissau and Iraq in September 2013 and Niue in March 2014.</s>
      </p>
      <p id="74">
        <s id="74:1" lang="en">With Mexico and New Zealand, Australia is lead sponsor of the annual General Assembly resolution (most recently 68/68), which stresses the fundamental importance of the Comprehensive Nuclear-Test-Ban Treaty to nuclear disarmament and non-proliferation and urges its earliest entry into force.</s>
      </p>
      <p id="75">
        <s id="75:1" lang="en">Australia&apos;s Ambassador for Disarmament reiterated, at the eighth Comprehensive Nuclear-Test-Ban Treaty Article XIV Conference in September 2013, the importance of maintaining international momentum towards entry into force of the Treaty.</s>
      </p>
      <p id="76">
        <s id="76:1" lang="en">Former Australian Prime Minister Kevin Rudd is a member of the Comprehensive Nuclear-Test-Ban Treaty Group of Eminent Persons, which is focused on entry into force and pressing remaining States to ratify the Treaty, particularly Annex 2 States.</s>
      </p>
      <p id="77">
        <s id="77:1" lang="en">Australia, with other members of the</s>
      </p>
      <p id="78">
        <s id="78:1" lang="en">Non-Proliferation and Disarmament Initiative and Vienna Group of Ten, presented working papers on this issue to the 2013 Preparatory Committee.</s>
      </p>
      <p id="79">
        <s id="79:1" lang="en">Australia, through the Vienna Group of Ten, presented a working paper on addressing &quot;Vienna issues&quot; to the 2014 Preparatory Committee, which covers, inter alia, Comprehensive Nuclear-Test-Ban Treaty issues.</s>
      </p>
      <p id="80">
        <s id="80:1" lang="en">Action 14</s>
      </p>
      <p id="81">
        <s id="81:1" lang="en">The Preparatory Commission for the Comprehensive Nuclear-Test-Ban Treaty Organization is to be encouraged to fully develop the verification regime for the Comprehensive Nuclear-Test-Ban Treaty, including early completion and provisional operationalization of the international monitoring system in accordance with the mandate of the Preparatory Commission, which should, upon entry into force of that Treaty, serve as an effective, reliable, participatory and non-discriminatory verification system with global reach, and provide assurance of compliance with that Treaty.</s>
      </p>
      <p id="82">
        <s id="82:1" lang="en">Australia hosts the third largest number of monitoring stations (21) in the Comprehensive Nuclear-Test-Ban Treaty International Monitoring System.</s>
        <s id="82:2" lang="en">Australia also actively supports the Comprehensive Nuclear-Test-Ban Treaty Organization in developing other aspects of its verification regime, including a leading role in developing on-site inspection procedures.</s>
      </p>
      <p id="83">
        <s id="83:1" lang="en">Australia works with the Comprehensive Nuclear-Test-Ban Treaty Organization, through technical workshops and other outreach measures, to promote development of and cooperation between national data centres.</s>
      </p>
      <p id="84">
        <s id="84:1" lang="en">Australia consistently calls on all States to provide strong financial, technical and political support to the Comprehensive Nuclear-Test-Ban Treaty Organization for its work on the Comprehensive Nuclear-Test-Ban Treaty verification regime.</s>
      </p>
      <p id="85">
        <s id="85:1" lang="en">E. Fissile materials: The Conference resolves that:</s>
      </p>
      <p id="86">
        <s id="86:1" lang="en">Action 15</s>
      </p>
      <p id="87">
        <s id="87:1" lang="en">All States agree that the Conference on Disarmament should, within the context of an agreed, comprehensive and balanced programme of work, immediately begin negotiation of a treaty banning the production of fissile material for use in nuclear weapons or other nuclear explosive devices in accordance with the report of the Special Coordinator of 1995 (CD/1299) and the mandate contained therein.</s>
        <s id="87:2" lang="en">Also in this respect, the Review Conference invites the Secretary-General of the United Nations to convene a high-level meeting in September 2010 in support of the work</s>
      </p>
      <p id="88">
        <s id="88:1" lang="en">of the Conference on Disarmament.</s>
      </p>
      <p id="89">
        <s id="89:1" lang="en">Australia is a strong proponent for the commencement of negotiations for a treaty banning the production of fissile material for use in nuclear weapons or other nuclear explosive devices, commonly known as the fissile material cut-off treaty.</s>
      </p>
      <p id="90">
        <s id="90:1" lang="en">Australia&apos;s Minister for Foreign Affairs attended the high-level meeting in New York on</s>
      </p>
      <p id="91">
        <s id="91:1" lang="en">24 September 2010 and registered Australia&apos;s strong concern about the continuing failure of the Conference on Disarmament to resume substantive work.</s>
      </p>
      <p id="92">
        <s id="92:1" lang="en">In 2011, Australia and Japan co-hosted, and in 2012 Australia participated in, a series of experts side events in Geneva to discuss technical aspects of such a treaty and to help build confidence and momentum for a start to negotiations in the Conference on Disarmament.</s>
      </p>
      <p id="93">
        <s id="93:1" lang="en">Australia has consistently called for the adoption by the Conference on Disarmament of a programme of work which would provide for the implementation of this action, most recently during an address to the Conference on Disarmament on 26 March 2014 by Minister for Foreign Affairs, Julie Bishop.</s>
      </p>
      <p id="94">
        <s id="94:1" lang="en">Australia supported General Assembly resolution 67/53 and General Assembly decision 68/518, which called on the Conference on Disarmament to commence negotiations on a treaty banning the production of fissile material for nuclear weapons and, in the interim, for a group of governmental experts to make recommendations on aspects of such a ban.</s>
        <s id="94:2" lang="en">Australia actively participated in the first group of governmental experts in Geneva in April and May 2014.</s>
      </p>
      <p id="95">
        <s id="95:1" lang="en">Action 16</s>
      </p>
      <p id="96">
        <s id="96:1" lang="en">The nuclear-weapon States are encouraged to commit to declare, as appropriate, to the International Atomic Energy Agency (IAEA) all fissile material designated by each of them as no longer required for military purposes and to place such material as soon as practicable under IAEA or other relevant international verification and arrangements for the disposition of such material for peaceful purposes, to ensure that such material remains permanently outside military programmes.</s>
      </p>
      <p id="97">
        <s id="97:1" lang="en">Action 17</s>
      </p>
      <p id="98">
        <s id="98:1" lang="en">In the context of action 16, all States are encouraged to support the development of appropriate legally binding verification arrangements, within the context of IAEA, to ensure the irreversible removal of fissile material designated by each nuclear-weapon State as no longer required for military purposes.</s>
      </p>
      <p id="99">
        <s id="99:1" lang="en">Australia affirms its readiness to contribute to the development of appropriate legally binding verification arrangements, within the context of IAEA, to ensure the irreversible removal of fissile material designated by each nuclear-weapon State as no longer required for military purposes.</s>
      </p>
      <p id="100">
        <s id="100:1" lang="en">Action 18</s>
      </p>
      <p id="101">
        <s id="101:1" lang="en">All States that have not yet done so are encouraged to initiate a process towards the dismantling or conversion for peaceful uses of facilities for the production of fissile material for use in nuclear weapons or other nuclear explosive devices.</s>
      </p>
      <p id="102">
        <s id="102:1" lang="en">Australia has never had facilities for the production of fissile material for use in nuclear weapons or other nuclear explosive devices.</s>
      </p>
      <p id="103">
        <s id="103:1" lang="en">F. Other measures in support of nuclear disarmament: The Conference resolves that:</s>
      </p>
      <p id="104">
        <s id="104:1" lang="en">Action 19</s>
      </p>
      <p id="105">
        <s id="105:1" lang="en">All States agree on the importance of supporting cooperation among Governments, the United Nations, other international and regional organizations and civil society aimed at increasing confidence, improving transparency and developing efficient verification capabilities related to nuclear disarmament.</s>
      </p>
      <p id="106">
        <s id="106:1" lang="en">Australia is committed to supporting cooperation among Governments, the United Nations, other international and regional organizations and civil society aimed at increasing confidence, improving transparency and developing efficient verification capabilities related to nuclear</s>
      </p>
      <p id="107">
        <s id="107:1" lang="en">disarmament.</s>
        <s id="107:2" lang="en">This report is consistent with that commitment and outlines Australia&apos;s efforts in this regard.</s>
      </p>
      <p id="108">
        <s id="108:1" lang="en">We, as part of the Non-Proliferation and Disarmament Initiative, presented a working paper on increased transparency in nuclear disarmament to the 2014 Preparatory Committee, underlining the importance of nuclear-weapon States agreeing on a standard reporting form to meet their disarmament reporting obligations.</s>
      </p>
      <p id="109">
        <s id="109:1" lang="en">Action 20</s>
      </p>
      <p id="110">
        <s id="110:1" lang="en">States parties should submit regular reports, within the framework of the strengthened review process for the Treaty, on the implementation of the present action plan, as well as of article VI, paragraph 4 (c), of the 1995 decision entitled &quot;Principles and objectives for nuclear non-proliferation and disarmament&quot;, and the practical steps agreed to in the Final Document of the 2000 Review Conference, and recalling the advisory opinion of the International Court of Justice of 8 July 1996.</s>
      </p>
      <p id="111">
        <s id="111:1" lang="en">(This field can be used for reporting on implementation of relevant decisions agreed prior to 2010.)</s>
      </p>
      <p id="112">
        <s id="112:1" lang="en">In addition to the 2010 action plan, this report takes in Australia&apos;s reporting on the implementation of article VI, paragraph 4 (c) of the 1995 decision entitled &quot;Principles and objectives for nuclear non-proliferation and disarmament&quot; and the practical steps agreed to in the Final Document of the 2000 Review Conference.</s>
      </p>
      <p id="113">
        <s id="113:1" lang="en">Australia&apos;s previous report on the implementation of article VI, paragraph 4 (c) of the 1995 decision entitled &quot;Principles and objectives for nuclear non-proliferation and disarmament&quot; is contained in document NPT/CONF.2010/36 of 7 May 2010.</s>
      </p>
      <p id="114">
        <s id="114:1" lang="en">The present report updates our 2012 written report and the 2013 verbal update on Australian&apos;s activities in support of the 2010 action plan.</s>
      </p>
      <p id="115">
        <s id="115:1" lang="en">The Australian National University&apos;s Centre for Nuclear Non-Proliferation and Disarmament, which has received financial support from the Australian Government, produced the report Nuclear Weapons: The State of Play on the implementation of, inter alia, the 2010 Review Conference action plan.</s>
      </p>
      <p id="116">
        <s id="116:1" lang="en">Action 21</s>
      </p>
      <p id="117">
        <s id="117:1" lang="en">As a confidence-building measure, all the nuclear-weapon States are encouraged to agree as soon as possible on a standard reporting form and to determine appropriate reporting intervals for the purpose of voluntarily providing standard information without prejudice to national security.</s>
        <s id="117:2" lang="en">The Secretary-General of the United Nations is invited to establish a publicly accessible repository, which shall include the information provided by the nuclear-weapon States.</s>
      </p>
      <p id="118">
        <s id="118:1" lang="en">With other countries in the Non-Proliferation and Disarmament Initiative, Australia has jointly developed a draft nuclear disarmament reporting form.</s>
        <s id="118:2" lang="en">The Initiative has shared the draft form with the nuclear-weapon States, as a contribution to their discussions on disarmament transparency and implementation of this action.</s>
        <s id="118:3" lang="en">The Initiative presented a working paper on this issue to the 2012 Preparatory Committee.</s>
        <s id="118:4" lang="en">The Initiative further submitted a working paper to the 2014 Preparatory Committee on increased transparency, calling on nuclear-weapon States to agree on a standard reporting form and to use it to implement action 20 and action 5.</s>
      </p>
      <p id="119">
        <s id="119:1" lang="en">Action 22</s>
      </p>
      <p id="120">
        <s id="120:1" lang="en">All States are encouraged to implement the recommendations contained in the report of the Secretary-General of the United Nations (A/57/124) regarding the United Nations study on disarmament and non-proliferation education, in order to advance the goals of the Treaty in support of achieving a world without nuclear weapons.</s>
      </p>
      <p id="121">
        <s id="121:1" lang="en">Australia welcomes the recommendations in the report of the Secretary-General of the United Nations (A/57/124) regarding the United Nations study on disarmament and non-proliferation education.</s>
      </p>
      <p id="122">
        <s id="122:1" lang="en">The Non-Proliferation and Disarmament Initiative, in September 2011, announced that it would actively promote disarmament and non-proliferation education to achieve a world free of nuclear weapons.</s>
        <s id="122:2" lang="en">The Initiative produced separate working papers on this issue for the 2012 and 2013 Preparatory Committees.</s>
        <s id="122:3" lang="en">Australia joined Japan, along with 30 other countries, as a co-sponsor for a statement on disarmament and non-proliferation education delivered to the 2013 Preparatory Committee.</s>
        <s id="122:4" lang="en">We are again supporting Japan&apos;s initiative in 2014.</s>
      </p>
      <p id="123">
        <s id="123:1" lang="en">II. Nuclear non-proliferation</s>
      </p>
      <p id="124">
        <s id="124:1" lang="en">Action 23</s>
      </p>
      <p id="125">
        <s id="125:1" lang="en">The Conference calls upon all States parties to exert all efforts to promote universal adherence to the Treaty, and not to undertake any actions that can negatively affect prospects for the universality of the Treaty.</s>
      </p>
      <p id="126">
        <s id="126:1" lang="en">Australia actively promotes universal adherence to the Treaty and its principles.</s>
      </p>
      <p id="127">
        <s id="127:1" lang="en">In bilateral exchanges and statements in multilateral forums, Australia has consistently called for all Non-Proliferation Treaty States to join the Treaty as non-nuclear-weapon States and without preconditions.</s>
        <s id="127:2" lang="en">Australia has also conducted regional outreach activities promoting adherence to and fulfilment of Non-Proliferation Treaty commitments, including through hosting capacity-building courses and workshops in Australia.</s>
      </p>
      <p id="128">
        <s id="128:1" lang="en">The Non-Proliferation and Disarmament Initiative submitted a working paper on addressing withdrawal from the</s>
      </p>
      <p id="129">
        <s id="129:1" lang="en">Non-Proliferation Treaty to the 2014 Preparatory Committee.</s>
      </p>
      <p id="130">
        <s id="130:1" lang="en">Action 24</s>
      </p>
      <p id="131">
        <s id="131:1" lang="en">The Conference re-endorses the call by previous review conferences for the application of IAEA comprehensive safeguards to all source or special fissionable material in all peaceful nuclear activities in the States parties in accordance with the provisions of article III of the Treaty.</s>
      </p>
      <p id="132">
        <s id="132:1" lang="en">Australia actively supports the application of IAEA comprehensive safeguards, together with the IAEA additional protocol, to all source or special fissionable material in all peaceful nuclear activities.</s>
      </p>
      <p id="133">
        <s id="133:1" lang="en">Australia was the first country to sign and ratify the additional protocol (entry into force on</s>
      </p>
      <p id="134">
        <s id="134:1" lang="en">12 December 1997), the first to make it a condition of supply for uranium exports and the first for which IAEA was able to declare that all nuclear materials and activities of safeguards relevance had been appropriately declared and accounted for.</s>
        <s id="134:2" lang="en">Australia continues to work to promote universalization of and adherence to comprehensive safeguards agreements and additional protocols for all Non-Proliferation Treaty non-nuclear-weapon States.</s>
      </p>
      <p id="135">
        <s id="135:1" lang="en">Action 25</s>
      </p>
      <p id="136">
        <s id="136:1" lang="en">The Conference, noting that 18 States parties to the Treaty have yet to bring into force comprehensive safeguards agreements, urges them to do so as soon as possible and without further delay.</s>
      </p>
      <p id="137">
        <s id="137:1" lang="en">Australia encourages all States that have not yet done so to bring into force a comprehensive safeguards agreement with IAEA, together with an additional protocol.</s>
        <s id="137:2" lang="en">Australia has facilitated discussions, provided expert advice and hosted study tours that assist States to bring into force these agreements.</s>
      </p>
      <p id="138">
        <s id="138:1" lang="en">Action 26</s>
      </p>
      <p id="139">
        <s id="139:1" lang="en">The Conference underscores the importance in complying with the</s>
      </p>
      <p id="140">
        <s id="140:1" lang="en">non-proliferation obligations, addressing all compliance matters in order to uphold the Treaty&apos;s integrity and the authority of the safeguards system.</s>
      </p>
      <p id="141">
        <s id="141:1" lang="en">Australia holds itself to the highest standards of compliance with its non-proliferation commitments and obligations, and cooperates fully with IAEA.</s>
      </p>
      <p id="142">
        <s id="142:1" lang="en">Australia consistently and strongly promotes universal compliance by States with their</s>
      </p>
      <p id="143">
        <s id="143:1" lang="en">non-proliferation obligations under the</s>
      </p>
      <p id="144">
        <s id="144:1" lang="en">Non-Proliferation Treaty and under their agreements with IAEA.</s>
      </p>
      <p id="145">
        <s id="145:1" lang="en">Australia, through the Vienna Group of Ten, presented a working paper on compliance and verification to the 2013 Preparatory Committee.</s>
      </p>
      <p id="146">
        <s id="146:1" lang="en">Australia, through the Vienna Group of Ten, presented a working paper on &quot;Vienna issues&quot; to the 2014 Preparatory Committee, which covers, inter alia, compliance and verification issues.</s>
      </p>
      <p id="147">
        <s id="147:1" lang="en">See also responses to action 29.</s>
      </p>
      <p id="148">
        <s id="148:1" lang="en">Action 27</s>
      </p>
      <p id="149">
        <s id="149:1" lang="en">The Conference underscores the importance of resolving all cases of</s>
      </p>
      <p id="150">
        <s id="150:1" lang="en">non-compliance with safeguards obligations in full conformity with the IAEA statute and the respective legal obligations of Member States.</s>
        <s id="150:2" lang="en">In this regard, the Conference calls upon Member States to extend their cooperation to the Agency.</s>
      </p>
      <p id="151">
        <s id="151:1" lang="en">Australia holds itself to the highest standards of compliance with its non-proliferation commitments and obligations and cooperates fully with IAEA.</s>
        <s id="151:2" lang="en">Australia consistently calls on all States to cooperate fully with IAEA and to comply with their international safeguards obligations.</s>
        <s id="151:3" lang="en">Australia does this in bilateral, regional and multilateral forums, including the IAEA Board of Governors.</s>
      </p>
      <p id="152">
        <s id="152:1" lang="en">Australia provided an extrabudgetary contribution for IAEA to carry out verification activities in support of the P5+1/Islamic Republic of Iran Joint Plan of Action.</s>
      </p>
      <p id="153">
        <s id="153:1" lang="en">Action 28</s>
      </p>
      <p id="154">
        <s id="154:1" lang="en">The Conference encourages all States parties which have not yet done so to conclude and to bring into force additional protocols as soon as possible and to implement them provisionally pending their entry into force.</s>
      </p>
      <p id="155">
        <s id="155:1" lang="en">Australia signed the additional protocol on</s>
      </p>
      <p id="156">
        <s id="156:1" lang="en">23 September 1997, with entry into force on</s>
      </p>
      <p id="157">
        <s id="157:1" lang="en">12 December 1997.</s>
      </p>
      <p id="158">
        <s id="158:1" lang="en">Australia actively encourages all States that have not yet done so to bring into force an additional protocol to their safeguards agreements with IAEA.</s>
      </p>
      <p id="159">
        <s id="159:1" lang="en">See also response to action 23.</s>
      </p>
      <p id="160">
        <s id="160:1" lang="en">Action 29</s>
      </p>
      <p id="161">
        <s id="161:1" lang="en">The Conference encourages IAEA to further facilitate and assist the States parties in the conclusion and entry into force of comprehensive safeguards agreements and additional protocols.</s>
        <s id="161:2" lang="en">The Conference calls on States parties to consider specific measures that would promote the universalization of the comprehensive safeguards agreements.</s>
      </p>
      <p id="162">
        <s id="162:1" lang="en">Australia currently chairs the Asia-Pacific Safeguards Network, an informal network of safeguards authorities, ministries and other organizations responsible for implementing safeguards in the countries of the Asia-Pacific region.</s>
        <s id="162:2" lang="en">The objective of the Network is to promote safeguards best practice in the region.</s>
        <s id="162:3" lang="en">This is being achieved through enhanced cooperation in areas such as training, professional development and the sharing of experiences.</s>
      </p>
      <p id="163">
        <s id="163:1" lang="en">The Director-General of the Australian Safeguards and Non-Proliferation Office chairs the IAEA Director-General&apos;s Standing Advisory Group on Safeguards Implementation.</s>
        <s id="163:2" lang="en">Australia has also provided instructors for safeguards courses run by IAEA and other partners in the Asia-Pacific region.</s>
      </p>
      <p id="164">
        <s id="164:1" lang="en">Australia continues to engage with and support South-East Asian and Pacific Islands States on safeguards issues, particularly those States that have yet to conclude and bring into force comprehensive safeguards agreements, additional protocols and small quantities protocols with IAEA.</s>
      </p>
      <p id="165">
        <s id="165:1" lang="en">Australia has offered assistance to some States in the development of their safeguards agreements and arrangements with IAEA.</s>
      </p>
      <p id="166">
        <s id="166:1" lang="en">Action 30</s>
      </p>
      <p id="167">
        <s id="167:1" lang="en">The Conference calls for the wider application of safeguards to peaceful nuclear facilities in the nuclear-weapon States, under the relevant voluntary offer safeguards agreements, in the most economic and practical way possible, taking into account the availability of IAEA resources, and stresses that comprehensive safeguards and additional protocols should be universally applied once the complete elimination of nuclear weapons has been achieved.</s>
      </p>
      <p id="168">
        <s id="168:1" lang="en">The Non-Proliferation and Disarmament Initiative presented a working paper on the wider application of safeguards in the nuclear-weapon States to the 2013 Preparatory Committee.</s>
      </p>
      <p id="169">
        <s id="169:1" lang="en">Action 31</s>
      </p>
      <p id="170">
        <s id="170:1" lang="en">The Conference encourages all States parties with small quantities protocols which have not yet done so to amend or rescind them, as appropriate, as soon as possible.</s>
      </p>
      <p id="171">
        <s id="171:1" lang="en">Australia has never had a small quantities protocol.</s>
      </p>
      <p id="172">
        <s id="172:1" lang="en">Australia consistently encourages all</s>
      </p>
      <p id="173">
        <s id="173:1" lang="en">Non-Proliferation Treaty States parties with older small quantities protocols which have not yet done so to amend or rescind them, as appropriate, as soon as possible.</s>
      </p>
      <p id="174">
        <s id="174:1" lang="en">Australia, including as part of the</s>
      </p>
      <p id="175">
        <s id="175:1" lang="en">Non-Proliferation and Disarmament Initiative, conducts outreach to States, where appropriate, to amend or rescind small quantities protocols.</s>
      </p>
      <p id="176">
        <s id="176:1" lang="en">Action 32</s>
      </p>
      <p id="177">
        <s id="177:1" lang="en">The Conference recommends that IAEA safeguards should be assessed and evaluated regularly.</s>
        <s id="177:2" lang="en">Decisions adopted by the IAEA policy bodies aimed at further strengthening the effectiveness and improving the efficiency of IAEA safeguards should be supported and implemented.</s>
      </p>
      <p id="178">
        <s id="178:1" lang="en">Australia affirms its support for these recommendations.</s>
        <s id="178:2" lang="en">As a Board of Governors member, Australia supports the Director-General&apos;s and Board&apos;s efforts to continually strengthen the effectiveness and efficiency of IAEA safeguards, including through the use of the State-level concept.</s>
      </p>
      <p id="179">
        <s id="179:1" lang="en">See also response to action 29.</s>
      </p>
      <p id="180">
        <s id="180:1" lang="en">Action 33</s>
      </p>
      <p id="181">
        <s id="181:1" lang="en">The Conference calls upon all States parties to ensure that IAEA continues to have all political, technical and financial support so that it is able to effectively meet its responsibility to apply safeguards as required by article III of the Treaty.</s>
      </p>
      <p id="182">
        <s id="182:1" lang="en">Australia always pays its assessed contribution and provides additional extrabudgetary contributions and in-kind support.</s>
      </p>
      <p id="183">
        <s id="183:1" lang="en">Australia is a strong proponent of IAEA carrying out its functions with the full cooperation of all States.</s>
        <s id="183:2" lang="en">One of the key elements of Australia&apos;s support to IAEA is its active participation on the IAEA Board of Governors and participation in the IAEA Member State support programme since 1980.</s>
      </p>
      <p id="184">
        <s id="184:1" lang="en">Action 34</s>
      </p>
      <p id="185">
        <s id="185:1" lang="en">The Conference encourages States parties, within the framework of the IAEA statute, to further develop a robust, flexible, adaptive and cost-effective international technology base for advanced safeguards through cooperation among Member States and with IAEA.</s>
      </p>
      <p id="186">
        <s id="186:1" lang="en">Australia maintains a strong technology base and technical capabilities, which it makes available to contribute to international safeguards efforts.</s>
        <s id="186:2" lang="en">It also maintains an IAEA Member State support programme to support the Agency&apos;s technical safeguards capabilities.</s>
      </p>
      <p id="187">
        <s id="187:1" lang="en">Australia hosts two diagnostic labs as part of the IAEA network of analytical laboratories.</s>
      </p>
      <p id="188">
        <s id="188:1" lang="en">Action 35</s>
      </p>
      <p id="189">
        <s id="189:1" lang="en">The Conference urges all States parties to ensure that their nuclear-related exports do not directly or indirectly assist the development of nuclear weapons or other nuclear explosive devices and that such exports are in full conformity with the objectives and purposes of the Treaty as stipulated, particularly, in articles I, II and III of the Treaty, as well as the decision on principles and objectives of nuclear non-proliferation and disarmament adopted in 1995 by the Review and Extension Conference.</s>
      </p>
      <p id="190">
        <s id="190:1" lang="en">Australia&apos;s uranium is exported for exclusively peaceful purposes and only to countries and parties with which Australia has a bilateral nuclear cooperation agreement.</s>
        <s id="190:2" lang="en">Australia&apos;s bilateral nuclear cooperation agreements include treaty-level assurances that Australian nuclear material will be used for peaceful purposes only and that this material will be subject to IAEA safeguards.</s>
        <s id="190:3" lang="en">These agreements ensure that Australia&apos;s nuclear exports remain in exclusively peaceful use and may only be retransferred to a party with a bilateral nuclear cooperation agreement with Australia.</s>
        <s id="190:4" lang="en">Australia currently has 23 such bilateral agreements in force covering 41 countries plus Taiwan.</s>
        <s id="190:5" lang="en">In the case of</s>
      </p>
      <p id="191">
        <s id="191:1" lang="en">non-nuclear-weapon States parties, IAEA safeguards must apply to all existing and future nuclear activities.</s>
      </p>
      <p id="192">
        <s id="192:1" lang="en">Australia has ratified the 2005 amendment to the Convention on the Physical Protection of Nuclear Material, which is implemented via the Nuclear Non-Proliferation (Safeguards) Act 1987 and the Non-Proliferation Legislation Amendment Act 2007, and is implementing Revision 5 of IAEA INFCIRC/225 (Physical Protection of Nuclear Material and Nuclear Facilities).</s>
      </p>
      <p id="193">
        <s id="193:1" lang="en">Action 36</s>
      </p>
      <p id="194">
        <s id="194:1" lang="en">The Conference encourages States parties to make use of multilaterally negotiated and agreed guidelines and understandings in developing their own national export controls.</s>
      </p>
      <p id="195">
        <s id="195:1" lang="en">Australia ensures that nuclear-related exports do not assist the development of nuclear weapons or other nuclear explosive devices.</s>
        <s id="195:2" lang="en">Australia&apos;s export controls are based on multilateral best practice.</s>
        <s id="195:3" lang="en">In addition, Australian nuclear agencies cooperate closely with law enforcement and customs agencies to enhance Australia&apos;s capability to detect, deter and disrupt illicit trafficking in nuclear materials.</s>
      </p>
      <p id="196">
        <s id="196:1" lang="en">Australia is a member of both the Nuclear Suppliers Group and the Zangger Committee.</s>
      </p>
      <p id="197">
        <s id="197:1" lang="en">The Customs (Prohibited Exports) Regulations of the Customs Act 1901 states that any item on Australia&apos;s control list, the Defence and Strategic Goods List, requires authorization prior to export.</s>
        <s id="197:2" lang="en">The Defence and Strategic Goods List incorporates the Nuclear Suppliers Group control list (parts I and II), the Zangger Committee trigger list and annexes 1 and 2 to the IAEA additional protocol.</s>
      </p>
      <p id="198">
        <s id="198:1" lang="en">The Australian Government has also enacted the Weapons of Mass Destruction (Prevention of Proliferation) Act 1995.</s>
        <s id="198:2" lang="en">The Act and the associated Regulations enable the Government to control the export or transfer of any goods and services that may assist a weapons of mass destruction programme and which are not controlled under other legislation.</s>
      </p>
      <p id="199">
        <s id="199:1" lang="en">See also response to action 35.</s>
      </p>
      <p id="200">
        <s id="200:1" lang="en">Australia contributed to two working papers on export controls submitted to the 2013 Preparatory Committee by the</s>
      </p>
      <p id="201">
        <s id="201:1" lang="en">Non-Proliferation and Disarmament Initiative and the Vienna Group of Ten respectively.</s>
      </p>
      <p id="202">
        <s id="202:1" lang="en">Australia, through the Vienna Group of Ten, presented a working paper on addressing &quot;Vienna issues&quot; to the 2014 Preparatory Committee which covers, inter alia, export control issues.</s>
      </p>
      <p id="203">
        <s id="203:1" lang="en">Action 37</s>
      </p>
      <p id="204">
        <s id="204:1" lang="en">The Conference encourages States parties to consider whether a recipient State has brought into force IAEA safeguards obligations in making nuclear export decisions.</s>
      </p>
      <p id="205">
        <s id="205:1" lang="en">See response to action 35.</s>
      </p>
      <p id="206">
        <s id="206:1" lang="en">Action 38</s>
      </p>
      <p id="207">
        <s id="207:1" lang="en">The Conference calls upon all States parties, in acting in pursuance of the objectives of the Treaty, to observe the legitimate right of all States parties, in particular developing States, to full access to nuclear material, equipment and technological information for peaceful purposes.</s>
      </p>
      <p id="208">
        <s id="208:1" lang="en">Australia has consistently affirmed its support for the development of nuclear energy and technology for peaceful purposes, within a framework that reduces proliferation risk and adheres to the highest international standards for safeguards, security and safety.</s>
      </p>
      <p id="209">
        <s id="209:1" lang="en">Action 39</s>
      </p>
      <p id="210">
        <s id="210:1" lang="en">States parties are encouraged to facilitate transfers of nuclear technology and materials and international cooperation among States parties, in conformity with articles I, II, III and IV of the Treaty, and to eliminate in this regard any undue constraints inconsistent with the Treaty.</s>
      </p>
      <p id="211">
        <s id="211:1" lang="en">Australia facilitates the transfers of nuclear technology and international cooperation among States parties through arrangements such as the Regional Cooperative Agreement for Research, Development and Training Related to Nuclear Science and Technology for Asia and the Pacific; the Forum for Nuclear Cooperation in Asia; the IAEA Technical Cooperation Programme; the IAEA Peaceful Uses Initiative and other IAEA programmes.</s>
      </p>
      <p id="212">
        <s id="212:1" lang="en">See responses to actions 35, 36 and 38.</s>
      </p>
      <p id="213">
        <s id="213:1" lang="en">Action 40</s>
      </p>
      <p id="214">
        <s id="214:1" lang="en">The Conference encourages all States to maintain the highest possible standards of security and physical protection of nuclear materials and facilities.</s>
      </p>
      <p id="215">
        <s id="215:1" lang="en">Australia maintains the highest possible standards of security and physical protection of nuclear materials and facilities, as was recognized by Australia&apos;s number 1 ranking for security of its nuclear materials by the 2012 and 2014 Nuclear Threat Initiative nuclear materials security indexes.</s>
      </p>
      <p id="216">
        <s id="216:1" lang="en">Australia is an active participant in the series of Nuclear Security Summits focused on implementing measures to improve the global nuclear security regimes, particularly against international terrorism.</s>
        <s id="216:2" lang="en">Australia&apos;s Minister for Foreign Affairs, Julie Bishop, attended the most recent Nuclear Security Summit, held in the Netherlands in March 2014.</s>
      </p>
      <p id="217">
        <s id="217:1" lang="en">In November 2013, Australia hosted an IAEA International Physical Protection Advisory Service mission.</s>
        <s id="217:2" lang="en">Australia has also provided experts to a number of other Advisory Service missions.</s>
      </p>
      <p id="218">
        <s id="218:1" lang="en">The Australian Nuclear Science and Technology Organisation participates in the IAEA Advisory Group on Nuclear Security advising the IAEA Director-General on activities related to preventing, detecting and responding to nuclear and radiological terrorism.</s>
      </p>
      <p id="219">
        <s id="219:1" lang="en">At the Nuclear Security Summit in The Hague in March 2014, Australia announced a contribution of A$1 million to the IAEA Nuclear Security Fund to support IAEA activities in the Indo-Pacific region, including assisting regional partners to establish effective and sustainable national nuclear security regimes, strengthening nuclear security cooperation through regional and bilateral programmes and assisting States to adhere to relevant international nuclear security agreements.</s>
      </p>
      <p id="220">
        <s id="220:1" lang="en">Australia has hosted a number of table-top exercises in support of the Global Initiative to Combat Nuclear Terrorism, most recently in February 2014.</s>
        <s id="220:2" lang="en">Australia also chairs the Nuclear Forensics Working Group of the Global Initiative to Combat Nuclear Terrorism.</s>
      </p>
      <p id="221">
        <s id="221:1" lang="en">Australia, through the Vienna Group of Ten, presented a working paper on nuclear security to the 2013 Preparatory Committee, and a working paper on addressing &quot;Vienna issues&quot; to the 2014 Preparatory Committee, which covers, inter alia, nuclear security.</s>
      </p>
      <p id="222">
        <s id="222:1" lang="en">The Non-Proliferation and Disarmament Initiative has presented a working paper on nuclear security to the 2014 Preparatory Committee.</s>
      </p>
      <p id="223">
        <s id="223:1" lang="en">Action 41</s>
      </p>
      <p id="224">
        <s id="224:1" lang="en">The Conference encourages all States parties to apply, as appropriate, the IAEA recommendations on the physical protection of nuclear material and nuclear facilities (INFCIRC/225/Rev.4 (Corrected)) and other relevant international instruments at the earliest possible date.</s>
      </p>
      <p id="225">
        <s id="225:1" lang="en">At The Hague Nuclear Security Summit, Australia committed to realize or exceed the objectives of INFCIRC/225/Rev.5 as part of the joint statements on strengthening nuclear security implementation.</s>
      </p>
      <p id="226">
        <s id="226:1" lang="en">Action 42</s>
      </p>
      <p id="227">
        <s id="227:1" lang="en">The Conference calls on all States parties to the Convention on the Physical Protection of Nuclear Material to ratify the amendment to the Convention as soon as possible and encourages them to act in accordance with the objectives and the purpose of the amendment until such time as it enters into force.</s>
        <s id="227:2" lang="en">The Conference also encourages all States that have not yet done so to adhere to the Convention and adopt the amendment as soon as possible.</s>
      </p>
      <p id="228">
        <s id="228:1" lang="en">Australia ratified the amendment on 17 July 2008.</s>
      </p>
      <p id="229">
        <s id="229:1" lang="en">Action 43</s>
      </p>
      <p id="230">
        <s id="230:1" lang="en">The Conference urges all States parties to implement the principles of the revised IAEA Code of Conduct on the Safety and Security of Radioactive Sources, as well as the Guidance on the Import and Export of Radioactive Sources approved by the IAEA Board of Governors in 2004.</s>
      </p>
      <p id="231">
        <s id="231:1" lang="en">Australia has implemented the principles of the revised IAEA Code of Conduct on the Safety and Security of Radioactive Sources, as well as the Guidance on the Import and Export of Radioactive Sources approved by the IAEA Board of Governors in 2004.</s>
      </p>
      <p id="232">
        <s id="232:1" lang="en">Action 44</s>
      </p>
      <p id="233">
        <s id="233:1" lang="en">The Conference calls upon all States parties to improve their national capabilities to detect, deter and disrupt illicit trafficking in nuclear materials throughout their territories, in accordance with their relevant international legal obligations, and calls upon those States parties in a position to do so to work to enhance international partnerships and capacity-building in this regard.</s>
        <s id="233:2" lang="en">The Conference also calls upon States parties to establish and enforce effective domestic controls to prevent the proliferation of nuclear weapons in accordance with their relevant international legal obligations.</s>
      </p>
      <p id="234">
        <s id="234:1" lang="en">See response to action 36.</s>
      </p>
      <p id="235">
        <s id="235:1" lang="en">Australia supports and contributes as necessary to the Incident and Trafficking Database.</s>
      </p>
      <p id="236">
        <s id="236:1" lang="en">Action 45</s>
      </p>
      <p id="237">
        <s id="237:1" lang="en">The Conference encourages all States parties that have not yet done so to become party to the International Convention for the Suppression of Acts of Nuclear Terrorism as soon as possible.</s>
      </p>
      <p id="238">
        <s id="238:1" lang="en">Australia deposited its instrument of ratification of the International Convention for the Suppression of Acts of Nuclear Terrorism on</s>
      </p>
      <p id="239">
        <s id="239:1" lang="en">16 March 2012. (National legislation: Nuclear Terrorism Legislation Amendment Act 2012.)</s>
      </p>
      <p id="240">
        <s id="240:1" lang="en">Australia has implemented its requirements under Security Council resolution 1540 (2004) and plays an active role in the Security Council Committee established pursuant to resolution 1540 (2004).</s>
        <s id="240:2" lang="en">Also, Australia has taken every opportunity in its outreach on non-proliferation to inform Asia-Pacific countries of the goals and obligations of resolution 1540 (2004) and to offer to work with them to further improve and strengthen their capacity to implement the resolution where possible.</s>
      </p>
      <p id="241">
        <s id="241:1" lang="en">Action 46</s>
      </p>
      <p id="242">
        <s id="242:1" lang="en">The Conference encourages IAEA to continue to assist the States parties in strengthening their national regulatory controls of nuclear material, including the establishment and maintenance of the State systems of accounting for and control of nuclear material, as well as systems on regional level.</s>
        <s id="242:2" lang="en">The Conference calls upon IAEA Member States to broaden their support for the relevant IAEA programmes.</s>
      </p>
      <p id="243">
        <s id="243:1" lang="en">Australia, as an IAEA Board of Governors member, affirms its support for this recommendation.</s>
        <s id="243:2" lang="en">Australia further broadens its support for IAEA programmes through participation in the IAEA Member State support programme.</s>
      </p>
      <p id="244">
        <s id="244:1" lang="en">Australia, through mechanisms such as the Regional Cooperative Agreement for Research, Development and Training Related to Nuclear Science and Technology for Asia and the Pacific, the Regional Security of Radioactive Sources Project and the Asia-Pacific Safeguards Network, has assisted regional countries in strengthening their national regulatory controls of nuclear and radiological materials.</s>
      </p>
      <p id="245">
        <s id="245:1" lang="en">III. Peaceful uses of nuclear energy: The Conference calls upon States parties to act in conformity with all the provisions of the Treaty and to:</s>
      </p>
      <p id="246">
        <s id="246:1" lang="en">Action 47</s>
      </p>
      <p id="247">
        <s id="247:1" lang="en">Respect each country&apos;s choices and decisions in the field of peaceful uses of nuclear energy without jeopardizing its policies or international cooperation agreements and arrangements for peaceful uses of nuclear energy and its fuel cycle policies.</s>
      </p>
      <p id="248">
        <s id="248:1" lang="en">Australia respects each country&apos;s choices and decisions in the field of peaceful uses of nuclear energy and engages in extensive cooperation with other States parties and international organizations in the further development of nuclear energy for peaceful uses.</s>
      </p>
      <p id="249">
        <s id="249:1" lang="en">See also response to actions 35 and 38.</s>
      </p>
      <p id="250">
        <s id="250:1" lang="en">Action 48</s>
      </p>
      <p id="251">
        <s id="251:1" lang="en">Undertake to facilitate, and reaffirm the right of States parties to participate in, the fullest possible exchange of equipment, materials and scientific and technological information for the peaceful uses of nuclear energy.</s>
      </p>
      <p id="252">
        <s id="252:1" lang="en">See response to action 38.</s>
      </p>
      <p id="253">
        <s id="253:1" lang="en">Australia has shared its experience with neighbouring countries in the safe application of nuclear science and technology through arrangements such as the Regional Cooperative Agreement for Research, Development and Training Related to Nuclear Science and Technology for Asia and the Pacific, the Forum for Nuclear Cooperation in Asia, the Regional Security of Radioactive Sources Project, the IAEA Technical Cooperation Programme, the IAEA Peaceful Uses Initiative and other IAEA programmes.</s>
      </p>
      <p id="254">
        <s id="254:1" lang="en">Action 49</s>
      </p>
      <p id="255">
        <s id="255:1" lang="en">Cooperate with other States parties or international organizations in the further development of nuclear energy for peaceful purposes, with due consideration for the needs of the developing areas of the world.</s>
      </p>
      <p id="256">
        <s id="256:1" lang="en">The Australian Nuclear Science and Technology Organisation participates in the IAEA Standing Advisory Group on Nuclear Applications, providing high-level input on priorities for the IAEA research programmes in nuclear technology.</s>
      </p>
      <p id="257">
        <s id="257:1" lang="en">See response to action 48.</s>
      </p>
      <p id="258">
        <s id="258:1" lang="en">Action 50</s>
      </p>
      <p id="259">
        <s id="259:1" lang="en">Give preferential treatment to the non-nuclear-weapon States parties to the Treaty, taking the needs of developing countries, in particular, into account.</s>
      </p>
      <p id="260">
        <s id="260:1" lang="en">Action 51</s>
      </p>
      <p id="261">
        <s id="261:1" lang="en">Facilitate transfers of nuclear technology and international cooperation among States parties in conformity with articles I, II, III, and IV of the Treaty, and eliminate in this regard any undue constraints inconsistent with the Treaty.</s>
      </p>
      <p id="262">
        <s id="262:1" lang="en">Action 52</s>
      </p>
      <p id="263">
        <s id="263:1" lang="en">Continue efforts, within IAEA, to enhance the effectiveness and efficiency of its technical cooperation programme.</s>
      </p>
      <p id="264">
        <s id="264:1" lang="en">Australia is a long-standing contributor to the IAEA Technical Cooperation Fund.</s>
        <s id="264:2" lang="en">In 2011, Australia provided A$100,000 in an extrabudgetary Peaceful Uses Initiative contribution to IAEA for a study on marine impacts of radiation from the Fukushima Power Plant and, in 2012, contributed A$15,000 to the IAEA Peaceful Uses Initiative to study ocean acidification.</s>
        <s id="264:3" lang="en">In 2014, Australia also contributed Euro20,000 to the IAEA Programme of Action for Cancer Therapy.</s>
      </p>
      <p id="265">
        <s id="265:1" lang="en">Australia&apos;s policy has been to pay its annual Technical Cooperation Fund contribution in full and on time and to encourage other States to do the same.</s>
      </p>
      <p id="266">
        <s id="266:1" lang="en">In addition to the Technical Cooperation Fund, Australia plays a key role in cooperation on the peaceful uses of nuclear energy in the Asia-Pacific region.</s>
        <s id="266:2" lang="en">Australia&apos;s nuclear-related agencies, the Australian Nuclear Science and Technology Organisation, the Australian Radiation Protection and Nuclear Safety Agency and the Australian Safeguards and</s>
      </p>
      <p id="267">
        <s id="267:1" lang="en">Non-Proliferation Office continue to provide experts to IAEA and to hold a range of meetings with regional counterparts, as part of bilateral cooperation agreements and IAEA projects.</s>
      </p>
      <p id="268">
        <s id="268:1" lang="en">Australia, through the Vienna Group of Ten, presented working papers on cooperation in the peaceful uses of nuclear energy to the 2013 Preparatory Committee; and on addressing &quot;Vienna issues&quot; to the 2014 Preparatory Committee, which covers, inter alia, cooperation on peaceful uses.</s>
      </p>
      <p id="269">
        <s id="269:1" lang="en">Action 53</s>
      </p>
      <p id="270">
        <s id="270:1" lang="en">Strengthen the IAEA technical cooperation programme in assisting developing States parties in the peaceful uses of nuclear energy.</s>
      </p>
      <p id="271">
        <s id="271:1" lang="en">See response to action 52.</s>
      </p>
      <p id="272">
        <s id="272:1" lang="en">Action 54</s>
      </p>
      <p id="273">
        <s id="273:1" lang="en">Make every effort and to take practical steps to ensure that IAEA resources for technical cooperation activities are sufficient, assured and predictable.</s>
      </p>
      <p id="274">
        <s id="274:1" lang="en">Action 55</s>
      </p>
      <p id="275">
        <s id="275:1" lang="en">Encourage all States in a position to do so to make additional contributions to the initiative designed to raise 100 million dollars over the next five years as extrabudgetary contributions to IAEA activities, while welcoming the contributions already pledged by countries and groups of countries in support of IAEA activities.</s>
      </p>
      <p id="276">
        <s id="276:1" lang="en">In 2011, Australia contributed A$100,000 to IAEA for a study on marine impacts of radiation from the Fukushima Power Plant.</s>
        <s id="276:2" lang="en">The study is administered by IAEA and conducted under the Regional Cooperative Agreement for Research, Development and Training Related to Nuclear Science and Technology for Asia and the Pacific, a treaty-level agreement to which Australia is a party.</s>
      </p>
      <p id="277">
        <s id="277:1" lang="en">In 2012, Australia contributed A$15,000 to the IAEA Peaceful Uses Initiative to study ocean acidification.</s>
      </p>
      <p id="278">
        <s id="278:1" lang="en">In 2014, Australia also contributed Euro20,000 to the IAEA Programme of Action for Cancer Therapy.</s>
      </p>
      <p id="279">
        <s id="279:1" lang="en">Action 56</s>
      </p>
      <p id="280">
        <s id="280:1" lang="en">Encourage national, bilateral and international efforts to train the necessary skilled workforce needed to develop peaceful uses of nuclear energy.</s>
      </p>
      <p id="281">
        <s id="281:1" lang="en">Australia, in cooperation with IAEA, provided training for international participants on a range of topics related to the peaceful uses of nuclear energy, including specialized areas such as radiological crime scene evaluation, reactor decommissioning and the regulation of uranium mining.</s>
      </p>
      <p id="282">
        <s id="282:1" lang="en">Action 57</s>
      </p>
      <p id="283">
        <s id="283:1" lang="en">Ensure that, when developing nuclear energy, including nuclear power, the use of nuclear energy must be accompanied by commitments to and ongoing implementation of safeguards as well as appropriate and effective levels of safety and security, consistent with States&apos; national legislation and respective international obligations.</s>
      </p>
      <p id="284">
        <s id="284:1" lang="en">See responses to actions 38 and 40.</s>
      </p>
      <p id="285">
        <s id="285:1" lang="en">Action 58</s>
      </p>
      <p id="286">
        <s id="286:1" lang="en">Continue to discuss further, in a non-discriminatory and transparent manner under the auspices of IAEA or regional forums, the development of multilateral approaches to the nuclear fuel cycle, including the possibilities of creating mechanisms for assurance of nuclear fuel supply, as well as possible schemes dealing with the back-end of the fuel cycle without affecting rights under the Treaty and without prejudice to national fuel cycle policies, while tackling the technical, legal and economic complexities surrounding these issues, including, in this regard, the requirement of IAEA full scope safeguards.</s>
      </p>
      <p id="287">
        <s id="287:1" lang="en">Australia recognizes the potential for proposals relating to multilateral fuel assurance mechanisms and multilateralization</s>
      </p>
      <p id="288">
        <s id="288:1" lang="en">of the fuel cycle to reduce the risk of nuclear proliferation.</s>
      </p>
      <p id="289">
        <s id="289:1" lang="en">Through its position on the IAEA Board of Governors, Australia has supported IAEA-managed multilateral fuel cycle projects and proposals.</s>
      </p>
      <p id="290">
        <s id="290:1" lang="en">Australia supports further discussion of this issue in appropriate international forums.</s>
      </p>
      <p id="291">
        <s id="291:1" lang="en">Action 59</s>
      </p>
      <p id="292">
        <s id="292:1" lang="en">Consider becoming party, if they have not yet done so, to the Convention on Nuclear Safety, the Convention on Early Notification of a Nuclear Accident, the Convention on Assistance in the Case of a Nuclear Accident or Radiological Emergency, the Joint Convention on the Safety of Spent Fuel Management and on the Safety of Radioactive Waste Management, the International Convention for the Suppression of Acts of Nuclear Terrorism, the Convention on the Physical Protection of Nuclear Material, and to ratify its amendment so that it may enter into force at an early date.</s>
      </p>
      <p id="293">
        <s id="293:1" lang="en">Australia is a party to the Convention on Nuclear Safety, the Convention on Early Notification of a Nuclear Accident, the Convention on Assistance in the Case of a Nuclear Accident or Radiological Emergency, the Joint Convention on the Safety of Spent Fuel Management and on the Safety of Radioactive Waste Management, the International Convention for the Suppression of Acts of Nuclear Terrorism and the Convention on the Physical Protection of Nuclear Material (and has ratified its amendment).</s>
      </p>
      <p id="294">
        <s id="294:1" lang="en">See also response to action 45.</s>
      </p>
      <p id="295">
        <s id="295:1" lang="en">Action 60</s>
      </p>
      <p id="296">
        <s id="296:1" lang="en">Promote the sharing of best practices in the area of nuclear safety and security, including through dialogue with the nuclear industry and the private sector, as appropriate.</s>
      </p>
      <p id="297">
        <s id="297:1" lang="en">Australia supports and promotes the actions in the IAEA Action Plan on Nuclear Safety, which takes forward lessons learned from the Fukushima nuclear accident.</s>
      </p>
      <p id="298">
        <s id="298:1" lang="en">In the margins of the IAEA General Conference, Australia hosts a Friends of Responsible Uranium Mining activity with industry involvement that provides a forum to share best practices in uranium mining.</s>
      </p>
      <p id="299">
        <s id="299:1" lang="en">The Australian Nuclear Science and Technology Organisation played a leading role in the 2014 Nuclear Industry Summit, which brought together leaders of the nuclear industry to strengthen efforts in areas including cybersecurity and reducing the use of highly enriched uranium in the civilian sector.</s>
      </p>
      <p id="300">
        <s id="300:1" lang="en">Australia, through the Vienna Group of Ten, presented working papers on nuclear safety to the 2012 and 2013 Preparatory Committees, and a working paper on addressing &quot;Vienna issues&quot; to the 2014 Preparatory Committee, which covers, inter alia, nuclear safety issues.</s>
      </p>
      <p id="301">
        <s id="301:1" lang="en">Action 61</s>
      </p>
      <p id="302">
        <s id="302:1" lang="en">Encourage States concerned, on a voluntary basis, to further minimize highly enriched uranium in civilian stocks and use, where technically and economically feasible.</s>
      </p>
      <p id="303">
        <s id="303:1" lang="en">Australia has minimized its possession and use of highly enriched uranium through the exclusive use of low-enriched uranium for its nuclear research reactor fuel and targets in the manufacture of medical radioisotopes.</s>
        <s id="303:2" lang="en">Australia&apos;s success in that regard has demonstrated that there is no technical reason for the use of highly enriched uranium in radioisotope production.</s>
      </p>
      <p id="304">
        <s id="304:1" lang="en">Australia has also reduced its remaining stocks of highly enriched uranium.</s>
      </p>
      <p id="305">
        <s id="305:1" lang="en">Australia is sharing its experiences in the use of low-enriched uranium in research reactors and radioisotope production, both bilaterally and by participating in IAEA and Organization for Economic Cooperation and Development (OECD) Nuclear Energy Agency initiatives.</s>
      </p>
      <p id="306">
        <s id="306:1" lang="en">Action 62</s>
      </p>
      <p id="307">
        <s id="307:1" lang="en">Transport radioactive materials consistent with relevant international standards of safety, security and environmental protection, and to continue communication between shipping and coastal States for the purpose of confidence-building and addressing concerns regarding transport safety, security and emergency preparedness.</s>
      </p>
      <p id="308">
        <s id="308:1" lang="en">Australia works to meet the highest standards of safety, security and environmental protection in the transport of radioactive materials through its stringent regulation of nuclear activities, including uranium mining, which takes into consideration all IAEA requirements and recommendations.</s>
      </p>
      <p id="309">
        <s id="309:1" lang="en">Action 63</s>
      </p>
      <p id="310">
        <s id="310:1" lang="en">Put in force a civil nuclear liability regime by becoming party to relevant international instruments or adopting suitable national legislation, based upon the principles established by the main pertinent international instruments.</s>
      </p>
      <p id="311">
        <s id="311:1" lang="en">Australia works to meet the highest standards of safety, security and environmental protection in the transport of radioactive materials.</s>
      </p>
      <p id="312">
        <s id="312:1" lang="en">Australia supports the principles enshrined in the nuclear liability conventions adopted in 1997 and 2004: the 1997 Vienna Convention; the Convention on Supplementary Compensation for Nuclear Damage; and the 2004 Protocol to Amend the Paris Convention.</s>
        <s id="312:2" lang="en">Australia has signed the Convention on Supplementary Compensation for Nuclear Damage.</s>
      </p>
      <p id="313">
        <s id="313:1" lang="en">At the invitation of the Director-General of IAEA, Australia chairs the IAEA International Expert Group on Nuclear Liability.</s>
      </p>
      <p id="314">
        <s id="314:1" lang="en">Action 64</s>
      </p>
      <p id="315">
        <s id="315:1" lang="en">The Conference calls upon all States to abide by the decision adopted by consensus at the IAEA General Conference on 18 September 2009 on prohibition of armed attack or threat of attack against nuclear installations, during operation or under construction.</s>
      </p>
      <p id="316">
        <s id="316:1" lang="en">Australia abides by the decision adopted by consensus at the IAEA General Conference on 18 September 2009 on prohibition of armed attack or threat of attack against nuclear installations, during operation or under construction.</s>
      </p>
      <p id="317">
        <s id="317:1" lang="en">IV. The Middle East, particularly implementation of the 1995 resolution on the Middle East</s>
      </p>
      <p id="318">
        <s id="318:1" lang="en">1. The Conference reaffirms the importance of the resolution on the Middle East adopted by the 1995 Review and Extension Conference and recalls the affirmation of its goals and objectives by the 2000 Review Conference of the Parties to the Treaty on the Non-Proliferation of Nuclear Weapons.</s>
        <s id="318:2" lang="en">The Conference stresses that the resolution remains valid until the goals and objectives are achieved.</s>
        <s id="318:3" lang="en">The resolution, which was co-sponsored by the depositary States of the Treaty on the</s>
      </p>
      <p id="319">
        <s id="319:1" lang="en">Non-Proliferation of Nuclear Weapons (the Russian Federation, the United Kingdom of Great Britain and Northern Ireland and the United States of America), is an essential element of the outcome of the 1995 Conference and of the basis on which the Treaty was indefinitely extended without a vote in 1995.</s>
        <s id="319:2" lang="en">States parties renew their resolve to undertake, individually and collectively, all necessary measures aimed at its prompt implementation.</s>
      </p>
      <p id="320">
        <s id="320:1" lang="en">2. The Conference reaffirms its endorsement of the aims and objectives of the Middle East peace process, and recognizes that efforts in this regard, as well as other efforts, contribute to, inter alia, a Middle East zone free of nuclear weapons as well as other weapons of mass destruction.</s>
      </p>
      <p id="321">
        <s id="321:1" lang="en">3. The Conference takes note of the reaffirmation at the 2010 Review Conference by the five nuclear-weapon States of their commitment to a full implementation of the 1995 Resolution on the Middle East.</s>
      </p>
      <p id="322">
        <s id="322:1" lang="en">4. The Conference regrets that little progress has been achieved towards the implementation of the 1995 Resolution on the Middle East.</s>
      </p>
      <p id="323">
        <s id="323:1" lang="en">5. The Conference recalls the reaffirmation by the 2000 Review Conference of the importance of Israel&apos;s accession to the Treaty and the placement of all its nuclear facilities under comprehensive IAEA safeguards.</s>
        <s id="323:2" lang="en">The Conference reaffirms the urgency and importance of achieving universality of the Treaty.</s>
        <s id="323:3" lang="en">The Conference calls on all States in the Middle East that have not yet done so to accede to the Treaty as</s>
      </p>
      <p id="324">
        <s id="324:1" lang="en">non-nuclear-weapon States so as to achieve its universality at an early date.</s>
      </p>
      <p id="325">
        <s id="325:1" lang="en">6. The Conference stresses the necessity of strict adherence by all States parties to their obligations and commitments under the Treaty.</s>
        <s id="325:2" lang="en">The Conference urges all States in the region to take relevant steps and confidence-building measures to contribute to the realization of the objectives of the 1995 Resolution on the Middle East and calls upon all States to refrain from undertaking any measures that preclude the achievement of this objective.</s>
      </p>
      <p id="326">
        <s id="326:1" lang="en">7. The Conference emphasizes the importance of a process leading to full implementation of the 1995 Resolution on the Middle East.</s>
        <s id="326:2" lang="en">To that end, the Conference endorses the following practical steps:</s>
      </p>
      <p id="327">
        <s id="327:1" lang="en">(a) The Secretary-General of the United Nations and the</s>
      </p>
      <p id="328">
        <s id="328:1" lang="en">co-sponsors of the 1995 Resolution, in consultation with the States of the region, will convene a conference in 2012, to be attended by all States of the Middle East, on the establishment of a Middle East zone free of nuclear weapons and all other weapons of mass destruction, on the basis of arrangements freely arrived at by the States of the region, and with the full support and engagement of the nuclear-weapon States.</s>
        <s id="328:2" lang="en">The 2012 Conference shall take as its terms of reference the 1995 Resolution;</s>
      </p>
      <p id="329">
        <s id="329:1" lang="en">(b) Appointment by the Secretary-General of the United Nations and the co-sponsors of the 1995 Resolution, in consultation with the States of the region, of a facilitator, with a mandate to support implementation of the 1995 Resolution by conducting consultations with the States of the region in that regard and undertaking preparations for the convening of the 2012 Conference.</s>
        <s id="329:2" lang="en">The facilitator will also assist in implementation of follow-on steps agreed by the participating regional States at the 2012 Conference.</s>
        <s id="329:3" lang="en">The facilitator will report to the 2015 Review Conference and its Preparatory Committee meetings;</s>
      </p>
      <p id="330">
        <s id="330:1" lang="en">(c) Designation by the Secretary-General of the United Nations and the co-sponsors of the 1995 Resolution, in consultation with the States of the region, of a host Government for the 2012 Conference;</s>
      </p>
      <p id="331">
        <s id="331:1" lang="en">(d) Additional steps aimed at supporting the implementation of the 1995 Resolution, including that IAEA, the Organisation for the Prohibition of Chemical Weapons and other relevant international organizations be requested to prepare background documentation for the 2012 Conference regarding modalities for a zone free of nuclear weapons and other weapons of mass destruction and their delivery systems, taking into account work previously undertaken and experience gained;</s>
      </p>
      <p id="332">
        <s id="332:1" lang="en">(e) Consideration of all offers aimed at supporting the implementation of the 1995 Resolution, including the offer of the European Union to host a follow-on seminar to that organized in June 2008.</s>
      </p>
      <p id="333">
        <s id="333:1" lang="en">8. The Conference emphasizes the requirement of maintaining parallel progress, in substance and timing, in the process leading to achieving total and complete elimination of all weapons of mass destruction in the region, nuclear, chemical and biological.</s>
      </p>
      <p id="334">
        <s id="334:1" lang="en">9. The Conference reaffirms that all States parties to the Treaty, particularly the nuclear-weapon States and the States in the region, should continue to report on steps taken to implement the 1995 Resolution, through the United Nations Secretariat, to the President of the 2015 Review Conference, as well as to the Chairperson of the Preparatory Committee meetings to be held in advance of that Conference.</s>
      </p>
      <p id="335">
        <s id="335:1" lang="en">10. The Conference further recognizes the important role played by civil society in contributing to the implementation of the 1995 Resolution and encourages all efforts in this regard.</s>
      </p>
      <p id="336">
        <s id="336:1" lang="en">Australia continues to support the establishment of a Middle East zone free of nuclear weapons and other weapons of mass destruction, freely arrived at by regional States.</s>
        <s id="336:2" lang="en">The Australian Government welcomed the outcome of the 2010 Review Conference on the 1995 Middle East resolution and will support constructive efforts to progress the implementation of a Middle East zone free of weapons of mass destruction and their means of delivery.</s>
      </p>
      <p id="337">
        <s id="337:1" lang="en">Australia affirms its readiness to support efforts towards convening a Conference on the establishment of such a zone and calls on all relevant States to achieve a constructive outcome to these processes.</s>
      </p>
      <p id="338">
        <s id="338:1" lang="en">Universal membership of and adherence to existing treaties and instruments would greatly facilitate the establishment of a Middle East zone free of weapons of mass destruction and their means of delivery.</s>
        <s id="338:2" lang="en">Australia is contributing to this objective through its efforts to achieve universal membership of the Non-Proliferation Treaty, the Comprehensive Nuclear-Test-Ban Treaty, the Biological Weapons Convention and the Chemical Weapons Convention and its active support for the International Code of Conduct against Ballistic Missile Proliferation.</s>
      </p>
      <p id="339">
        <s id="339:1" lang="en">The additional protocol on strengthened IAEA safeguards offers Middle East States an important confidence-building opportunity.</s>
        <s id="339:2" lang="en">Australia encourages the adoption by all States of an additional protocol with IAEA, without delay or preconditions.</s>
        <s id="339:3" lang="en">Stronger safeguards are in the interests of all countries when they can prevent the emergence of more nuclear-weapons-capable States.</s>
      </p>
      <p id="340">
        <s id="340:1" lang="en">Australia acknowledges the difficulty of achieving disarmament and non-proliferation goals without concurrent efforts to address the underlying political tensions that drive international conflicts.</s>
        <s id="340:2" lang="en">It urges all States parties to work to secure a regional political environment that is conducive to disarmament, non-proliferation and the creation of a Middle East zone free of weapons of mass destruction and their means of delivery.</s>
      </p>
      <p id="341">
        <s id="341:1" lang="en">The Non-Proliferation and Disarmament Initiative has presented a working paper on this issue to the 2014 Preparatory Committee.</s>
      </p>
      <p id="342">
        <s id="342:1" lang="en">Other regional issue</s>
      </p>
      <p id="343">
        <s id="343:1" lang="en">The Conference strongly urges the Democratic People&apos;s Republic of Korea to fulfil the commitments under the Six-Party Talks, including the complete and verifiable abandonment of all nuclear weapons and existing nuclear programmes in accordance with the September 2005 joint statement, and urges the Democratic People&apos;s Republic of Korea to return, at an early date, to the Treaty and to its adherence with its IAEA safeguards agreement.</s>
        <s id="343:2" lang="en">The Conference also calls on the Democratic People&apos;s Republic of Korea and all States parties to fully implement all relevant nuclear non-proliferation and disarmament obligations.</s>
        <s id="343:3" lang="en">The Conference reaffirms its firm support for the Six-Party Talks and remains determined to achieve the satisfactory and comprehensive resolution to the issues involved through diplomatic means.</s>
      </p>
      <p id="344">
        <s id="344:1" lang="en">Australia strongly urges the Democratic People&apos;s Republic of Korea to fulfil the commitments under the Six-Party Talks, including the complete and verifiable abandonment of all nuclear weapons and existing nuclear programmes in accordance with the September 2005 joint statement, and urges the Democratic People&apos;s Republic of Korea to return, at the earliest date, to the Treaty and to its adherence to its IAEA safeguards agreement.</s>
      </p>
      <p id="345">
        <s id="345:1" lang="en">Australia fully implements all relevant nuclear non-proliferation and disarmament obligations, including relevant United Nations Security Council resolutions.</s>
      </p>
    </body>
  </text>
</TEI.2>
