<?xml version="1.0" encoding="utf-8"?>
<TEI.2>
  <teiHeader>
    <fileDesc>
      <titleStmt>
        <title>The United Nations Parallel Corpus v1.0 - NPT/CONF.2015/PC.III/7</title>
      </titleStmt>
      <publicationStmt>
        <publisher>United Nations DGACM</publisher>
        <pubPlace>New York</pubPlace>
        <date>20140425</date>
        <idno type="symbol">NPT/CONF.2015/PC.III/7</idno>
        <idno type="jobno">N1431173</idno>
        <availability>
          <p>The following disclaimer, an integral part of the United Nations Parallel Corpus v1.0, 
             shall be respected in regard to the Corpus v1.0 (no other restrictions apply):</p>

          <p>The United Nations Parallel Corpus is made available without warranty of any kind, 
             explicit or implied. The United Nations specifically makes no warranties or 
             representations as to the accuracy or completeness of the information contained in 
             the United Nations corpus.</p>

          <p>Under no circumstances shall the United Nations be liable for any loss, liability,
             injury or damage incurred or suffered that is claimed to have resulted from the use
             of the United Nations Corpus. The use of the United Nations Corpus is at the user's 
             sole risk. The user specifically acknowledges and agrees that the United Nations is 
             not liable for the conduct of any user. If the user is dissatisfied with any of the 
             material provided in the United Nations Corpus, the users's sole and exclusive remedy 
             is to discontinue using the United Nations Corpus.</p>

          <p>When using the United Nations Corpus, the user must acknowledge the United Nations as the
             source of the information. For references, please use this reference:
             Ziemski, M., Junczys-Dowmunt, M., and Pouliquen, B. (2016) The United Nations
             Parallel Corpus, Language Resources and Evaluation (LREC’16), Portorož, Slovenia, 
             May 2016.</p>

          <p>Nothing herein shall constitute or be considered to be a limitation upon or waiver,
             express or implied, of the privileges and immunities of the United Nations, which
             are specifically reserved.</p>
        </availability>
        <distributor>http://conferences.unite.un.org/UNCorpus</distributor>
      </publicationStmt>
      <sourceDesc>
        <p>http://www.un.org/en/official-documents-system-search/index.html</p>
      </sourceDesc>
    </fileDesc>
    <profileDesc>
      <langUsage>
        <language ident="en">English</language>
      </langUsage>
    </profileDesc>
  </teiHeader>
  <text>
    <body>
      <p id="1">
        <s id="1:1" lang="en">Third session</s>
      </p>
      <p id="2">
        <s id="2:1" lang="en">New York, 28 April-9 May 2014</s>
      </p>
      <p id="3">
        <s id="3:1" lang="en">Report of Mexico on actions taken in its capacity as a</s>
      </p>
      <p id="4">
        <s id="4:1" lang="en">non-nuclear-weapon State, pursuant to action 20 of the action plan in the final document of the 2010 Review Conference of the Parties to the Treaty on the</s>
      </p>
      <p id="5">
        <s id="5:1" lang="en">Non-Proliferation of Nuclear Weapons, in particular,</s>
      </p>
      <p id="6">
        <s id="6:1" lang="en">article VI, paragraph 4(c) of the 1995 decision entitled &quot;Principles and directives for nuclear non-proliferation and disarmament&quot; and the practical steps agreed to in the final document of the 2000 Review Conference of the Parties to the Treaty, and recalling the advisory opinion of the International Court of Justice of 8 July 1996, in order to encourage greater efforts in this regard, and to promote the presentation of such information by States that possess nuclear weapons</s>
      </p>
      <p id="7">
        <s id="7:1" lang="en">1. The only guarantee against the use of nuclear weapons and the damage they cause is to eliminate them completely.</s>
        <s id="7:2" lang="en">The use or threat of use of nuclear weapons is a violation of international law, the United Nations Charter and the principles of international humanitarian law and constitutes a war crime.</s>
      </p>
      <p id="8">
        <s id="8:1" lang="en">2. The very existence of nuclear weapons is a threat to international security.</s>
        <s id="8:2" lang="en">As long as one nuclear weapon exists, some actor will want to have it and use it.</s>
        <s id="8:3" lang="en">What does not exist cannot proliferate, be used or cause harm; therefore, the best nonproliferation measure would be the total prohibition and elimination of nuclear weapons.</s>
      </p>
      <p id="9">
        <s id="9:1" lang="en">3. Mexico is known for its active advocacy of the total prohibition and elimination of nuclear weapons under strict international control.</s>
      </p>
      <p id="10">
        <s id="10:1" lang="en">4. México believes that concern about the devastating short- and long-term effects that a nuclear detonation could have, not only regionally but globally, on the population and in areas such as public health, the environment, climate change, food security, displaced persons, development, transport and communications should guide our efforts to fully comply with our obligations under the Treaty on the Non-Proliferation of Nuclear Weapons (NPT).</s>
      </p>
      <p id="11">
        <s id="11:1" lang="en">5. Even though a large-scale nuclear event does not seem likely to happen, the risk that one or several nuclear weapons might be used, either deliberately or accidentally, appears to be more of a possibility than it was several years ago.</s>
        <s id="11:2" lang="en">The humanitarian impact of nuclear weapons is a fundamental and global concern that must be at the centre of deliberations on disarmament and non-proliferation of nuclear weapons, and it is an important issue on the global security agenda for the twenty-first century.</s>
      </p>
      <p id="12">
        <s id="12:1" lang="en">6. Mexico submits herewith its report on national actions taken in its capacity as a non-nuclear-weapon State, in compliance with action 20 of the action plan set forth in the final document of the eighth Review Conference of the Parties to the Treaty on the Non-Proliferation of Nuclear Weapons, held in 2010, in particular, article VI, paragraph 4 (c), of the 1995 decision entitled &quot;Principles and objectives for nuclear non-proliferation and disarmament&quot; and the practical steps agreed to in the final document of the 2000 Review Conference, and recalling the advisory opinion of the International Court of Justice of 8 July 1996, in order to encourage greater efforts to be made in this regard and promote the presentation of such information by nuclear-weapon States.</s>
      </p>
      <p id="13">
        <s id="13:1" lang="en">7. Mexico has undertaken the following initiatives in regard to nuclear disarmament and non-proliferation: established the first nuclear-weapon-free zone in a densely populated area; hosted the first Conference of States Parties and Signatories to Treaties That Establish Nuclear-Weapon-Free Zones; advocated for the total prohibition of nuclear testing; promoted systematic steps for implementing article VI of the Treaty on the Non-Proliferation of Nuclear Weapons; supported efforts to take forward multilateral negotiations on nuclear disarmament in the United Nations and proposed an amendment to the Rome Statute of the International Criminal Court to make the use or threat of use of nuclear weapons a war crime.</s>
      </p>
      <p id="14">
        <s id="14:1" lang="en">Nuclear disarmament</s>
      </p>
      <p id="15">
        <s id="15:1" lang="en">8. Forty-three years after the entry into force of the Treaty on the Non-Proliferation of Nuclear Weapons, the obligation laid down in article VI of the Treaty has not yet been fulfilled.</s>
        <s id="15:2" lang="en">There have still been no negotiations in good faith on effective measures relating to cessation of the nuclear arms race at an early date and to nuclear disarmament or on a treaty on general and complete disarmament under strict and effective international control.</s>
      </p>
      <p id="16">
        <s id="16:1" lang="en">9. Mexico believes that the Treaty on the Non-Proliferation of Nuclear Weapons is still the cornerstone of the global non-proliferation system and that it is fundamental to any progress towards the goal of nuclear disarmament.</s>
        <s id="16:2" lang="en">The agreements adopted at the 1995, 2000 and 2010 Review Conferences of the Parties to the Treaty are fully valid, and they embody commitments that must be honoured.</s>
        <s id="16:3" lang="en">Accountability is therefore a significant aspect that must be taken into account when assessing compliance with the Treaty and with the commitments undertaken in that context (action 21).</s>
      </p>
      <p id="17">
        <s id="17:1" lang="en">10. Bearing in mind the unequivocal undertaking of the nuclear-weapon States to destroy their nuclear arsenals, the nuclear-weapon States have a responsibility to report on actions they have taken to comply with the obligation to hold negotiations in good faith on effective measures relating to nuclear disarmament, pursuant to article VI of the Treaty and the nuclear disarmament measures agreed in 2000 and 2010.</s>
      </p>
      <p id="18">
        <s id="18:1" lang="en">11. Mexico participates actively in the United Nations forums that deal with the issue of nuclear disarmament (action 1).</s>
        <s id="18:2" lang="en">In the General Assembly, Mexico submits, on its own behalf and together with other States, draft resolutions aimed at strengthening synergies in this area.</s>
        <s id="18:3" lang="en">It has submitted the following texts: (i) Taking forward multilateral nuclear disarmament negotiations; (ii) Towards a nuclear-weapon-free world: accelerating the implementation of nuclear disarmament commitments (iii) Comprehensive Nuclear-Test-Ban Treaty; (iv) Consolidation of the regime established by the Treaty for the Prohibition of Nuclear Weapons in Latin America and the Caribbean (Treaty of Tlatelolco); (v) United Nations study on disarmament and non-proliferation education (action 22), and (vi) United Nations Disarmament Information Programme.</s>
      </p>
      <p id="19">
        <s id="19:1" lang="en">12. In addition, the 18-year impasse in the Conference on Disarmament, the permanent forum of the United Nations in charge of negotiating binding multilateral disarmament instruments, has directly affected compliance with the Treaty on the Non-Proliferation of Nuclear Weapons.</s>
        <s id="19:2" lang="en">Of the 13 systematic steps for disarmament agreed on in 2000, five would have to be fulfilled by means of multilateral negotiations in the Disarmament Commission.</s>
      </p>
      <p id="20">
        <s id="20:1" lang="en">13. In 2010 and 2011, Mexico promoted, supported and participated in the high-level meetings convened by the Secretary-General of the United Nations in support of the work of the Conference on Disarmament (actions 7 and 15) and to overcome the deadlock that has persisted in that forum for almost two decades.</s>
      </p>
      <p id="21">
        <s id="21:1" lang="en">14. The outcome of those meetings was a summary by the Secretary-General, in which he summarized the major issues dealt with at both meetings.</s>
        <s id="21:2" lang="en">In that regard, Mexico contributed ideas and alternative formulas for revitalizing the Conference on Disarmament and promoting multilateral disarmament (action 6).</s>
      </p>
      <p id="22">
        <s id="22:1" lang="en">15. Since 1998, Mexico has been flexible for the sake of achieving consensus on the adoption of a work programme for the Conference on Disarmament.</s>
        <s id="22:2" lang="en">Either individually or with other countries (the Group of 21 and the New Agenda Coalition), it has supported and promoted initiatives aimed at that end, advocating the gradual and balanced treatment of all items on the agenda.</s>
      </p>
      <p id="23">
        <s id="23:1" lang="en">16. In view of the lack of progress on substantive issues in the Conference on Disarmament, Mexico has stressed the need to consider alternatives with a view to initiating multilateral negotiations on nuclear disarmament, in accordance with the obligations undertaken by the parties to the Treaty.</s>
        <s id="23:2" lang="en">At the sixty-seventh session of the General Assembly, Mexico, together with a group of 19 sponsors, introduced a draft resolution on taking forward negotiations for the achievement and maintenance of a world without nuclear weapons.</s>
        <s id="23:3" lang="en">The text was adopted as resolution 67/56 by 147 votes to 4, with 31 abstentions.</s>
        <s id="23:4" lang="en">The resolution provided for the establishment of an open-ended working group, which met in 2013, with the mandate to develop proposals to take forward multilateral nuclear disarmament negotiations.</s>
        <s id="23:5" lang="en">International organizations, civil society and some 70 countries, many of them non-members of the Conference on Disarmament, participated in its work.</s>
      </p>
      <p id="24">
        <s id="24:1" lang="en">17. In order to give continuity to the work of the open-ended working group, Mexico and the group of sponsors of resolution 67/56 submitted a new draft resolution at the sixty-eighth session of the General Assembly, which was adopted as resolution 68/46.</s>
        <s id="24:2" lang="en">This resolution called for countries to present their views on the report of the Open-ended Working Group and on how to take forward multilateral nuclear disarmament negotiations.</s>
        <s id="24:3" lang="en">It requests the General Assembly to consider the possibility of re-establishing the Open-ended Working Group, if necessary, at the sixty-ninth General Assembly.</s>
      </p>
      <p id="25">
        <s id="25:1" lang="en">18. Discussions in multilateral forums that are concerned with nuclear disarmament have usually been centred on political considerations relating to the possession of nuclear weapons rather than the uncontrollable damage those weapons would cause if used again, whether deliberately or accidentally.</s>
        <s id="25:2" lang="en">During the 2010 Review Conference of the Parties to the Treaty, a group of countries which included Mexico successfully sought the inclusion in the final document of a reference to the humanitarian consequences of nuclear weapons.</s>
      </p>
      <p id="26">
        <s id="26:1" lang="en">19. Since then, more and more States have stressed that the impact of nuclear weapons must be dealt with from the perspective of contemporary society, as only then will it be possible to make progress toward stigmatizing these weapons which continue to be used by countries that possess them for purposes of political manipulation and threats.</s>
      </p>
      <p id="27">
        <s id="27:1" lang="en">20. Mexico participated in the Conference on the Humanitarian Impact of Nuclear Weapons (4-5 March 2013, Oslo).</s>
        <s id="27:2" lang="en">That gathering provided an unusual opportunity for 127 countries and international and civil society organizations to address the issue of nuclear weapons from the standpoint of the damage they cause, of human security and of their impact on the population and on health, the environment and food security.</s>
        <s id="27:3" lang="en">Participants at the Conference concluded that (a) it is unlikely that any State and/or international organization will have the capacity to deal adequately with the humanitarian emergency that would be caused by the detonation of a nuclear weapon and to provide necessary assistance to those affected; (b) history has shown that the use and testing of nuclear weapons has devastating short- and long-term effects; and (c) the impact of a nuclear detonation, independently of the cause, will affect States and individuals across borders and will have regional and global impact.</s>
      </p>
      <p id="28">
        <s id="28:1" lang="en">21. At that Conference, Mexico announced that it would convene a second Conference, to be held in Nayarit, Mexico, on 13 and 14 February 2014.</s>
        <s id="28:2" lang="en">The second Conference was open to the participation of States members of the United Nations, international organizations, the International Committee of the Red Cross, national societies of the International Federation of Red Cross and Red Crescent Societies, civil society and academic organizations (action 19).</s>
        <s id="28:3" lang="en">The Conference held factual discussions on the lethal and harmful effects of a detonation of any nuclear weapon, deliberate or accidental, in fields such as public health, climate change, food security, development, economic growth and population movements.</s>
        <s id="28:4" lang="en">It also considered the risks of an explosion and the inability of the international community to offer a humanitarian response should such a catastrophe occur.</s>
        <s id="28:5" lang="en">The Chair&apos;s summary on the second Conference on the Humanitarian Impact of Nuclear Weapons is attached to this report.</s>
        <s id="28:6" lang="en">The text in question is on file with the Secretariat.</s>
      </p>
      <p id="29">
        <s id="29:1" lang="en">22. Mexico stressed the measures included the action plan that should be considered especially urgent by nuclear-weapon States.</s>
        <s id="29:2" lang="en">Those measures are intended to diminish the role of nuclear weapons in all military and security concepts, doctrines and policies (action 5 (c)), raise awareness about the need to reduce the risk of accidental use of nuclear weapons and further enhance transparency and increase mutual confidence (actions 5 (f), (g) and 21) and discuss policies that could lead to their elimination, lessen the danger of nuclear war and contribute to non-proliferation and disarmament (action 5 (d)).</s>
        <s id="29:3" lang="en">The final document of the Nayarit Conference, which was presented as the Chair&apos;s Summary by Mexico, points out that the discussions on the humanitarian impact of nuclear weapons should lead to the commitment of States and civil society to reach new international standards and norms, through a legally binding instrument, and that the time has come to initiate a diplomatic process conducive to that goal.</s>
        <s id="29:4" lang="en">The process should comprise a specific time frame, the definition of the most appropriate forums and a clear and substantive framework.</s>
      </p>
      <p id="30">
        <s id="30:1" lang="en">23. Mexico participated in the high-level meeting on nuclear disarmament held during the sixty-eighth session of the General Assembly, with the aim of contributing to the goal of nuclear disarmament.</s>
      </p>
      <p id="31">
        <s id="31:1" lang="en">24. As a member of the New Agenda Coalition and the Non-Proliferation and Disarmament Initiative, Mexico has submitted several working papers in the framework of the sessions of the Preparatory Committee for the eleventh Review Conference of the Parties to the Treaty to be held in 2015, thus implementing actions 3, 4 and 5 of the 2010 action plan.</s>
      </p>
      <p id="32">
        <s id="32:1" lang="en">Security assurances and nuclear-weapon-free zones</s>
      </p>
      <p id="33">
        <s id="33:1" lang="en">25. As a promoter of the first nuclear-weapon-free zone in a densely populated area, Mexico supports the creation of nuclear-weapon-free zones as an effective measure to promote disarmament.</s>
        <s id="33:2" lang="en">Any further nuclear-weapon-free zones to be established must be based on arrangements freely arrived at among States of the region concerned, in accordance with the 1999 Guidelines of the United Nations Disarmament Commission (action 9).</s>
        <s id="33:3" lang="en">Mexico respects the sovereign decisions of countries that wish to sign treaties to establish new nuclear-weapon-free zones.</s>
      </p>
      <p id="34">
        <s id="34:1" lang="en">26. Mexico believes that although nuclear-weapon-free zones are not an end in themselves, they do represent a very important intermediate step towards the achievement of general and complete disarmament under effective international control.</s>
      </p>
      <p id="35">
        <s id="35:1" lang="en">27. Mexico reiterates that nuclear-weapon States should withdraw the interpretative declarations they made at the time of signature or deposit of their instruments of ratification to the protocols of treaties that establish nuclear-weapon-free zones (action 9), especially the Treaty of Tlatelolco, so that nuclear-weapon-free zones can be considered truly free of the threat of nuclear weapons.</s>
      </p>
      <p id="36">
        <s id="36:1" lang="en">28. In the case of the Middle East, Mexico, as a party to the commitments undertaken by the parties to the Treaty in 1995, 2000 and 2010, supports the adoption of resolutions relating to the establishment of a zone free of nuclear weapons and all other weapons of mass destruction.</s>
        <s id="36:2" lang="en">In that regard, it has stressed that the conference on the establishment of such a zone, which was proposed in 2012, should be held as soon as possible.</s>
        <s id="36:3" lang="en">To that end, it has offered its support and its experience to the facilitator of the conference.</s>
      </p>
      <p id="37">
        <s id="37:1" lang="en">29. Mexico is also fostering coordination among the 115 countries that have established nuclear-weapon-free zones with the common goal of contributing to disarmament and nuclear non-proliferation.</s>
        <s id="37:2" lang="en">México convened all the signatories to treaties that establish nuclear-weapon-free zones to the first Conference of States Parties and Signatories to Treaties That Establish Nuclear-Weapon-Free Zones, which was held in Mexico City in 2005.</s>
        <s id="37:3" lang="en">Mexico and Mongolia presided jointly over the second preparatory meeting to the third Conference of States Parties and Signatories to Treaties That Establish Nuclear-Weapon-Free Zones (to be held in 2015).</s>
        <s id="37:4" lang="en">The preparatory meeting was held in Geneva on 26 April 2013, in the context of the second session of the Preparatory Committee for the Review Conference of the Parties to the Treaty on the Non-Proliferation of Nuclear Weapons.</s>
      </p>
      <p id="38">
        <s id="38:1" lang="en">30. Mexico is also participating actively in the work of the Agency for the Prohibition of Nuclear Weapons in Latin America and the Caribbean (OPANAL).</s>
        <s id="38:2" lang="en">It is serving on the Council of OPANAL for the period 2014-1018.</s>
      </p>
      <p id="39">
        <s id="39:1" lang="en">31. On the issue of negative security guarantees (action 7), Mexico is in favour of initiating negotiations for the creation of a legally binding instrument to guarantee that nuclear weapons will not be used against non-nuclear-weapon States.</s>
      </p>
      <p id="40">
        <s id="40:1" lang="en">Nuclear testing</s>
      </p>
      <p id="41">
        <s id="41:1" lang="en">32. Mexico recognizes the importance of preventing the development and vertical proliferation of nuclear weapons, with a view to strengthening the system of nuclear disarmament and non-proliferation in all its aspects.</s>
      </p>
      <p id="42">
        <s id="42:1" lang="en">33. Mexico has actively promoted the total prohibition of nuclear tests.</s>
        <s id="42:2" lang="en">During the period 2011-2013, Mexico and Sweden presided over the seventh Conference on Facilitating the Entry into Force of the Comprehensive Nuclear-Test-Ban Treaty.</s>
        <s id="42:3" lang="en">At that Conference, the two countries worked together to urge those countries that had not yet ratified the Treaty, especially those mentioned in annex II, to do so.</s>
      </p>
      <p id="43">
        <s id="43:1" lang="en">34. The seventh Conference on Facilitating the Entry into Force of the Comprehensive Nuclear-Test-Ban Treaty adopted a final declaration that refers to the action plan of the seventh Review Conference of Parties to the Treaty on the Non-Proliferation of Nuclear Weapons, held in 2010; it urges States to take individual initiatives to sign and ratify the Treaty without delay; and it calls upon the Preparatory Commission for the Comprehensive Nuclear-Test-Ban Treaty Organization to promote training on the civil and scientific applications of the International Monitoring System (actions 10, 11 and 12).</s>
      </p>
      <p id="44">
        <s id="44:1" lang="en">35. At the eighth Conference on Facilitating the Entry into Force of the Comprehensive Nuclear Test-Ban Treaty, held in 2013, the two countries reaffirmed their commitment to continue actively promoting the entry into force and implementation of the Treaty, even after the conclusion of their mandate as co-presidents of the Article XIV process (action 13).</s>
      </p>
      <p id="45">
        <s id="45:1" lang="en">36. Mexico has continued to actively support the work of the Preparatory Commission, being persuaded that multilateral will and efforts in the area of nuclear disarmament and prevention of proliferation in every aspect offer the only solution for achieving lasting global peace.</s>
        <s id="45:2" lang="en">It has also reiterated its commitment to the work of the International Monitoring System at the five monitoring stations located in its territory, which have been certified by the Treaty, as well as its commitment to comply with the agreement on activities relating to facilities in the International Monitoring System of the Comprehensive Nuclear-Test-Ban Treaty, which was signed by the two parties on 20 October 2011 (actions 13 and 14).</s>
      </p>
      <p id="46">
        <s id="46:1" lang="en">37. Mexico also belongs to the Group of Eminent Persons set up in late 2013 by Dr. Lassina Zerbo, Executive Secretary of the Comprehensive Nuclear Test-Ban Organization, to expedite ratification by the eight remaining Annex 2 States so as to ensure the prompt entry into force of that Treaty.</s>
      </p>
      <p id="47">
        <s id="47:1" lang="en">38. In February 2013, Mexico joined in the international condemnation of the nuclear test carried out by the Democratic People&apos;s Republic of Korea in violation of Security Council resolutions and of the provisions of the Comprehensive Nuclear Test-Ban Treaty.</s>
        <s id="47:2" lang="en">That action was an open challenge to the appeals made by the international community through several General Assembly resolutions and ran counter to the international community&apos;s efforts to promote dialogue, confidence and cooperation for the pacification of the Korean Peninsula (action 11).</s>
      </p>
      <p id="48">
        <s id="48:1" lang="en">Fissile materials</s>
      </p>
      <p id="49">
        <s id="49:1" lang="en">39. Mexico has consistently recognized the need to conclude a treaty banning the production of fissile material for use in nuclear weapons or other nuclear explosive devices.</s>
        <s id="49:2" lang="en">Such a treaty would represent another step towards the goal of completely eliminating nuclear weapons and strengthening the nuclear non-proliferation regime (action 15).</s>
      </p>
      <p id="50">
        <s id="50:1" lang="en">40. Mexico believes that this instrument should be viewed as part of the broad and comprehensive process of nuclear disarmament and non-proliferation and considers it necessary that such a treaty should provide for the regulation of existing fissile materials, a verification mechanism and confidence-building measures.</s>
      </p>
      <p id="51">
        <s id="51:1" lang="en">41. Although there are several draft texts of a treaty on fissile materials, Mexico holds the view that those drafts should be considered as a basis for negotiations, without precluding the discussion and consideration of other proposals, so as to avoid discrimination in the proceedings.</s>
      </p>
      <p id="52">
        <s id="52:1" lang="en">42. Mexico is active in the Group of Governmental Experts established pursuant to General Assembly resolution 67/53, adopted in 2012.</s>
        <s id="52:2" lang="en">This Group held its first session in Geneva from 31 March to 11 April 2012.</s>
      </p>
      <p id="53">
        <s id="53:1" lang="en">Other measures in support of nuclear disarmament</s>
      </p>
      <p id="54">
        <s id="54:1" lang="en">43. Mexico reiterates the importance of the measures relating to transparency contained in the final document (action 21).</s>
        <s id="54:2" lang="en">Such measures play an important role in compliance with the obligations undertaken under the Treaty.</s>
        <s id="54:3" lang="en">They will determine the credibility of any disarmament measures that have been taken and the ability to assess compliance with the Treaty and adopt further measures.</s>
        <s id="54:4" lang="en">Mexico has urged nuclear-weapon States to show greater transparency with regard to their stocks of nuclear weapons and fissile materials.</s>
      </p>
      <p id="55">
        <s id="55:1" lang="en">44. The New Agenda Coalition has submitted two working papers on verification and transparency in nuclear matters, promoting application of the principles of irreversibility, verifiability and transparency in relation to the implementation of the obligations of States parties to the Treaty (action 2).</s>
      </p>
      <p id="56">
        <s id="56:1" lang="en">45. The Non-Proliferation and Disarmament Initiative has submitted to the third session of the Preparatory Committee a working paper stressing the need to set up a standard reporting form for nuclear-weapon States and encouraging them to continue implementing confidence-building measures, in compliance with their obligations in regard to nuclear disarmament under article VI.</s>
      </p>
      <p id="57">
        <s id="57:1" lang="en">Nuclear non-proliferation</s>
      </p>
      <p id="58">
        <s id="58:1" lang="en">46. Mexico will continue to promote universal adherence to the Treaty.</s>
        <s id="58:2" lang="en">To that end, it will continue urging States that are not yet parties to adhere to the Treaty promptly and without conditions and to refrain from taking measures that might negatively affect compliance with and implementation of the Treaty (action 23).</s>
      </p>
      <p id="59">
        <s id="59:1" lang="en">47. México recognizes the key role played by the International Atomic Energy Agency (IAEA) in promoting the peaceful uses of nuclear energy (action 47), in drawing up security guidelines, fostering technical cooperation and promoting nuclear non-proliferation through its safeguards system.</s>
      </p>
      <p id="60">
        <s id="60:1" lang="en">48. Mexico supports the strengthening of this system and the universal application of the additional protocols on safeguards, and urges those countries that have not yet done so to sign such agreements with IAEA as soon as possible (actions 24-28).</s>
        <s id="60:2" lang="en">It will continue to offer political, technical and financial support to IAEA for its work (actions 33 and 34).</s>
      </p>
      <p id="61">
        <s id="61:1" lang="en">49. On 29 March 2004, Mexico signed the IAEA additional protocol on safeguards, which entered into force on 4 March 2011.</s>
        <s id="61:2" lang="en">The Government of Mexico decided to sign the additional protocol because it believes that signing such instruments is one way to make a significant contribution to strengthening the nuclear non-proliferation regime and the safeguard system.</s>
        <s id="61:3" lang="en">This is further evidence of the commitment of Mexico to the non-proliferation regime (action 29).</s>
      </p>
      <p id="62">
        <s id="62:1" lang="en">50. Mexico is of the view that bearing in mind the Treaty, the New Agenda Coalition and the Non-Proliferation and Disarmament Initiative, during the next five-year cycle of the Treaty, nuclear-weapon States should consider undertaking verification or safeguard commitments with IAEA, given that IAEA does not currently verify the nuclear or military facilities of any nuclear-weapon State.</s>
        <s id="62:2" lang="en">This creates an imbalance that is detrimental to the Treaty..</s>
      </p>
      <p id="63">
        <s id="63:1" lang="en">51. To comply with the requirement to ensure that exports of nuclear materials do not contribute, directly or indirectly, to the production of nuclear weapons or other explosive nuclear devices, in 2010 Mexico began the process of joining four export-control regimes.</s>
        <s id="63:2" lang="en">As of April 2014, it belongs to the Wassenaar Arrangement, the Nuclear Suppliers Group and the Australia Group.</s>
        <s id="63:3" lang="en">As part of its export-control process, Mexico set up an export-control committee to identify specific export materials, taking into account their use and final destination (actions 35 and 36).</s>
      </p>
      <p id="64">
        <s id="64:1" lang="en">52. Mexico has participated in three nuclear security summits held in Washington (2010), Seoul (2012) and The Hague (2014).</s>
        <s id="64:2" lang="en">The summits represent an international effort to guarantee the safety and security of nuclear materials and facilities throughout the world and mitigate the threat of nuclear terrorism.</s>
        <s id="64:3" lang="en">Mexico has taken this position with a view to strengthening the comprehensive nuclear security regime, preventing acts of nuclear terrorism and promoting disarmament, with due regard for the inalienable right of all States to benefit from nuclear energy under IAEA safeguards (actions 38-40 and 44).</s>
      </p>
      <p id="65">
        <s id="65:1" lang="en">53. Since 2011, Mexico has cooperated with the United States on improving the safety and security of medical, industrial and research facilities in which category 1 and 2 radioactive sources are used.</s>
        <s id="65:2" lang="en">This includes the physical and training infrastructure (action 40).</s>
      </p>
      <p id="66">
        <s id="66:1" lang="en">54. Mexican nuclear regulations are based on documents issued in the IAEA Nuclear Security Series, in particular, the recommendations on the physical protection of nuclear material and nuclear facilities (INFCIRC/225/Rev.4 and Rev.5).</s>
        <s id="66:2" lang="en">It also applies the IAEA Code of Conduct on the Safety and Security of Radioactive Sources and the Guidance on the Import and Export of Radioactive Sources (actions 41 and 43).</s>
      </p>
      <p id="67">
        <s id="67:1" lang="en">55. Mexico and Canada are cooperating in the framework of the Global Partnership Against the Spread of Weapons and Materials of Mass Destruction, which Mexico joined in 2012.</s>
        <s id="67:2" lang="en">Mexico City was the venue of a regional workshop on the safety and security of radioactive sources used in medical applications, held on 27 and 28 August 2013.</s>
      </p>
      <p id="68">
        <s id="68:1" lang="en">56. Mexico ratified the amendment to the Convention on the Physical Protection of Nuclear Material (CPPNM) in 2012 and has already passed legislation to punish nuclear terrorism (published in Diario Oficial de la Federación on 14 March 2014).</s>
        <s id="68:2" lang="en">In collaboration with IAEA, Mexico hosted the Regional Workshop on Facilitating Adherence to and Implementation of the 2005 Amendment to the Convention on the Physical Protection of Nuclear Material (CPPNM) for the Caribbean States, which was held on 8-10 April 2014 (action 42).</s>
      </p>
      <p id="69">
        <s id="69:1" lang="en">57. In 2007, Mexico deposited the instrument of ratification of the International Convention for the Suppression of Acts of Nuclear Terrorism (action 45).</s>
      </p>
      <p id="70">
        <s id="70:1" lang="en">58. The eighth plenary meeting of the Global Initiative To Combat Nuclear Terrorism was held in Mexico on 23 and 24 May 2013.</s>
        <s id="70:2" lang="en">The work done at that plenary meeting will no doubt help to strengthen the physical security of countries belonging to that arrangement, which seeks to improve international nuclear security and share best practices.</s>
        <s id="70:3" lang="en">The training workshop and exercise was carried out from 25 to 28 February in Manzanillo, Colima, Mexico, in coordination with the Nuclear Detection Working Group of the Global Initiative To Combat Nuclear Terrorism.</s>
      </p>
      <p id="71">
        <s id="71:1" lang="en">Peaceful uses of nuclear energy</s>
      </p>
      <p id="72">
        <s id="72:1" lang="en">59. Mexico is committed to using the nuclear materials and facilities under its jurisdiction exclusively for peaceful purposes, and it recognizes the right of all States to use nuclear energy for peaceful purposes.</s>
        <s id="72:2" lang="en">However, this right entails the obligation to comply with the spirit and purposes of the Treaty and of IAEA safeguard agreements (actions 47-49).</s>
      </p>
      <p id="73">
        <s id="73:1" lang="en">60. Mexico attaches high importance to the technical cooperation programme and all mechanisms that allow for optimum use to be made of resources allocated to it, especially those pertaining to human health, food and agriculture and to the use of energy for generating electricity (actions 52-54 and 56).</s>
      </p>
      <p id="74">
        <s id="74:1" lang="en">61. Mexico is a party to the following international instruments adopted within the framework of IAEA (action 59): the Convention on Nuclear Safety (ratified on 24 October 1996); the Convention on Early Notification of a Nuclear Accident (ratified on 10 June 1988); the Convention on Assistance in the Case of Nuclear Accident or Radiological Emergency (ratified on 10 June 1988); the Convention on the Physical Protection of Nuclear Material (ratified on 4 May 1988) and the amendment thereto (ratified on 1 August 2012), and the International Convention on the Suppression of Acts of Nuclear Terrorism (ratified on 27 June 2006).</s>
        <s id="74:2" lang="en">Mexico is considering the possibility of signing the Joint Convention on the Safety of Spent Fuel Management and on the Safety of Radioactive Waste Management.</s>
      </p>
      <p id="75">
        <s id="75:1" lang="en">62. At the Seoul Nuclear Security Summit, Mexico announced the successful conclusion, in close cooperation with IAEA, of the trilateral agreement between Mexico, the United States and Canada to convert highly enriched uranium to low enriched uranium for the TRIGA Mark III reactor at the National Nuclear Research Institute (action 61).</s>
      </p>
      <p id="76">
        <s id="76:1" lang="en">63. Mexico has adopted nuclear standards based on the IAEA Nuclear Security Series publications, in particular, the recommendations on the physical protection of nuclear material and nuclear facilities (INFCIRC/225/Rev.4 and Rev.5) (actions 41 and 57).</s>
        <s id="76:2" lang="en">Mexico contributes actively to development of the Nuclear Security Series and recently participated in the Nuclear Security Guidance Committee.</s>
      </p>
      <p id="77">
        <s id="77:1" lang="en">64. Mexico, working in conjunction with the United States, has set up an intergovernmental cooperation network for training specialists in export controls and identification of sensitive materials (actions 47 and 51).</s>
      </p>
      <p id="78">
        <s id="78:1" lang="en">65. Mexico is encouraging the national nuclear industry to observe and implement a culture of nuclear safety and security, with a view to ensuring a timely response to any incident involving nuclear or radiological materials (action 60).</s>
      </p>
      <p id="79">
        <s id="79:1" lang="en">66. Mexico and Canada have signed an agreement on monitoring of radioactive sources from their origin to their final destination, including transport of category 1 sources.</s>
        <s id="79:2" lang="en">Likewise, in 2013, in cooperation with Canada, it carried out a regional workshop for Central America on safety and security of radioactive sources in medical facilities (action 62).</s>
      </p>
      <p id="80">
        <s id="80:1" lang="en">Other Treaty-related issues</s>
      </p>
      <p id="81">
        <s id="81:1" lang="en">67. Mexico recognizes the right of all States to withdraw from the Treaty in accordance with international law and the provisions of article X. In conjunction with the Non-Proliferation and Disarmament Initiative, Mexico has submitted a working paper on the subject to the third session of the Preparatory Committee.</s>
      </p>
    </body>
  </text>
</TEI.2>
