<?xml version="1.0" encoding="utf-8"?>
<TEI.2>
  <teiHeader>
    <fileDesc>
      <titleStmt>
        <title>The United Nations Parallel Corpus v1.0 - NPT/CONF.2015/PC.III/8</title>
      </titleStmt>
      <publicationStmt>
        <publisher>United Nations DGACM</publisher>
        <pubPlace>New York</pubPlace>
        <date>20140428</date>
        <idno type="symbol">NPT/CONF.2015/PC.III/8</idno>
        <idno type="jobno">N1431240</idno>
        <availability>
          <p>The following disclaimer, an integral part of the United Nations Parallel Corpus v1.0, 
             shall be respected in regard to the Corpus v1.0 (no other restrictions apply):</p>

          <p>The United Nations Parallel Corpus is made available without warranty of any kind, 
             explicit or implied. The United Nations specifically makes no warranties or 
             representations as to the accuracy or completeness of the information contained in 
             the United Nations corpus.</p>

          <p>Under no circumstances shall the United Nations be liable for any loss, liability,
             injury or damage incurred or suffered that is claimed to have resulted from the use
             of the United Nations Corpus. The use of the United Nations Corpus is at the user's 
             sole risk. The user specifically acknowledges and agrees that the United Nations is 
             not liable for the conduct of any user. If the user is dissatisfied with any of the 
             material provided in the United Nations Corpus, the users's sole and exclusive remedy 
             is to discontinue using the United Nations Corpus.</p>

          <p>When using the United Nations Corpus, the user must acknowledge the United Nations as the
             source of the information. For references, please use this reference:
             Ziemski, M., Junczys-Dowmunt, M., and Pouliquen, B. (2016) The United Nations
             Parallel Corpus, Language Resources and Evaluation (LREC’16), Portorož, Slovenia, 
             May 2016.</p>

          <p>Nothing herein shall constitute or be considered to be a limitation upon or waiver,
             express or implied, of the privileges and immunities of the United Nations, which
             are specifically reserved.</p>
        </availability>
        <distributor>http://conferences.unite.un.org/UNCorpus</distributor>
      </publicationStmt>
      <sourceDesc>
        <p>http://www.un.org/en/official-documents-system-search/index.html</p>
      </sourceDesc>
    </fileDesc>
    <profileDesc>
      <langUsage>
        <language ident="en">English</language>
      </langUsage>
    </profileDesc>
  </teiHeader>
  <text>
    <body>
      <p id="1">
        <s id="1:1" lang="en">Third session</s>
      </p>
      <p id="2">
        <s id="2:1" lang="en">New York, 28 April-9 May 2014</s>
      </p>
      <p id="3">
        <s id="3:1" lang="en">Implementation of the Treaty on the Non-Proliferation</s>
      </p>
      <p id="4">
        <s id="4:1" lang="en">of Nuclear Weapons</s>
      </p>
      <p id="5">
        <s id="5:1" lang="en">Report submitted by Canada</s>
      </p>
      <p id="6">
        <s id="6:1" lang="en">1. Action 20 of the action plan contained in the Final Document of the 2010 Review Conference of the Parties to the Treaty on the Non-Proliferation of Nuclear Weapons calls for States parties to submit regular reports on the implementation of the action plan, the 13 practical steps towards disarmament contained in the Final Document of the 2000 Review Conference and article VI, paragraph 4 (c), of the 1995 Review Conference decision entitled &quot;Principles and objectives for nuclear non-proliferation and disarmament&quot;.</s>
        <s id="6:2" lang="en">In line with this commitment, and with a view to enhancing transparency and building confidence, Canada submits this report on its implementation of the Treaty on an article-by-article basis, including the 13 practical steps agreed in the Final Document of the 2000 Review Conference.</s>
        <s id="6:3" lang="en">It provides updated information that builds upon the reports Canada submitted in 2012 (NPT/CONF.2015/PC.I/10) and in 2013 (NPT/CONF.2015/PC.II/9).</s>
        <s id="6:4" lang="en">Separate reports have been made on Canada&apos;s implementation of the action plan agreed at the 2010 Review Conference and on the implementation of the resolution on the Middle East agreed at the 1995 Treaty Review and Extension Conference.</s>
        <s id="6:5" lang="en">Such comprehensive reporting is not intended to expand the scope of the commitments made, but is a reflection of the linkages that exist among the articles of the Treaty, the 13 practical steps and the 2010 action plan.</s>
        <s id="6:6" lang="en">Canada calls upon all other States parties to submit such comprehensive reports at Treaty meetings.</s>
      </p>
      <p id="7">
        <s id="7:1" lang="en">Article I</s>
      </p>
      <p id="8">
        <s id="8:1" lang="en">2. Canada continues to call upon nuclear-weapon States not to assist, encourage or induce any non-nuclear-weapon State to manufacture or otherwise acquire nuclear weapons or other nuclear explosive devices.</s>
        <s id="8:2" lang="en">Nuclear proliferation continues to pose a threat to the world.</s>
        <s id="8:3" lang="en">Canada maintains that members of the United Nations must work together to ensure that Security Council resolutions are fully implemented and that States work together to halt activities that have no reasonable purpose other than the further acquisition of nuclear weapons.</s>
      </p>
      <p id="9">
        <s id="9:1" lang="en">3. Canada is a member of the 28 member Global Partnership against the Spread of Weapons and Materials of Mass Destruction, an initiative launched at the 2002 summit of the Group of Eight to address the threat posed by the proliferation of weapons and materials of mass destruction as well as related knowledge.</s>
        <s id="9:2" lang="en">To date, Canada has spent C$463 million towards concrete projects through its Global Partnership Programme in support of the non-proliferation and disarmament objectives of the Treaty.</s>
        <s id="9:3" lang="en">Since the 2013 Treaty Preparatory Committee, funding from Canada&apos;s Global Partnership Programme was used to provide airborne radiation detection equipment and training to strengthen the on-site inspection capabilities of the Comprehensive Nuclear-Test-Ban Treaty Organization; to fund and manage successful radiological security projects focusing on the Central America, South-East Asia and the Middle East and North Africa regions; support the safeguards verification activities of the International Atomic Energy Agency (IAEA), including for the monitoring of the Islamic Republic of Iran&apos;s compliance with the joint plan of action; and to oversee and ensure completion of multi-year projects on the physical protection of nuclear materials.</s>
      </p>
      <p id="10">
        <s id="10:1" lang="en">4. Canada is an active participant in the Proliferation Security Initiative, which seeks to enhance, in a manner consistent with national legal authorities and international law, practical cooperation on interdiction of, inter alia, nuclear weapons material and technology flowing illegally to and from States and non-State actors.</s>
        <s id="10:2" lang="en">Canada is also an initial partner nation of the Global Initiative to Combat Nuclear Terrorism, a member of the Nuclear Suppliers Group and an active participant in the Group of Eight Non-Proliferation Directors Group.</s>
      </p>
      <p id="11">
        <s id="11:1" lang="en">5. Canada continues to actively participate in the Non-Proliferation and Disarmament Initiative, a cross-regional group of Treaty non-nuclear weapon States that works to promote and support the implementation of the commitments made by all States parties to the Treaty, particularly the 2010 action plan, and advocate further progress through practical contributions and proposals.</s>
        <s id="11:2" lang="en">Canada welcomed the addition of the Philippines and Nigeria to the group at its September 2013 Ministerial meeting in New York.</s>
        <s id="11:3" lang="en">Canada supported the joint Non-Proliferation and Disarmament Initiative working papers submitted to the 2013 Treaty Preparatory Committee on the Comprehensive Nuclear-Test-Ban Treaty, non-strategic nuclear weapons, reducing the role of nuclear weapons in defence doctrines, export controls, nuclear-weapon-free zones, the wider application of IAEA safeguards and disarmament education.</s>
        <s id="11:4" lang="en">Canada endorsed the group&apos;s ministerial statement issued at the ministerial meeting, held in Hiroshima, Japan, on 12 April 2014.</s>
      </p>
      <p id="12">
        <s id="12:1" lang="en">Article II</s>
      </p>
      <p id="13">
        <s id="13:1" lang="en">6. Canada continues to abide by its Treaty commitment not to receive the transfer of, receive control over, manufacture or acquire nuclear weapons or a nuclear explosive capability.</s>
        <s id="13:2" lang="en">This commitment is implemented domestically primarily through Canada&apos;s Nuclear Safety and Control Act of 2000 and the Export and Import Permits Act of 1985.</s>
      </p>
      <p id="14">
        <s id="14:1" lang="en">7. Canada calls upon other non-nuclear-weapon States not to receive the transfer of, receive control over, manufacture, acquire or seek to receive any assistance in the manufacture of nuclear weapons or other nuclear explosive devices or their delivery vehicles.</s>
        <s id="14:2" lang="en">Canada reiterates its call on the Democratic People&apos;s Republic of Korea to immediately resume cooperation with IAEA inspectors, to comply fully with all of its obligations under Security Council resolutions 1718 (2006), 1874 (2009), 2087 (2013) and 2094 (2013), and to fulfil all commitments it made as part of previous Six-Party agreements, including abandoning all its nuclear weapons and existing nuclear and ballistic missile programmes and immediately ceasing all related activities.</s>
        <s id="14:3" lang="en">Canada has fully implemented successive Security Council resolutions imposing sanctions on the Democratic People&apos;s Republic of Korea, and had already adopted comprehensive economic sanctions against the Democratic People&apos;s Republic of Korea in 2011, including a prohibition on imports from and exports to the Democratic People&apos;s Republic of Korea, with certain humanitarian exemptions.</s>
        <s id="14:4" lang="en">We continue to support negotiations as the best means to achieve a permanent, peaceful resolution of the Korean peninsula&apos;s long-standing security issues and encourage efforts towards the early resumption of this process.</s>
      </p>
      <p id="15">
        <s id="15:1" lang="en">8. Canada continues to urge the Islamic Republic of Iran to comply with all of its international obligations, including those set out by the Security Council and the IAEA Board of Governors, and to engage seriously and without preconditions in efforts aimed at restoring international confidence in the exclusively peaceful nature of its nuclear programme.</s>
        <s id="15:2" lang="en">This requires immediate and full cooperation with IAEA to address serious concerns about the military dimensions of its nuclear programme and the full implementation of the additional protocol to the IAEA comprehensive safeguards agreement.</s>
        <s id="15:3" lang="en">Canada has fully implemented in Canadian law the requirements of Security Council resolutions 1737 (2006), 1747 (2007), 1803 (2008) and 1929 (2010) by imposing rigorous sanctions on the Islamic Republic of Iran.</s>
        <s id="15:4" lang="en">Canada continues to believe that States parties should explore ways for the 2015 Review Conference to seriously and credibly address the Islamic Republic of Iran&apos;s non-compliance with the Treaty.</s>
      </p>
      <p id="16">
        <s id="16:1" lang="en">9. Canada fully supported the IAEA Board of Governors resolution requesting the IAEA Director General to report to the Security Council the assessment that an undeclared nuclear reactor existed at Dair Alzour, Syrian Arab Republic, in breach of that country&apos;s safeguards obligations.</s>
        <s id="16:2" lang="en">Canada continues to call on the Syrian Arab Republic to urgently remedy its non-compliance and to meet its own commitment to fully cooperate with the Agency to resolve related outstanding issues, so that the Agency can provide the necessary assurances as to the exclusively peaceful nature of the Syrian Arab Republic&apos;s nuclear programme.</s>
        <s id="16:3" lang="en">Canada also continues to urge the Syrian Arab Republic to bring into force an additional protocol as soon as possible.</s>
      </p>
      <p id="17">
        <s id="17:1" lang="en">10. Canada&apos;s national export control system is consistent with the lists of those multilateral nuclear export control mechanisms in which it participates and operates in a transparent manner.</s>
        <s id="17:2" lang="en">Canada participated actively in the Nuclear Suppliers Group&apos;s list review and is in the process of incorporating the revised lists into national legislation.</s>
        <s id="17:3" lang="en">These measures serve to facilitate peaceful nuclear commerce and international cooperation while ensuring that non-proliferation policies are met.</s>
        <s id="17:4" lang="en">Canada continues to cooperate actively with other like-minded States in a variety of international forums to develop new measures aimed at further strengthening the non-proliferation regime, particularly with regard to the transfer of enrichment and reprocessing technologies, and the suspension of nuclear cooperation in cases of non-compliance with nuclear non-proliferation commitments.</s>
      </p>
      <p id="18">
        <s id="18:1" lang="en">Article III</s>
      </p>
      <p id="19">
        <s id="19:1" lang="en">11. Pursuant to article III, Canada has in place a comprehensive safeguards agreement and an additional protocol to the agreement with IAEA.</s>
        <s id="19:2" lang="en">Canada is of the view that a comprehensive safeguards agreement together with an additional protocol constitutes the safeguards standard required under article III. With this safeguards standard in place, IAEA is in a position to draw an annual conclusion regarding the non-diversion of declared nuclear material from peaceful nuclear activities and the absence of undeclared nuclear material and activities in Canada.</s>
        <s id="19:3" lang="en">This broader conclusion first achieved in 2005 and subsequently maintained on an annual basis, provides the highest level of confidence that Canada is in compliance with its commitments under the Treaty.</s>
        <s id="19:4" lang="en">Furthermore, the attainment and maintenance of the broader conclusion has allowed IAEA to fundamentally change the way safeguards are undertaken in Canada, by implementing a State-level integrated safeguards approach.</s>
        <s id="19:5" lang="en">These developments are a direct result of Canada&apos;s strong support for the IAEA safeguards system and of the high level of cooperation between IAEA and Canada in the implementation of the comprehensive safeguards agreement and the additional protocol.</s>
        <s id="19:6" lang="en">At IAEA and the General Assembly, Canada continues to urge States that have yet to bring into force a comprehensive safeguards agreement and an additional protocol to do so as soon as possible.</s>
        <s id="19:7" lang="en">Canada supports the outreach efforts of the Group of Eight and the Non-Proliferation and Disarmament Initiative to advance the universalization of the additional protocol.</s>
        <s id="19:8" lang="en">In addition, through the Canadian Safeguards Support Programme, Canada contributes to the research, development and support of safeguards equipment and techniques for both domestic and international use aimed at strengthening the effectiveness and efficiency of the Agency&apos;s safeguards.</s>
      </p>
      <p id="20">
        <s id="20:1" lang="en">12. Consistent with its obligation not to provide source or special fissionable material, or equipment or material especially designed or prepared for the processing, use or production of special fissionable material to any</s>
      </p>
      <p id="21">
        <s id="21:1" lang="en">non-nuclear-weapon State for peaceful purposes unless the source or special fissionable material is subject to IAEA safeguards, and with decision 2, paragraph 12, of the 1995 Treaty Review and Extension Conference, all of Canada&apos;s nuclear partners have accepted, through a bilateral nuclear cooperation agreement with Canada, a number of additional measures designed to ensure that nuclear items supplied by Canada do not contribute to the proliferation of nuclear weapons.</s>
        <s id="21:2" lang="en">Canada maintains a national system for controlling the export of all items especially designed or prepared for nuclear use and certain nuclear-related dual-use items, including, with respect to the specific requirements of article III, paragraph 2, of the Treaty, source or special fissionable material and equipment or material especially designed or prepared for the processing, use or production of special fissionable material.</s>
        <s id="21:3" lang="en">It ensures that exports of nuclear and nuclear dual-use items are not authorized where there is found to be a risk of diversion to a weapons of mass destruction programme or an unsafeguarded facility, or when an export would be otherwise contrary to Canada&apos;s non-proliferation policy and international commitments and obligations.</s>
        <s id="21:4" lang="en">Canada&apos;s export control legislation includes a catchall provision.</s>
      </p>
      <p id="22">
        <s id="22:1" lang="en">13. Canada is currently chair of the Zangger Committee, a group of 38 States that maintains a list of nuclear-related strategic goods on which IAEA safeguards are applied.</s>
      </p>
      <p id="23">
        <s id="23:1" lang="en">Article IV</s>
      </p>
      <p id="24">
        <s id="24:1" lang="en">14. Canada strongly supports the peaceful uses of nuclear energy.</s>
        <s id="24:2" lang="en">Canada pioneered a pressurized heavy water reactor system, the CANDU nuclear power reactor, that has been successfully exported to four other States parties.</s>
        <s id="24:3" lang="en">Canada maintains a robust domestic nuclear power programme and has a broad and diverse nuclear industry including uranium, radioisotopes for medical, academic and industrial purposes, as well as nuclear reactor services.</s>
        <s id="24:4" lang="en">Canada believes that nuclear energy can make an important contribution to prosperity and sustainable development, while also addressing concerns about climate change.</s>
        <s id="24:5" lang="en">To this end, Canada has 29 nuclear cooperation agreements in force covering 47 States parties to the Treaty, both developed and developing, to provide a framework for the fullest possible exchange of nuclear and other material, equipment and technology.</s>
        <s id="24:6" lang="en">Since the 2013 Treaty Preparatory Committee, Canada concluded a nuclear cooperation agreement with the United Arab Emirates and signed one with Kazakhstan.</s>
        <s id="24:7" lang="en">Canada has also held official bilateral consultations with nuclear cooperation agreement partner States, as well as formal administrative arrangement consultations with nuclear cooperation agreement partner country authorities.</s>
        <s id="24:8" lang="en">Canada strongly supports the IAEA Technical Cooperation Programme, and has made significant voluntary contributions to the IAEA Technical Cooperation Fund.</s>
        <s id="24:9" lang="en">Canada has also actively supported efforts to strengthen the Technical Cooperation Programme to make it more transparent and accountable in a results-based framework.</s>
        <s id="24:10" lang="en">In April 2012, Canada passed legislation to amend its criminal code to improve its approach to prosecute those who commit acts of nuclear terrorism.</s>
        <s id="24:11" lang="en">On 21 November 2013, Canada ratified the International Convention for the Suppression of Acts of Nuclear Terrorism.</s>
        <s id="24:12" lang="en">On December 3, 2013, Canada ratified the 2005 Amendment to the Convention on the Physical Protection of Nuclear Materials.</s>
      </p>
      <p id="25">
        <s id="25:1" lang="en">15. In view of the inherent relationship between States&apos; inalienable rights to the peaceful uses of nuclear energy and the obligations contained elsewhere in the Treaty, cooperation by Canada with other countries in the peaceful uses of nuclear energy takes fully into account the non-proliferation credentials of the recipient country.</s>
        <s id="25:2" lang="en">Canada is committed to working with other States and relevant international organizations on new arrangements for the supply of nuclear items, consistent with the balance of rights and obligations agreed to in the Treaty and in particular in articles II, III and IV.</s>
      </p>
      <p id="26">
        <s id="26:1" lang="en">16. Canada continues to be involved in and support efforts to assist the harmonized implementation of the IAEA Code of Conduct on the Safety and Security of Radioactive Sources and its supplementary Guidance on the Import and Export of Radioactive Sources.</s>
        <s id="26:2" lang="en">Canada continues to assist the harmonized implementation of the Guidance through the establishment of bilateral administrative arrangements on the import and export of radioactive sources with its foreign regulatory counterparts.</s>
        <s id="26:3" lang="en">Canada has established 12 such arrangements.</s>
        <s id="26:4" lang="en">IAEA has recognized this initiative as a best practice and encourages other States to follow Canada&apos;s lead.</s>
        <s id="26:5" lang="en">As one of the world&apos;s leading suppliers and exporters of radioactive sources, Canada has a strong interest in the establishment and maintenance of an effective, efficient and harmonized international regime for ensuring their safety and security, including measures to prevent their use in malicious or terrorist acts.</s>
        <s id="26:6" lang="en">Canada encourages all States to implement the provisions of the Code and Guidance in a harmonized manner to assist in providing assurances that radioactive sources are used and maintained within an appropriate regulatory framework of radiation safety and security.</s>
      </p>
      <p id="27">
        <s id="27:1" lang="en">Article V</s>
      </p>
      <p id="28">
        <s id="28:1" lang="en">17. The Final Document of the 2000 Review Conference affirmed that provisions of article V are to be interpreted in the light of the Comprehensive Nuclear-Test-Ban Treaty.</s>
        <s id="28:2" lang="en">Canada signed the Comprehensive Nuclear-Test-Ban Treaty in September 1996 and ratified it in December 1998.</s>
        <s id="28:3" lang="en">In October 1998, Canada was the first Comprehensive Nuclear-Test-Ban Treaty State signatory to sign a facility agreement with the Preparatory Commission of the Comprehensive Nuclear-Test-Ban Treaty Organization to establish the legal basis for activities to construct the monitoring stations to be hosted in Canada.</s>
        <s id="28:4" lang="en">Canada has played an active role in encouraging further signatures and ratification of the Treaty with a view to achieving its universality, including through annual diplomatic outreach efforts conducted by the Group of Eight presidency.</s>
      </p>
      <p id="29">
        <s id="29:1" lang="en">18. Canada co-sponsored General Assembly resolution 68/68 on the Comprehensive Nuclear-Test-Ban Treaty.</s>
        <s id="29:2" lang="en">The resolution calls for the earliest possible entry into force of the Treaty and urges the maintenance of unilateral moratoria on nuclear weapons test explosions until entry into force is achieved.</s>
      </p>
      <p id="30">
        <s id="30:1" lang="en">Article VI</s>
      </p>
      <p id="31">
        <s id="31:1" lang="en">19. Canada continues to take seriously the obligation of article VI and the commitments agreed upon in the 1995 Principles and Objectives, in the 13 practical steps and in the 2010 action plan.</s>
        <s id="31:2" lang="en">These have been at the forefront of a number of activities and statements.</s>
        <s id="31:3" lang="en">Below is a summary of Canada&apos;s activities as they relate to the 13 practical steps agreed in the Final Document of the 2000 Review Conference.</s>
      </p>
      <p id="32">
        <s id="32:1" lang="en">Steps 1 and 2</s>
      </p>
      <p id="33">
        <s id="33:1" lang="en">20. Canada&apos;s action in support of the Comprehensive Nuclear-Test-Ban Treaty and the moratorium on nuclear testing is described above under article V implementation.</s>
      </p>
      <p id="34">
        <s id="34:1" lang="en">Steps 3 and 4</s>
      </p>
      <p id="35">
        <s id="35:1" lang="en">21. Canada&apos;s priority in the Conference on Disarmament is the start of negotiations on a verifiable fissile material cut-off treaty.</s>
        <s id="35:2" lang="en">In May 2013, Canada submitted a report of its views on a fissile material cut-off treaty to the Secretary-General.</s>
        <s id="35:3" lang="en">Canada also conducted démarches in 41 States to encourage them to submit such reports as well.</s>
        <s id="35:4" lang="en">Canada is pleased to chair the Group of Governmental Experts that will meet in 2014 and 2015 to make recommendations on possible aspects that could contribute to, but not negotiate, a fissile material cut-off treaty.</s>
        <s id="35:5" lang="en">Canada regrets that the adoption of a comprehensive programme of work continues to be blocked by one Conference member.</s>
      </p>
      <p id="36">
        <s id="36:1" lang="en">Step 5</s>
      </p>
      <p id="37">
        <s id="37:1" lang="en">22. Canada emphasizes the importance of transparency, irreversibility and verifiability in the reduction and eventual elimination of nuclear weapons arsenals and facilities.</s>
        <s id="37:2" lang="en">At the sixty-eighth session of the General Assembly, Canada cosponsored resolution 68/51, entitled &quot;United action towards the total elimination of nuclear weapons&quot;.</s>
      </p>
      <p id="38">
        <s id="38:1" lang="en">Step 6</s>
      </p>
      <p id="39">
        <s id="39:1" lang="en">23. At the sixty-eighth session of the General Assembly, Canada voted in favour of resolution 68/39, entitled &quot;Towards a nuclear-weapon-free world: accelerating the implementation of nuclear disarmament commitments&quot; and resolution 68/51.</s>
      </p>
      <p id="40">
        <s id="40:1" lang="en">24. As a member of the North Atlantic Treaty Organization (NATO), Canada continues to advocate that the Alliance play a positive role in advancing disarmament objectives through a continuous step-by-step approach in a manner which increases international peace and stability.</s>
        <s id="40:2" lang="en">NATO&apos;s 2010 Strategic Concept clearly stated its commitment &quot;to seek a safer world for all and to create the conditions for a world without nuclear weapons in accordance with the goals of the Nuclear Non-Proliferation Treaty, in a way that promotes international stability, and is based on the principle of undiminished security for all&quot;.</s>
        <s id="40:3" lang="en">This commitment was restated in NATO&apos;s Deterrence and Defence Posture Review, released at the 2012 NATO Summit in Chicago, United States of America.</s>
      </p>
      <p id="41">
        <s id="41:1" lang="en">Step 7</s>
      </p>
      <p id="42">
        <s id="42:1" lang="en">25. Canada welcomes the ongoing efforts of the United States and the Russian Federation to implement the Treaty between the United States of America and the Russian Federation on Measures for the Further Reduction and Limitation of Strategic Offensive Arms (New START).</s>
        <s id="42:2" lang="en">We encourage all of the nuclear-weapon States to continue and intensify their efforts to follow-up on the Final Document agreed at the 2010 Review Conference, including their meeting in Beijing on 14 and 15 April 2014.</s>
      </p>
      <p id="43">
        <s id="43:1" lang="en">Step 8</s>
      </p>
      <p id="44">
        <s id="44:1" lang="en">26. Canada has encouraged the Russian Federation and the United States to implement the Trilateral Initiative by placing surplus stocks of fissile material under IAEA control.</s>
      </p>
      <p id="45">
        <s id="45:1" lang="en">Step 9</s>
      </p>
      <p id="46">
        <s id="46:1" lang="en">27. As noted previously, Canada voted in favour of General Assembly resolution 68/39.</s>
        <s id="46:2" lang="en">Canada also supports measures to reduce the operational readiness of nuclear weapons systems in ways that promote international stability and security, as called for in resolution 68/51.</s>
      </p>
      <p id="47">
        <s id="47:1" lang="en">Step 10</s>
      </p>
      <p id="48">
        <s id="48:1" lang="en">28. Through the Global Partnership Programme, Canada is contributing to the elimination and disposition of fissile material, ensuring that it cannot be acquired by terrorists or countries of proliferation concern.</s>
        <s id="48:2" lang="en">Canada strongly supported the communiqué issued at the 2014 Nuclear Security Summit in The Hague and welcomes the goal of securing all vulnerable nuclear materials around the world.</s>
        <s id="48:3" lang="en">At the 2010 Nuclear Security Summit, Prime Minister Harper announced that Canada would contribute C$5 million and C$3 million, respectively, to United States-led nuclear security projects in Mexico and Viet Nam.</s>
        <s id="48:4" lang="en">These projects involved the conversion of nuclear reactors and the complete removal of highly enriched uranium from these countries.</s>
        <s id="48:5" lang="en">The Mexico project was completed in March 2012 and the Viet Nam project was completed in 2013.</s>
        <s id="48:6" lang="en">Canada is currently working on a joint project with the United States Department of Energy to convert a nuclear reactor in Jamaica to low enriched uranium.</s>
      </p>
      <p id="49">
        <s id="49:1" lang="en">Step 11</s>
      </p>
      <p id="50">
        <s id="50:1" lang="en">29. Canada is party to various conventions, including the Convention on the Prohibition of the Development, Production and Stockpiling of Bacteriological (Biological) and Toxin Weapons and on Their Destruction, the Convention on the Prohibition of the Development, Production, Stockpiling and Use of Chemical Weapons and on Their Destruction, the Convention on the Prohibition of the Use, Stockpiling, Production and Transfer of Anti-Personnel Mines and on Their Destruction, the Convention on Cluster Munitions, the Treaty on Conventional Forces in Europe, the Treaty on Open Skies, the Convention on Prohibitions or Restrictions on the Use of Certain Conventional Weapons Which May Be Deemed to Be Excessively Injurious or to Have Indiscriminate Effects and the Treaty on Principles Governing the Activities of States in the Exploration and Use of Outer Space, including the Moon and Other Celestial Bodies.</s>
        <s id="50:2" lang="en">Canada continues its support to mine action in Asia, Africa, the Middle East, Europe and South America.</s>
      </p>
      <p id="51">
        <s id="51:1" lang="en">Step 12</s>
      </p>
      <p id="52">
        <s id="52:1" lang="en">30. Canada continues to encourage States to submit information about their efforts and activities to implement the Non-Proliferation Treaty as official reports to Preparatory Committee meetings and Review Conferences.</s>
      </p>
      <p id="53">
        <s id="53:1" lang="en">Step 13</s>
      </p>
      <p id="54">
        <s id="54:1" lang="en">31. As mentioned previously, in September 2013 Canada contributed airborne radiation detection equipment and training to strengthen the Comprehensive Nuclear-Test-Ban Treaty Organization&apos;s verification capabilities.</s>
      </p>
      <p id="55">
        <s id="55:1" lang="en">Article VII</s>
      </p>
      <p id="56">
        <s id="56:1" lang="en">32. Canada continues to underline the need to preserve and respect the negative security assurances provided by nuclear-weapon States to non-nuclear-weapon States parties to the Non-Proliferation Treaty through Security Council resolution 984 (1995), relevant treaties that establish nuclear-weapon-free zones and, as applicable, their respective nuclear postures.</s>
        <s id="56:2" lang="en">Canada is not a member of a</s>
      </p>
      <p id="57">
        <s id="57:1" lang="en">nuclear-weapon-free zone.</s>
      </p>
      <p id="58">
        <s id="58:1" lang="en">Article VIII</s>
      </p>
      <p id="59">
        <s id="59:1" lang="en">33. The indefinite extension of the Treaty and accompanying decisions adopted in 1995 enshrined the concept of permanence with accountability.</s>
        <s id="59:2" lang="en">In accordance with the commitments arising from the Final Document of the 2000 Review Conference and action 20 of the action plan from the Final Document of the 2010 Review Conference, Canada consistently submits at Treaty meetings comprehensive reports on its implementation of the Treaty and agreements from Review Conferences.</s>
      </p>
      <p id="60">
        <s id="60:1" lang="en">34. Canada actively promotes measures to reinforce the authority and integrity of the Treaty and ensure the implementation of its obligations.</s>
        <s id="60:2" lang="en">Canada continues to support efforts to make the institutional structure of the Treaty more responsive, flexible and accountable.</s>
      </p>
      <p id="61">
        <s id="61:1" lang="en">Article IX</s>
      </p>
      <p id="62">
        <s id="62:1" lang="en">35. Canada has consistently worked for the universalization of the Treaty.</s>
        <s id="62:2" lang="en">At the sixty-eighth session of the General Assembly, Canada co-sponsored resolution 68/51, in which the Assembly reaffirmed the importance of the universality of the Treaty and called upon States not parties to the Treaty to accede to it as</s>
      </p>
      <p id="63">
        <s id="63:1" lang="en">non-nuclear-weapon States without delay and without conditions.</s>
        <s id="63:2" lang="en">Canada views its position in this regard as consistent with Security Council resolution 1540 (2004) and resolutions 1673 (2006) and 1810 (2008) on the non-proliferation of weapons of mass destruction, in which the Council called upon all States to promote the universal adoption and full implementation of multilateral treaties, the aims of which are to prevent the proliferation of nuclear, biological and chemical weapons.</s>
      </p>
      <p id="64">
        <s id="64:1" lang="en">Article X</s>
      </p>
      <p id="65">
        <s id="65:1" lang="en">36. Canada continues to coordinate a core group of countries at the IAEA General Conference responsible for a resolution on the Democratic People&apos;s Republic of Korea.</s>
        <s id="65:2" lang="en">Since 2006 the Canadian-led core group has annually facilitated the adoption of a resolution to promote the resumption of that country&apos;s obligations under the Treaty, including the implementation of its comprehensive safeguards agreement.</s>
      </p>
      <p id="66">
        <s id="66:1" lang="en">37. Canada welcomed the indefinite extension of the Treaty, adopted without a vote in 1995.</s>
        <s id="66:2" lang="en">Negative security assurances provided in 1995 by the five</s>
      </p>
      <p id="67">
        <s id="67:1" lang="en">nuclear-weapon States parties to the Treaty in Security Council resolution</s>
      </p>
      <p id="68">
        <s id="68:1" lang="en">984 (1995) furnished part of the basis for this indefinite extension, as paragraph 8 of the &quot;Principles and Objectives for Nuclear Non-Proliferation and Disarmament&quot;.</s>
      </p>
      <p id="69">
        <s id="69:1" lang="en">Article XI</s>
      </p>
      <p id="70">
        <s id="70:1" lang="en">38. This report is available in Canada&apos;s official languages, English and French, which comprise two of the six official languages of the Treaty text.</s>
      </p>
    </body>
  </text>
</TEI.2>
