<?xml version="1.0" encoding="utf-8"?>
<TEI.2>
  <teiHeader>
    <fileDesc>
      <titleStmt>
        <title>The United Nations Parallel Corpus v1.0 - NPT/CONF.2015/PC.III/9</title>
      </titleStmt>
      <publicationStmt>
        <publisher>United Nations DGACM</publisher>
        <pubPlace>New York</pubPlace>
        <date>20140428</date>
        <idno type="symbol">NPT/CONF.2015/PC.III/9</idno>
        <idno type="jobno">N1431246</idno>
        <availability>
          <p>The following disclaimer, an integral part of the United Nations Parallel Corpus v1.0, 
             shall be respected in regard to the Corpus v1.0 (no other restrictions apply):</p>

          <p>The United Nations Parallel Corpus is made available without warranty of any kind, 
             explicit or implied. The United Nations specifically makes no warranties or 
             representations as to the accuracy or completeness of the information contained in 
             the United Nations corpus.</p>

          <p>Under no circumstances shall the United Nations be liable for any loss, liability,
             injury or damage incurred or suffered that is claimed to have resulted from the use
             of the United Nations Corpus. The use of the United Nations Corpus is at the user's 
             sole risk. The user specifically acknowledges and agrees that the United Nations is 
             not liable for the conduct of any user. If the user is dissatisfied with any of the 
             material provided in the United Nations Corpus, the users's sole and exclusive remedy 
             is to discontinue using the United Nations Corpus.</p>

          <p>When using the United Nations Corpus, the user must acknowledge the United Nations as the
             source of the information. For references, please use this reference:
             Ziemski, M., Junczys-Dowmunt, M., and Pouliquen, B. (2016) The United Nations
             Parallel Corpus, Language Resources and Evaluation (LREC’16), Portorož, Slovenia, 
             May 2016.</p>

          <p>Nothing herein shall constitute or be considered to be a limitation upon or waiver,
             express or implied, of the privileges and immunities of the United Nations, which
             are specifically reserved.</p>
        </availability>
        <distributor>http://conferences.unite.un.org/UNCorpus</distributor>
      </publicationStmt>
      <sourceDesc>
        <p>http://www.un.org/en/official-documents-system-search/index.html</p>
      </sourceDesc>
    </fileDesc>
    <profileDesc>
      <langUsage>
        <language ident="en">English</language>
      </langUsage>
    </profileDesc>
  </teiHeader>
  <text>
    <body>
      <p id="1">
        <s id="1:1" lang="en">Third session</s>
      </p>
      <p id="2">
        <s id="2:1" lang="en">New York, 28 April-9 May 2014</s>
      </p>
      <p id="3">
        <s id="3:1" lang="en">Implementation of the action plan agreed at the 2010 Review Conference of the Treaty on the Non-Proliferation of Nuclear Weapons</s>
      </p>
      <p id="4">
        <s id="4:1" lang="en">Report submitted by Canada</s>
      </p>
      <p id="5">
        <s id="5:1" lang="en">Action 20 of the action plan contained in the Final Document of the 2010 Review Conference of the Parties to the Treaty on the Non-Proliferation of Nuclear Weapons calls for States parties to submit regular reports on the implementation of the action plan, the 13 practical steps towards disarmament contained in the Final Document of the 2000 Review Conference, article VI of the Treaty and paragraph 4 (c) of the 1995 Review Conference decision entitled &quot;Principles and objectives for nuclear non-proliferation and disarmament&quot;.</s>
        <s id="5:2" lang="en">In line with this commitment, and with a view to enhancing transparency and building confidence, Canada submits this report on its implementation of the 2010 action plan included in the Final Document of the 2010 Review Conference.</s>
        <s id="5:3" lang="en">It provides information that builds upon the reports Canada submitted at the first and second meetings of the Preparatory Committee for the 2015 Review Conference of the Parties to the Treaty on the Non-Proliferation of Nuclear Weapons (NPT/CONF.2015/PC.I/10 and NPT/CONF.2015/PC.II/9).</s>
      </p>
      <p id="6">
        <s id="6:1" lang="en">Action 1: Canada&apos;s international security policy continues to promote the</s>
      </p>
      <p id="7">
        <s id="7:1" lang="en">non-proliferation, reduction and eventual elimination of nuclear weapons.</s>
      </p>
      <p id="8">
        <s id="8:1" lang="en">Action 2: Canada continues to promote the principles of irreversibility, verifiability and transparency in the implementation of Treaty obligations.</s>
      </p>
      <p id="9">
        <s id="9:1" lang="en">Action 3: N/A as this is a commitment for nuclear-weapon States.</s>
      </p>
      <p id="10">
        <s id="10:1" lang="en">Action 4: Canada welcomed the entry into force on 5 February 2011 of the Treaty between the United States of America and the Russian Federation on Measures for the Further Reduction and Limitation of Strategic Offensive Arms.</s>
      </p>
      <p id="11">
        <s id="11:1" lang="en">Action 5: As a member of the Non-Proliferation and Disarmament Initiative, Canada endorsed the group&apos;s draft standard reporting form to promote greater transparency with regard to the nuclear stockpiles of the nuclear-weapon State parties to the Treaty.</s>
        <s id="11:2" lang="en">This draft reporting form was circulated at the 2012 Preparatory Committee, with working paper NPT/CONF.2015/PC.I/WP.12.</s>
      </p>
      <p id="12">
        <s id="12:1" lang="en">Action 6: Canada continues to call upon the Conference on Disarmament to agree on a comprehensive programme of work that addresses all of the core issues on the Conference on Disarmament&apos;s agenda.</s>
      </p>
      <p id="13">
        <s id="13:1" lang="en">Action 7: Canada continues to call upon the Conference on Disarmament to agree on a comprehensive programme of work that addresses all of the core issues on the Conference on Disarmament&apos;s agenda.</s>
      </p>
      <p id="14">
        <s id="14:1" lang="en">Action 8: N/A as this is a commitment for nuclear-weapon States.</s>
      </p>
      <p id="15">
        <s id="15:1" lang="en">Action 9: While Canada is not a member of a nuclear-weapon-free zone, it supports the convening of a conference on a weapons of mass destruction-free zone in the Middle East.</s>
      </p>
      <p id="16">
        <s id="16:1" lang="en">Action 10: Canada continues to call upon all States that have not yet done so to sign and ratify the Comprehensive Nuclear-Test-Ban Treaty as soon as possible and without condition.</s>
      </p>
      <p id="17">
        <s id="17:1" lang="en">Action 11: Canada ratified the Comprehensive Nuclear-Test-Ban Treaty in December 1998.</s>
      </p>
      <p id="18">
        <s id="18:1" lang="en">Action 12: Canada was an active participant at the 2013 Article XIV Conference on Facilitating the Entry into Force of the Comprehensive Nuclear-Test-Ban Treaty, which took place on 24 September 2013 in New York.</s>
        <s id="18:2" lang="en">Canada joined the consensus on the Final Declaration produced by the Conference.</s>
      </p>
      <p id="19">
        <s id="19:1" lang="en">Action 13: As a part of its 2010 presidency of the Group of Eight, Canada launched an ongoing initiative that makes diplomatic representations on behalf of the Group of Eight in States that had yet to ratify the Comprehensive Nuclear-Test-Ban Treaty.</s>
      </p>
      <p id="20">
        <s id="20:1" lang="en">Action 14: In September 2013, Canada completed a contribution of airborne radiation detection equipment and training to the Comprehensive Nuclear-Test-Ban Treaty Organization to strengthen the Organization&apos;s on-site inspection capabilities.</s>
        <s id="20:2" lang="en">Canada continues to promote the completion of the Comprehensive</s>
      </p>
      <p id="21">
        <s id="21:1" lang="en">Nuclear-Test-Ban Treaty international monitoring system and development of its onsite inspection capabilities.</s>
        <s id="21:2" lang="en">Canada hosts 16 stations and laboratories that are a part of the international monitoring system.</s>
        <s id="21:3" lang="en">All of the facilities hosted by Canada were completed and certified by the Comprehensive Nuclear-Test-Ban Treaty Organization by November 2009.</s>
      </p>
      <p id="22">
        <s id="22:1" lang="en">Action 15: In May 2013, Canada submitted to the Secretary-General a report of its views on a fissile material cut-off treaty as requested in General Assembly resolution 67/53, led by Canada, entitled &quot;Treaty banning the production of fissile materials for nuclear weapons and other nuclear explosive devices&quot;.</s>
        <s id="22:2" lang="en">Canada also conducted diplomatic representations in 41 States to encourage them to provide reports on the fissile material cut-off treaty to the Secretary-General.</s>
        <s id="22:3" lang="en">Canada is pleased to chair the Group of Governmental Experts that will meet in 2014 and 2015 to make recommendations on possible aspects that could contribute to, but not negotiate, a fissile material cut-off treaty.</s>
      </p>
      <p id="23">
        <s id="23:1" lang="en">Action 16: N/A as this is a commitment for nuclear-weapon States.</s>
      </p>
      <p id="24">
        <s id="24:1" lang="en">Action 17: Canada supports the development of appropriate legally binding verification arrangements to ensure that fissile material designated as no longer required for military purposes is irreversibly removed.</s>
      </p>
      <p id="25">
        <s id="25:1" lang="en">Action 18: Canada does not operate any facility that produces fissile material for use in nuclear weapons or other nuclear explosive devices.</s>
      </p>
      <p id="26">
        <s id="26:1" lang="en">Action 19: Canada continues to support increasing confidence, improving transparency and developing efficient verification capabilities related to nuclear disarmament.</s>
      </p>
      <p id="27">
        <s id="27:1" lang="en">Action 20: Canada continues to encourage all States parties to the Treaty on the Non-Proliferation of Nuclear Weapons to submit information about their efforts and activities to implement the Treaty and all relevant agreements at Review Conferences as official reports to Preparatory Committee meetings and Review Conferences.</s>
        <s id="27:2" lang="en">Such reports are vital to strengthen the principle of &quot;permanence with accountability&quot; that underpinned the Treaty&apos;s indefinite extension in 1995.</s>
      </p>
      <p id="28">
        <s id="28:1" lang="en">Action 21: As a member of the Non-Proliferation and Disarmament Initiative, Canada endorsed the group&apos;s draft standard reporting form to promote greater transparency with regard to the nuclear stockpiles of the nuclear-weapon State parties to the Treaty.</s>
      </p>
      <p id="29">
        <s id="29:1" lang="en">Action 22: Since 2003, Canada, through the Department of Foreign Affairs, International Trade and Development&apos;s International Security Research and Outreach Programme, has collaborated with a Canadian non-governmental organization on an annual graduate research awards competition.</s>
        <s id="29:2" lang="en">The programme aims to engage post-graduate students at Canadian universities on select issues on the international security agenda, particularly nuclear non-proliferation, arms control and disarmament.</s>
        <s id="29:3" lang="en">In 2010, the project was expanded to include a presentation and debate of research papers by award recipients at an event attended by Canadian officials and the Canadian expert community.</s>
        <s id="29:4" lang="en">On 10 and 11 April 2014, two Canadian students participated in the youth exchange programme that took place in Hiroshima, Japan, on the margins of the Non-Proliferation and Disarmament Initiative Ministerial meeting.</s>
      </p>
      <p id="30">
        <s id="30:1" lang="en">Action 23: Canada continues to call upon States that have not yet done so to accede to the Treaty as non-nuclear-weapon States, and calls on the Democratic People&apos;s Republic of Korea to resume adherence to the Treaty.</s>
      </p>
      <p id="31">
        <s id="31:1" lang="en">Action 24: Pursuant to article III, Canada has in place a comprehensive safeguards agreement and additional protocol with the (International Atomic Energy Agency) IAEA.</s>
      </p>
      <p id="32">
        <s id="32:1" lang="en">Action 25: We urge all States that have not yet done so to complete and implement a comprehensive safeguards agreement and additional protocol with IAEA which we view as the safeguards standard required under article III.</s>
      </p>
      <p id="33">
        <s id="33:1" lang="en">Action 26: With Canada&apos;s comprehensive safeguards agreement and additional protocol in place, IAEA has reached annual conclusions regarding the non-diversion of declared nuclear material from peaceful nuclear activities and the absence of undeclared nuclear material and activities in Canada.</s>
        <s id="33:2" lang="en">This broader conclusion was first achieved in 2005 and has been maintained on an annual basis.</s>
        <s id="33:3" lang="en">It provides the highest level of confidence that Canada is in compliance with its commitments under the Treaty.</s>
        <s id="33:4" lang="en">Furthermore, the attainment and maintenance of the broader conclusion has allowed IAEA to fundamentally change the way safeguards are applied in Canada, by implementing a State-level integrated safeguards approach.</s>
        <s id="33:5" lang="en">These developments are a direct result of Canada&apos;s strong support for the IAEA safeguards system and of the high level of cooperation between IAEA and Canada in the implementation of the comprehensive safeguards agreement and the additional protocol.</s>
      </p>
      <p id="34">
        <s id="34:1" lang="en">Action 27: Canada is in full compliance with its safeguards obligations and is in full conformity with the IAEA Statute.</s>
        <s id="34:2" lang="en">Canada continues to use its Board of Governors membership to direct IAEA to resolve cases of non-compliance with safeguards obligations.</s>
      </p>
      <p id="35">
        <s id="35:1" lang="en">Action 28: In support of IAEA efforts to strengthen the safeguards system, Canada brought into force a protocol additional to its safeguards agreement on 8 September 2000.</s>
        <s id="35:2" lang="en">Canada has provided updates to its declaration pursuant to article II of the protocol on an annual basis and has provided complementary access to IAEA inspectors under the provisions of article V. We urge States that have yet to do so to conclude and bring into force an additional protocol with IAEA.</s>
      </p>
      <p id="36">
        <s id="36:1" lang="en">Action 29: In February 2013, the Non-Proliferation and Disarmament Initiative sent joint letters to key States to urge them to complete and implement an Additional Protocol agreement with IAEA.</s>
        <s id="36:2" lang="en">Canada supports the ongoing Group of Eight initiative to make diplomatic representations to advance the universalization of the additional protocol.</s>
      </p>
      <p id="37">
        <s id="37:1" lang="en">Action 30: N/A as this is a commitment for nuclear-weapon States.</s>
      </p>
      <p id="38">
        <s id="38:1" lang="en">Action 31: N/A as this is a commitment for States with a small quantities protocol.</s>
      </p>
      <p id="39">
        <s id="39:1" lang="en">Action 32: Canada regularly assesses the status of its safeguards to ensure that they are as effective and efficient as possible, and implements all decisions adopted by IAEA policy bodies.</s>
      </p>
      <p id="40">
        <s id="40:1" lang="en">Action 33: Canada continues to provide the fullest possible political, technical and financial support to IAEA.</s>
        <s id="40:2" lang="en">Canada consistently provides experts to IAEA technical working groups, supports the Director General and secretariat, pays its assessed contributions on time and in full, has contributed significant extrabudgetary funding to the Agency&apos;s Safeguards Department on an annual basis.</s>
      </p>
      <p id="41">
        <s id="41:1" lang="en">Action 34: Through the Canadian Safeguards Support Programme, Canada contributes to the research, development and support of safeguards equipment and techniques for both domestic and international use aimed at strengthening the effectiveness and efficiency of the Agency&apos;s safeguards.</s>
        <s id="41:2" lang="en">This effort resulted in an average annual contribution of approximately C$1 million over the last three fiscal years and included the further development of equipment for the verification of spent fuel assemblies at light water reactors and its adaptation for use at the Fukushima Daiichi nuclear power plant, new systems for the monitoring of on-load refuelled reactors, development of laser technology for nuclear material identification, and support for improving the IAEA&apos;s processes in drawing safeguards conclusions.</s>
      </p>
      <p id="42">
        <s id="42:1" lang="en">Action 35: Consistent with its obligation not to provide source or special fissionable material, or equipment or material especially designed or prepared for the processing, use or production of special fissionable material to any</s>
      </p>
      <p id="43">
        <s id="43:1" lang="en">non-nuclear-weapon State for peaceful purposes unless the source or special fissionable material is subject to IAEA safeguards, and with decision 2, paragraph 12, of the 1995 Review and Extension Conference, all of Canada&apos;s nuclear partners have accepted, through a bilateral nuclear cooperation agreement with Canada, a number of additional measures designed to ensure that nuclear items supplied by Canada do not contribute to the proliferation of nuclear weapons.</s>
      </p>
      <p id="44">
        <s id="44:1" lang="en">Action 36: Canada&apos;s national export control system is consistent with the lists of those multilateral nuclear export control mechanisms in which it participates.</s>
        <s id="44:2" lang="en">Canada participated actively in the Nuclear Suppliers Group&apos;s list review and is in the process of incorporating the revised lists into national legislation.</s>
        <s id="44:3" lang="en">These measures ensure that nuclear non-proliferation policies are met, while facilitating peaceful nuclear commerce and international cooperation.</s>
        <s id="44:4" lang="en">At the 2013 Preparatory Committee meeting, Canada co-sponsored a working paper by the Non-Proliferation and Disarmament Initiative on export controls, which included recommendations for consideration at the 2015 Review Conference.</s>
      </p>
      <p id="45">
        <s id="45:1" lang="en">Action 37: Canada maintains a national system for controlling the export of all items especially designed or prepared for nuclear use and certain nuclear-related dual-use items.</s>
        <s id="45:2" lang="en">It also ensures that exports of nuclear and nuclear-related dual-use items are not authorized where there is found to be an unacceptable risk of diversion to a weapons of mass destruction programme or an unsafeguarded facility, or when an export would be otherwise contrary to Canada&apos;s non-proliferation policy and international commitments and obligations.</s>
      </p>
      <p id="46">
        <s id="46:1" lang="en">Action 38: Canada supports the legitimate right of all States parties to full access to nuclear material, equipment and technological information for peaceful purposes.</s>
        <s id="46:2" lang="en">Canada negotiates nuclear cooperation agreements with States parties, including developing countries, to facilitate mutually beneficial exchanges for the peaceful uses of nuclear energy.</s>
      </p>
      <p id="47">
        <s id="47:1" lang="en">Action 39: In view of the inherent relationship between States parties&apos; inalienable rights to the peaceful uses of nuclear energy and the obligations contained elsewhere in the Treaty, cooperation by Canada with other countries in the peaceful uses of nuclear energy takes fully into account the non-proliferation credentials of the recipient country.</s>
      </p>
      <p id="48">
        <s id="48:1" lang="en">Action 40: Canada remains committed to maintaining the highest possible standards of security and physical protection of nuclear materials and facilities.</s>
        <s id="48:2" lang="en">Canada achieves effective physical protection at the domestic level through a robust regulatory framework which integrates relevant safety, security and safeguard elements, the implementation of strong physical protection measures and an industry that fully understands and fulfils its responsibilities.</s>
        <s id="48:3" lang="en">This is reinforced by close cooperation on nuclear security issues between the regulator, the Canadian Nuclear Safety Commission, federal and provincial law enforcement and intelligence agencies, the industry, foreign governments and international organizations.</s>
        <s id="48:4" lang="en">On 21 November 2013, Canada ratified the International Convention for the Suppression of Acts of Nuclear Terrorism.</s>
        <s id="48:5" lang="en">On 3 December 2013, Canada ratified the 2005 Amendment to the Convention on the Physical Protection of Nuclear Materials.</s>
      </p>
      <p id="49">
        <s id="49:1" lang="en">Action 41: Following a complete review, nuclear security regulations were amended in 2006 to further reinforce the physical protection of nuclear materials in Canada.</s>
        <s id="49:2" lang="en">Canadian physical protection measures include armed on-site response forces, constant threat monitoring, enhanced security screening, a comprehensive drill and exercise programme, and robust perimeter protection.</s>
        <s id="49:3" lang="en">Physical protection in Canada is strengthened by a rigorous nuclear material accounting system that tracks nuclear materials, in line with Canada&apos;s international commitments.</s>
      </p>
      <p id="50">
        <s id="50:1" lang="en">Action 42: Canada ratified the 2005 Amendment to the Convention on the Physical Protection of Nuclear Materials on 3 December 2013.</s>
        <s id="50:2" lang="en">We encourage all States in a position to do so to ratify the amendment as soon as possible.</s>
      </p>
      <p id="51">
        <s id="51:1" lang="en">Action 43: Canada remains committed to the IAEA Code of Conduct on the Safety and Security of Radioactive Sources and its supplementary Guidance on the Import and Export of Radioactive Sources.</s>
        <s id="51:2" lang="en">Canada further encourages all States to implement the provisions of the Code and Guidance in a harmonized manner to assist in providing assurances that radioactive sources are used and maintained within an appropriate regulatory framework of radiation safety and security.</s>
      </p>
      <p id="52">
        <s id="52:1" lang="en">Action 44: Canada supports counter-proliferation initiatives such as Security Council resolution 1540 (2004), the Proliferation Security Initiative and the Global Initiative to Combat Nuclear Terrorism.</s>
        <s id="52:2" lang="en">We regularly promote these efforts in multilateral forums, and work to advance these issues within, inter alia, the Group of Eight, the Organization of American States, the Regional Forum of the Association of Southeast Asian Nations, the General Assembly and the North Atlantic Treaty Organization (NATO).</s>
        <s id="52:3" lang="en">We encourage States that have not yet done so to join these initiatives, in order to strengthen the international</s>
      </p>
      <p id="53">
        <s id="53:1" lang="en">counter-proliferation framework.</s>
        <s id="53:2" lang="en">Canada&apos;s Global Partnership Programme has a unit dedicated to resolution 1540 (2004) which has a number of projects under way, including delivering chemical, biological, radiological, nuclear and explosives training to States that makes requests through the Security Council Committee established pursuant to resolution 1540 (2004).</s>
        <s id="53:3" lang="en">Canada participates fully in the IAEA&apos;s Incident and Trafficking Database programme.</s>
        <s id="53:4" lang="en">Canada is also supporting regional workshops to build the capacity of States to adapt domestic legislation that would facilitate the ratification of international legal instruments related to the security of nuclear materials, such as the Convention on the Physical Protection of Nuclear Materials and its Amendment.</s>
      </p>
      <p id="54">
        <s id="54:1" lang="en">Canada continues to assess areas to improve its national capabilities to detect, deter and disrupt illicit trafficking in nuclear materials and has initiated a project to increase Canadian nuclear forensic capabilities.</s>
        <s id="54:2" lang="en">Canada has established effective domestic controls to prevent the proliferation of nuclear weapons and their components, in accordance with its international legal obligations.</s>
      </p>
      <p id="55">
        <s id="55:1" lang="en">Action 45: Canada ratified the International Convention for the Suppression of Acts of Nuclear Terrorism on 21 November 2013.</s>
      </p>
      <p id="56">
        <s id="56:1" lang="en">Action 46: Canada views a strong and cooperative State System of Accounting for and Control of Nuclear Material as vital to the implementation of an effective safeguards system.</s>
        <s id="56:2" lang="en">The technical capabilities of a country&apos;s System and the nature and the scope of cooperation between that System and IAEA are two of the</s>
      </p>
      <p id="57">
        <s id="57:1" lang="en">State-specific factors that IAEA considers when developing a State-level approach to safeguards.</s>
        <s id="57:2" lang="en">This allows for a more focused, adaptable safeguards system.</s>
        <s id="57:3" lang="en">Canada regularly advocates these views within various international forums and continues to work with IAEA in further developing the State-level safeguards concept.</s>
      </p>
      <p id="58">
        <s id="58:1" lang="en">Action 47: Canada possesses an indigenous nuclear power reactor system and a broad and diverse nuclear sector, and is a reliable supplier of uranium, nuclear equipment and technology, and radioisotopes.</s>
      </p>
      <p id="59">
        <s id="59:1" lang="en">Action 48: Canada strongly supports the peaceful uses of nuclear energy.</s>
        <s id="59:2" lang="en">In view of the inherent relationship between States&apos; inalienable rights to the peaceful uses of nuclear energy and the obligations contained elsewhere in the Treaty, cooperation by Canada with other countries in the peaceful uses of nuclear energy takes fully into account the non-proliferation credentials of the recipient country.</s>
      </p>
      <p id="60">
        <s id="60:1" lang="en">Action 49: Canada provides experts, equipment and technology through technical cooperation to many developing States parties.</s>
        <s id="60:2" lang="en">Canada has nuclear cooperation with developing countries; cooperation has included exports of nuclear power reactors, nuclear material and equipment.</s>
      </p>
      <p id="61">
        <s id="61:1" lang="en">Action 50: Canada strongly supports the peaceful uses of nuclear energy.</s>
        <s id="61:2" lang="en">In view of the inherent relationship between States&apos; inalienable rights to the peaceful uses of nuclear energy and the obligations contained elsewhere in the Treaty, cooperation by Canada with other countries in the peaceful uses of nuclear energy takes fully into account the non-proliferation credentials of the recipient country.</s>
        <s id="61:3" lang="en">Canada is a strong supporter of the IAEA&apos;s Technical Cooperation Programme and provides experts, equipment and technology through this Programme to developing States parties.</s>
        <s id="61:4" lang="en">Canada&apos;s exports of nuclear power reactors and equipment have been to developing countries.</s>
      </p>
      <p id="62">
        <s id="62:1" lang="en">Action 51: Canada is committed to working with other States and relevant international organizations on new arrangements for the supply of nuclear items, consistent with the balance of rights and obligations agreed to in the Treaty and in particular in articles I, II, III and IV. Canada currently has in place 29 nuclear cooperation agreements with 47 State parties to the Treaty.</s>
        <s id="62:2" lang="en">Most recently, Canada concluded an agreement with the United Arab Emirates and signed one with Kazakhstan.</s>
      </p>
      <p id="63">
        <s id="63:1" lang="en">Action 52: Canada is a strong supporter of the IAEA Technical Cooperation Programme.</s>
        <s id="63:2" lang="en">Canada is actively involved in the work and decisions of the IAEA Board of Governors Technical Assistance and Cooperation Committee, in addition to the annual negotiation and adoption of an IAEA General Conference resolution on the strengthening of technical cooperation.</s>
        <s id="63:3" lang="en">Canada contributes significant funding, equipment and expertise to the Agency&apos;s Technical Cooperation Programme and continues to encourage more focus on results, the dedication of more resources to project implementation and away from administration of the programme, in the first instance by fewer and larger technical cooperation projects.</s>
        <s id="63:4" lang="en">Canada further supports IAEA partnerships with other United Nations development agencies with a view to leveraging additional funding for technical cooperation project implementation.</s>
      </p>
      <p id="64">
        <s id="64:1" lang="en">Action 53: Canada strongly supports the peaceful uses of nuclear energy.</s>
        <s id="64:2" lang="en">Canada also remains a strong supporter of and financial contributor to the IAEA&apos;s Technical Cooperation Programme.</s>
        <s id="64:3" lang="en">Canada provides experts, equipment and technology through technical cooperation to developing States parties.</s>
        <s id="64:4" lang="en">Canada&apos;s exports of nuclear power reactors and equipment have been to developing countries.</s>
        <s id="64:5" lang="en">Canada is actively involved in the work and decisions of the IAEA Board of Governors Technical Assistance and Cooperation Committee, in addition to the annual negotiation and adoption of an IAEA General Conference resolution on the strengthening of technical cooperation.</s>
      </p>
      <p id="65">
        <s id="65:1" lang="en">Action 54: Canada believes strongly in the importance of the IAEA Technical Cooperation Fund and continues to contribute its assessed voluntary contribution.</s>
        <s id="65:2" lang="en">Canada also uses its IAEA Board of Governors Technical Assistance and Cooperation Committee membership to ensure better use of Technical Cooperation Fund resources.</s>
      </p>
      <p id="66">
        <s id="66:1" lang="en">Action 55: Canada supports the IAEA Peaceful Uses Initiative, including by providing in-kind resources to projects of the Initiative.</s>
      </p>
      <p id="67">
        <s id="67:1" lang="en">Action 56: Canada regularly contributes to projects under the IAEA Technical Cooperation Fund intended to support the training of the skilled workforce necessary for countries seeking to develop its own nuclear energy infrastructure.</s>
        <s id="67:2" lang="en">Canada drafts and introduces alternating, biennial IAEA General Conference resolutions on nuclear power infrastructure development and nuclear knowledge management.</s>
      </p>
      <p id="68">
        <s id="68:1" lang="en">Action 57: Canada ensures that the use of nuclear energy is consistent with its national legislation and respective international obligations in terms of nuclear safety, nuclear security and nuclear safeguards.</s>
      </p>
      <p id="69">
        <s id="69:1" lang="en">Action 58: Canada acknowledges the potential contribution that new mechanisms could make to help assure reliable access to nuclear fuel if they provide increased confidence to those seeking to develop or expand nuclear power capabilities.</s>
        <s id="69:2" lang="en">With this in view, Canada supported the decision of the IAEA Board of Governors to establish an IAEA low enriched uranium fuel bank and will continue to assess proposed fuel assurance mechanisms based on their individual merits.</s>
      </p>
      <p id="70">
        <s id="70:1" lang="en">Action 59: Canada is a party to the Convention on Nuclear Safety, the Convention on Early Notification of a Nuclear Accident, the Convention on Assistance in the Case of a Nuclear Accident or Radiological Emergency, the Joint Convention on the Safety of Spent Fuel Management and on the Safety of Radioactive Waste Management, the International Convention for the Suppression of Acts of Nuclear Terrorism, the Convention on the Physical Protection of Nuclear Materials and its 2005 Amendment.</s>
      </p>
      <p id="71">
        <s id="71:1" lang="en">Action 60: The Fukushima nuclear crisis tested Canadian abilities to respond to serious nuclear safety accidents, and we were able to offer a significant package of expertise and assistance to Japan.</s>
        <s id="71:2" lang="en">Canadian nuclear and health experts produced daily assessments and modelling of the situation, developed a recommended precautionary evacuation zone for Canadians, and provided daily analysis of the worst-case scenarios to guide policy.</s>
        <s id="71:3" lang="en">Canada has also been contributing to the development of the IAEA&apos;s comprehensive report on the Fukushima accident in providing leadership and expertise on various areas that will be covered in the report.</s>
        <s id="71:4" lang="en">Canada is also actively participating in the IAEA&apos;s Emergency Preparedness and Response Expert Group to strengthen the international nuclear emergency management framework.</s>
        <s id="71:5" lang="en">Canada supports and strongly encourages peer reviews by the IAEA&apos;s Integrated Regulatory Review Service to share best practices in the area of nuclear safety.</s>
        <s id="71:6" lang="en">Peer reviews compare a country&apos;s regulatory practices with international standards and equivalent good practices elsewhere in the world.</s>
        <s id="71:7" lang="en">Canada encourages other countries to conduct these missions, follow-up on their recommendations and make their report publicly available.</s>
        <s id="71:8" lang="en">Canada is strongly supportive of initiatives undertaken by the leadership of the Sixth Review Meeting of the Convention on Nuclear Safety to improve the international legal framework on nuclear safety through the strengthening of the Convention and its supporting guidance documents.</s>
      </p>
      <p id="72">
        <s id="72:1" lang="en">With respect to nuclear security, Canada continues to actively assist in the further development of the IAEA Nuclear Security Series to assist and promote international recommendations and guidance in this area.</s>
        <s id="72:2" lang="en">In recognition of their importance, Canada continues to contribute experts to assist in the development of the Nuclear Security Series, particularly the Nuclear Security Fundamentals and the three recommendation level documents within the series which provide the basis for the series technical and implementing guides.</s>
        <s id="72:3" lang="en">Canada has provided experts to IAEA International Physical Protection Advisory Service teams to further assist in this area.</s>
        <s id="72:4" lang="en">Canada has requested the Service to review and assess the effectiveness of its security regime.</s>
        <s id="72:5" lang="en">Canada further actively supports the World Institute for Nuclear Security and has assisted with co-hosting three conferences of the Institute in Canada to date and has participated in other conferences resulting in the Institute&apos;s best practices guides being produced.</s>
      </p>
      <p id="73">
        <s id="73:1" lang="en">Action 61: At the 2010 Nuclear Security Summit in Washington, D.C., Canada committed to work with the United States to repatriate spent, United States-origin, highly enriched uranium fuel that is currently stored at Chalk River Laboratories by the end of 2018.</s>
        <s id="73:2" lang="en">Canada&apos;s first shipment of spent highly enriched uranium fuel was successfully returned to the United States in 2010, and a second shipment was repatriated in 2012.</s>
        <s id="73:3" lang="en">At the March 2012 Nuclear Security Summit in Seoul, Canada agreed to work with the United States to repatriate additional non-fuel highly enriched uranium materials stored at Chalk River Laboratories by 2018.</s>
        <s id="73:4" lang="en">Canada intends to cease isotope production using highly enriched uranium targets by 2016, and has invested $60 million to support the development of alternative isotope production technologies that do not use uranium.</s>
      </p>
      <p id="74">
        <s id="74:1" lang="en">Action 62: Canada transports radioactive materials consistent with relevant international standards of safety, security and environmental protection.</s>
        <s id="74:2" lang="en">Transport regulations are based on the IAEA&apos;s Regulations for the Safe Transport of Radioactive Materials.</s>
        <s id="74:3" lang="en">Canada is in the process of updating its transport regulations to refer to the latest edition of the IAEA Transport Regulations.</s>
      </p>
      <p id="75">
        <s id="75:1" lang="en">Action 63: On 3 December 2013, the Minister of State (Foreign Affairs and Consular), signed the Convention on Supplementary Compensation for Nuclear Damage on behalf of Canada.</s>
        <s id="75:2" lang="en">On 29 January 2014, the Nuclear Liability and Compensation Act was introduced in Canada&apos;s parliament to modernize Canada&apos;s nuclear liability compensation framework.</s>
        <s id="75:3" lang="en">The proposed legislation will increase the civil liability limit of a nuclear power plant operator to C$1 billion dollars, an amount in line with international standards.</s>
        <s id="75:4" lang="en">It will also include authority for Canada to ratify the Convention.</s>
      </p>
      <p id="76">
        <s id="76:1" lang="en">Action 64: Canada notes and reaffirms the consensus reached at the Fifty-Third General Conference of IAEA that any armed attack on and threat against safeguarded nuclear facilities devoted to peaceful purposes constitutes a violation of the principles of the Charter of the United Nations, international law and the Statute of IAEA.</s>
      </p>
    </body>
  </text>
</TEI.2>
