<?xml version="1.0" encoding="utf-8"?>
<TEI.2>
  <teiHeader>
    <fileDesc>
      <titleStmt>
        <title>The United Nations Parallel Corpus v1.0 - NPT/CONF.2015/PC.III/SR.17</title>
      </titleStmt>
      <publicationStmt>
        <publisher>United Nations DGACM</publisher>
        <pubPlace>New York</pubPlace>
        <date>20140509</date>
        <idno type="symbol">NPT/CONF.2015/PC.III/SR.17</idno>
        <idno type="jobno">N1433029</idno>
        <availability>
          <p>The following disclaimer, an integral part of the United Nations Parallel Corpus v1.0, 
             shall be respected in regard to the Corpus v1.0 (no other restrictions apply):</p>

          <p>The United Nations Parallel Corpus is made available without warranty of any kind, 
             explicit or implied. The United Nations specifically makes no warranties or 
             representations as to the accuracy or completeness of the information contained in 
             the United Nations corpus.</p>

          <p>Under no circumstances shall the United Nations be liable for any loss, liability,
             injury or damage incurred or suffered that is claimed to have resulted from the use
             of the United Nations Corpus. The use of the United Nations Corpus is at the user's 
             sole risk. The user specifically acknowledges and agrees that the United Nations is 
             not liable for the conduct of any user. If the user is dissatisfied with any of the 
             material provided in the United Nations Corpus, the users's sole and exclusive remedy 
             is to discontinue using the United Nations Corpus.</p>

          <p>When using the United Nations Corpus, the user must acknowledge the United Nations as the
             source of the information. For references, please use this reference:
             Ziemski, M., Junczys-Dowmunt, M., and Pouliquen, B. (2016) The United Nations
             Parallel Corpus, Language Resources and Evaluation (LREC’16), Portorož, Slovenia, 
             May 2016.</p>

          <p>Nothing herein shall constitute or be considered to be a limitation upon or waiver,
             express or implied, of the privileges and immunities of the United Nations, which
             are specifically reserved.</p>
        </availability>
        <distributor>http://conferences.unite.un.org/UNCorpus</distributor>
      </publicationStmt>
      <sourceDesc>
        <p>http://www.un.org/en/official-documents-system-search/index.html</p>
      </sourceDesc>
    </fileDesc>
    <profileDesc>
      <langUsage>
        <language ident="en">English</language>
      </langUsage>
    </profileDesc>
  </teiHeader>
  <text>
    <body>
      <p id="1">
        <s id="1:1" lang="en">Third session</s>
      </p>
      <p id="2">
        <s id="2:1" lang="en">New York, 28 April-9 May 2014</s>
      </p>
      <p id="3">
        <s id="3:1" lang="en">Summary record of the 17th meeting*</s>
      </p>
      <p id="4">
        <s id="4:1" lang="en">* No summary records were issued for the 7th to 16th meetings.</s>
      </p>
      <p id="5">
        <s id="5:1" lang="en">Held at Headquarters, New York, on Friday, 9 May 2014, at 10 a.m.</s>
      </p>
      <p id="6">
        <s id="6:1" lang="en">Chair: Mr. Román-Morey (Peru)</s>
      </p>
      <p id="7">
        <s id="7:1" lang="en">Contents</s>
      </p>
      <p id="8">
        <s id="8:1" lang="en">Adoption of the final report and recommendations of the Preparatory Committee to the 2015 Review Conference of the Parties to the Treaty on the Non-Proliferation of Nuclear Weapons on its third session</s>
      </p>
      <p id="9">
        <s id="9:1" lang="en">Closure of the session</s>
      </p>
      <p id="10">
        <s id="10:1" lang="en">The meeting was called to order at 10.20 a.m.</s>
      </p>
      <p id="11">
        <s id="11:1" lang="en">Adoption of the final report and recommendations of the Preparatory Committee to the 2015 Review Conference of the Parties to the Treaty on the NonProliferation of Nuclear Weapons (NPT/CONF.2015/PC.III/CRP.6 and NPT/CONF.2015/PC.III/WP.46)</s>
      </p>
      <p id="12">
        <s id="12:1" lang="en">1. The Chair drew attention to the draft final report of the Committee, in document NPT/CONF.2015/PC.III/CRP.6, which would be issued as document NPT/CONF.2015/1.</s>
        <s id="12:2" lang="en">Information concerning the number of meetings held and the summary records would be filled in by the Secretariat after the conclusion of the session; the list of documents would also be updated.</s>
        <s id="12:3" lang="en">He suggested that the Committee should adopt the draft report paragraph by paragraph.</s>
      </p>
      <p id="13">
        <s id="13:1" lang="en">Paragraphs 1 to 25</s>
      </p>
      <p id="14">
        <s id="14:1" lang="en">2. Paragraphs 1 to 25 were adopted.</s>
      </p>
      <p id="15">
        <s id="15:1" lang="en">New paragraph 26</s>
      </p>
      <p id="16">
        <s id="16:1" lang="en">3. The Chair, recalling the suggestion made by the representative of the Islamic Republic of Iran at the 13th meeting, introduced a new paragraph 26, which would read: &quot;The Committee agreed at its third session that, upon communication of the nomination of the President of the 2015 Review Conference by the Chair of the Group of Non-Aligned and Other States, the Chair of the third session of the Preparatory Committee will seek endorsement by States parties of that nomination.&quot;</s>
        <s id="16:2" lang="en">The remaining paragraphs would be renumbered accordingly.</s>
      </p>
      <p id="17">
        <s id="17:1" lang="en">4. New paragraph 26 was adopted.</s>
      </p>
      <p id="18">
        <s id="18:1" lang="en">Paragraphs 26 to 36</s>
      </p>
      <p id="19">
        <s id="19:1" lang="en">5. Paragraphs 26 to 36 were adopted.</s>
      </p>
      <p id="20">
        <s id="20:1" lang="en">6. The Chair, replying to a question from Ms. Del Sol Dominguez (Cuba), said that the working paper submitted by the delegation of Cuba would be included in the list of documents in the final report.</s>
      </p>
      <p id="21">
        <s id="21:1" lang="en">7. The draft final report of the Preparatory Committee, as amended, was adopted.</s>
      </p>
      <p id="22">
        <s id="22:1" lang="en">8. Mr. Countryman (United States of America) said the United States had benefitted from the many discussions held during the current session, in particular those involving member States of the NonAligned Movement, and civil society.</s>
        <s id="22:2" lang="en">His delegation looked forward to continuing and intensifying that dialogue, emphasizing the importance of a comprehensive and balanced review of the implementation of the Treaty on the Non-Proliferation of Nuclear Weapons.</s>
        <s id="22:3" lang="en">His Government&apos;s signing on 6 May of the Protocol to the Treaty on a Nuclear-Weapon-Free Zone in Central Asia had been another step towards the achievement of the international community&apos;s common objective of a nuclear-weapon-free world.</s>
        <s id="22:4" lang="en">The United States would continue to assist the States of the Middle East to reach consensus on the convening of a conference to establish a zone free of nuclear weapons and all other weapons of mass destruction in that region.</s>
        <s id="22:5" lang="en">His Government remained firmly committed to achieving the peace and security of a world without nuclear weapons, and was working to achieve that objective step-by-step, through national, bilateral and multilateral actions.</s>
      </p>
      <p id="23">
        <s id="23:1" lang="en">9. Mr. Sano (Japan), speaking on behalf of the NonProliferation and Disarmament Initiative (NPDI), said that despite the Committee&apos;s failure to reach consensus on its recommendations, NPDI welcomed the agreement on procedural matters and looked forward to the 2015 Review Conference.</s>
      </p>
      <p id="24">
        <s id="24:1" lang="en">10. Mr. Bylica (Observer for the European Union) said that the procedural decisions that had been taken were necessary to ensure the success of the 2015 Review Conference.</s>
      </p>
      <p id="25">
        <s id="25:1" lang="en">11. Mr. Laggner (Switzerland) said that although time constraints and the complexity of the issues raised had prevented the Committee from reaching consensus on its recommendations, the text submitted by the Chair, in document NPT/CONF.2015/PC.III/WP.46 would serve as a valuable reference point.</s>
        <s id="25:2" lang="en">Switzerland welcomed the contribution of civil society to the Committee&apos;s deliberations.</s>
      </p>
      <p id="26">
        <s id="26:1" lang="en">12. Mr. Motta Pinto Coelho (Brazil) expressed strong regret that despite the willingness to proceed of many delegations, including his own, the Committee had failed to fulfil its mandate and reach consensus on the recommendations for the 2015 Review Conference.</s>
        <s id="26:2" lang="en">Nevertheless, Brazil anticipated a positive outcome for the Conference that would promote the balanced implementation of all three pillars of the NonProliferation Treaty.</s>
      </p>
      <p id="27">
        <s id="27:1" lang="en">13. Mr. Cassidy (Indonesia), speaking on behalf of the Group of Non-Aligned States parties to the Treaty, urged States parties to exercise greater political will and flexibility, and to show greater cooperation with a view to ensuring the success of the 2015 Review Conference.</s>
      </p>
      <p id="28">
        <s id="28:1" lang="en">14. Mr. Adejola (Nigeria), speaking on behalf of the African Group of States parties, said that the Group aligned itself with the statement made on behalf of the Group of Non-Aligned States parties .</s>
        <s id="28:2" lang="en">Although it was regrettable that the Committee had been unable to reach consensus on its recommendations to the 2015 Review Conference, it was important to remain realistic and positive.</s>
        <s id="28:3" lang="en">The cooperation and flexibility of all parties to the Treaty were necessary to realize its objectives.</s>
      </p>
      <p id="29">
        <s id="29:1" lang="en">15. Mr. Wu Haitao (China) said that China would continue its cooperation with other countries with a view to ensuring the success of the 2015 Review Conference and the comprehensive and effective implementation of the Treaty.</s>
      </p>
      <p id="30">
        <s id="30:1" lang="en">16. Ms. Del Sol Dominguez (Cuba) said that Cuba regretted the failure of the Committee to fulfil its mandate.</s>
        <s id="30:2" lang="en">Her delegation believed, as a matter of principle, that the highest priority should be placed on nuclear disarmament.</s>
        <s id="30:3" lang="en">The current session had revealed a sizeable gap between the rhetoric of nuclear-weapon States and the commitments those States were actually prepared to undertake.</s>
        <s id="30:4" lang="en">The &quot;step-by-step&quot; approach advocated by some States could no longer be accepted as a pretext to maintain the status quo.</s>
        <s id="30:5" lang="en">Well-defined actions to completely eliminate nuclear weapons should be taken to ensure the success of the 2015 Review Conference; in that regard, the 2010 action plan should be used as a starting point.</s>
      </p>
      <p id="31">
        <s id="31:1" lang="en">17. Her Government insisted on the adoption of a convention on nuclear disarmament that would establish legally binding measures to eliminate and completely ban all nuclear weapons within a set period.</s>
        <s id="31:2" lang="en">In anticipation of the complete elimination of nuclear weapons, a universal, unconditional and binding instrument should be established providing negative security assurances for non-nuclear-weapon States.</s>
      </p>
      <p id="32">
        <s id="32:1" lang="en">18. The commitments made during previous review conferences had not been fulfilled due to a lack of political will on the part of some States.</s>
        <s id="32:2" lang="en">Cuba anticipated a different outcome for the 2015 Review Conference.</s>
        <s id="32:3" lang="en">The international community should not rest until a world free of nuclear weapons had been achieved.</s>
      </p>
      <p id="33">
        <s id="33:1" lang="en">19. Ms. Martinic (Argentina) said that circumstances not strictly related to the Treaty had influenced the debate.</s>
        <s id="33:2" lang="en">The Committee had nevertheless shown maturity in taking into account processes as well as documents and, although its mandate was to issue recommendations, it should have the flexibility to adapt that mandate according to circumstances and direct the processes now under way towards a positive outcome.</s>
      </p>
      <p id="34">
        <s id="34:1" lang="en">20. Mr. Al-Hakim (Iraq), speaking on behalf of the Group of States parties that were members of the League of Arab States, said that the Group fully supported the statement made on behalf of the Group of Non-Aligned States parties and reaffirmed the principles set forth in the statement it had made two days earlier.</s>
      </p>
      <p id="35">
        <s id="35:1" lang="en">21. Ms. O&apos;Brien (Ireland) said that Ireland accepted that there had been insufficient time to reach a consensus on the recommendations.</s>
        <s id="35:2" lang="en">It had taken note of the comments and concerns of other States and of regional groups and welcomed the active participation of civil society.</s>
      </p>
      <p id="36">
        <s id="36:1" lang="en">22. Mr. Louis (Colombia) said that his delegation regretted that the Committee had not been able to reach consensus on the recommendations set forth in the Chair&apos;s working paper.</s>
        <s id="36:2" lang="en">It called on all States parties to show flexibility and the necessary political will throughout the review process in 2015.</s>
      </p>
      <p id="37">
        <s id="37:1" lang="en">23. Mr. El Oumni (Morocco) said that vast differences of opinion and lack of time had prevented the Committee from reaching a consensus.</s>
        <s id="37:2" lang="en">All States parties must be realistic and flexible, fulfil their commitments, show the necessary political will and work together.</s>
        <s id="37:3" lang="en">His delegation hoped to see progress in the implementation of the plan of action agreed to at the 2010 Review Conference since that would increase the chances of success at the 2015 Conference.</s>
      </p>
      <p id="38">
        <s id="38:1" lang="en">24. Mr. Guzmán (Chile) said that Chile regretted the fact that no consensus had been reached on the Chair&apos;s working paper.</s>
      </p>
      <p id="39">
        <s id="39:1" lang="en">25. Ms. Urruela Arenales (Guatemala) said that her delegation also regretted the fact that no consensus had been reached on the working paper.</s>
        <s id="39:2" lang="en">That paper had, however, brought the States parties closer and would serve as a point of reference and make a positive contribution to the 2015 Review Conference.</s>
      </p>
      <p id="40">
        <s id="40:1" lang="en">26. Mr. Badr (Egypt) said that it was his understanding that the working paper (NPT/CONF.2015/PC.III/WP.46) had been submitted under the Chair&apos;s own authority and without prejudice to the position of any delegation or to the final outcome of the 2015 Review Conference.</s>
        <s id="40:2" lang="en">He asked for his comment to be reflected in the final report.</s>
      </p>
      <p id="41">
        <s id="41:1" lang="en">27. The Chair said that he would also like that point to be reflected in the report.</s>
      </p>
      <p id="42">
        <s id="42:1" lang="en">28. Mr. Lomonaco (Mexico) said that it was regrettable that it had not been possible to consider the draft recommendations submitted in the Chair&apos;s working paper on the previous day.</s>
        <s id="42:2" lang="en">Since that document had been issued under the Chair&apos;s sole authority, it could not have a different status from that of the other working papers submitted during the session, and he therefore agreed with the representative of Egypt that that point should be reflected in the report.</s>
      </p>
      <p id="43">
        <s id="43:1" lang="en">29. His delegation wished to make a number of comments on the Chair&apos;s working paper.</s>
        <s id="43:2" lang="en">The modest progress made by the nuclear-weapon States in reducing their nuclear arsenals was by no means comparable with the high level of compliance among non-nuclear-weapon States with non-proliferation commitments and the peaceful use of nuclear energy.</s>
        <s id="43:3" lang="en">That double standard was a source of widespread dissatisfaction, and should be the central topic of the 2015 Review Conference.</s>
        <s id="43:4" lang="en">The proposal to establish a subsidiary body to address the implementation of article VI of the Treaty should have been reflected in the recommendations; the New Agenda Coalition&apos;s working paper on the subject had been referred to by numerous delegations and had the backing of civil society.</s>
        <s id="43:5" lang="en">The action plan agreed to at the 2010 Review Conference could not be simply rolled over; the 2015 Review Conference had to adopt an ambitious new route that took into account the developments of the current cycle.</s>
        <s id="43:6" lang="en">The references to the catastrophic humanitarian consequences of the detonation of nuclear weapons did not reflect the serious concern and consternation voiced at the 2010 Conference and by practically all delegations at the current session, and also at the two conferences held so far on the humanitarian impact of nuclear weapons.</s>
      </p>
      <p id="44">
        <s id="44:1" lang="en">30. The Chair said that he was pleased that his paper had been thought-provoking.</s>
        <s id="44:2" lang="en">The paragraph on the humanitarian consequences of the use of nuclear weapons had been taken from the preamble to the Treaty.</s>
      </p>
      <p id="45">
        <s id="45:1" lang="en">31. Mr. Ulyanov (Russian Federation) said that his delegation hoped there would be more accomplishments to report at the opening of the 2015 Review Conference.</s>
        <s id="45:2" lang="en">The signing by five States of the Protocol to the Treaty on a Nuclear-Weapon-Free Zone in Central Asia on 6 May 2014 marked an important step forward, and it was to be hoped that a similar treaty would be signed for North-East Asia before the 2015 Conference.</s>
        <s id="45:3" lang="en">The Russian Federation was also firmly in favour of a conference on the establishment of a nuclear-weapon-free zone in the Middle East being convened in December 2014.</s>
      </p>
      <p id="46">
        <s id="46:1" lang="en">32. Mr. Ahn Young (Republic of Korea) said that, although no consensus had been reached on the recommendations to be included in the report, that did not mean that the Committee had not produced any meaningful results.</s>
        <s id="46:2" lang="en">His delegation looked forward to achieving further progress at the 2015 Review Conference.</s>
      </p>
      <p id="47">
        <s id="47:1" lang="en">33. Mr. Al Saad (Saudi Arabia) urged the international community to take all necessary steps, in the time that remained, to make the 2015 Review Conference a success.</s>
      </p>
      <p id="48">
        <s id="48:1" lang="en">34. The Chair, in closing the session, said that although consensus had not been reached on the recommendations, the positive atmosphere and respectful tone of the discussions had made the current session stand out from previous sessions.</s>
        <s id="48:2" lang="en">The necessary political will must be demonstrated to make progress in strengthening the Treaty and ensure the success of the 2015 Review Conference.</s>
      </p>
      <p id="49">
        <s id="49:1" lang="en">The meeting rose at 11.30 a.m.</s>
      </p>
    </body>
  </text>
</TEI.2>
