<?xml version="1.0" encoding="utf-8"?>
<TEI.2>
  <teiHeader>
    <fileDesc>
      <titleStmt>
        <title>The United Nations Parallel Corpus v1.0 - NPT/CONF.2015/PC.III/SR.5</title>
      </titleStmt>
      <publicationStmt>
        <publisher>United Nations DGACM</publisher>
        <pubPlace>New York</pubPlace>
        <date>20140430</date>
        <idno type="symbol">NPT/CONF.2015/PC.III/SR.5</idno>
        <idno type="jobno">N1431642</idno>
        <availability>
          <p>The following disclaimer, an integral part of the United Nations Parallel Corpus v1.0, 
             shall be respected in regard to the Corpus v1.0 (no other restrictions apply):</p>

          <p>The United Nations Parallel Corpus is made available without warranty of any kind, 
             explicit or implied. The United Nations specifically makes no warranties or 
             representations as to the accuracy or completeness of the information contained in 
             the United Nations corpus.</p>

          <p>Under no circumstances shall the United Nations be liable for any loss, liability,
             injury or damage incurred or suffered that is claimed to have resulted from the use
             of the United Nations Corpus. The use of the United Nations Corpus is at the user's 
             sole risk. The user specifically acknowledges and agrees that the United Nations is 
             not liable for the conduct of any user. If the user is dissatisfied with any of the 
             material provided in the United Nations Corpus, the users's sole and exclusive remedy 
             is to discontinue using the United Nations Corpus.</p>

          <p>When using the United Nations Corpus, the user must acknowledge the United Nations as the
             source of the information. For references, please use this reference:
             Ziemski, M., Junczys-Dowmunt, M., and Pouliquen, B. (2016) The United Nations
             Parallel Corpus, Language Resources and Evaluation (LREC’16), Portorož, Slovenia, 
             May 2016.</p>

          <p>Nothing herein shall constitute or be considered to be a limitation upon or waiver,
             express or implied, of the privileges and immunities of the United Nations, which
             are specifically reserved.</p>
        </availability>
        <distributor>http://conferences.unite.un.org/UNCorpus</distributor>
      </publicationStmt>
      <sourceDesc>
        <p>http://www.un.org/en/official-documents-system-search/index.html</p>
      </sourceDesc>
    </fileDesc>
    <profileDesc>
      <langUsage>
        <language ident="en">English</language>
      </langUsage>
    </profileDesc>
  </teiHeader>
  <text>
    <body>
      <p id="1">
        <s id="1:1" lang="en">Third session</s>
      </p>
      <p id="2">
        <s id="2:1" lang="en">New York, 28 April-9 May 2014</s>
      </p>
      <p id="3">
        <s id="3:1" lang="en">* No summary record was prepared for the 4th meeting.</s>
      </p>
      <p id="4">
        <s id="4:1" lang="en">Summary record of the 5th meeting*</s>
      </p>
      <p id="5">
        <s id="5:1" lang="en">Held at Headquarters, New York, on Wednesday, 30 April 2014, at 10 a.m.</s>
      </p>
      <p id="6">
        <s id="6:1" lang="en">Chair: Mr. Román-Morey (Peru)</s>
      </p>
      <p id="7">
        <s id="7:1" lang="en">Contents</s>
      </p>
      <p id="8">
        <s id="8:1" lang="en">General debate on issues related to all aspects of the work of the Preparatory Committee (continued)</s>
      </p>
      <p id="9">
        <s id="9:1" lang="en">The meeting was called to order at 10:10 a.m.</s>
      </p>
      <p id="10">
        <s id="10:1" lang="en">1. Mr. Tiendrebeogo (Burkina Faso) said that while the Treaty on the Non-Proliferation of Nuclear Weapons had contributed significantly to the promotion of international peace and security, a number of challenges remained to its entry into force, mainly owing to unfulfilled promises and unmet expectations.</s>
        <s id="10:2" lang="en">His Government had thus welcomed the consensus adoption of the action plan on nuclear disarmament at the 2010 Review Conference.</s>
        <s id="10:3" lang="en">Nuclear-weapon States must assume their full responsibility.</s>
      </p>
      <p id="11">
        <s id="11:1" lang="en">2. His Government attached great importance to the African Nuclear-Weapon-Free Zone Treaty (Treaty of Pelindaba) and encouraged the establishment of other such zones.</s>
        <s id="11:2" lang="en">He hoped that the States of the Middle East would be able to overcome the remaining obstacles to the convening of a conference on the establishment of a Middle East zone free of nuclear weapons and all other weapons of mass destruction.</s>
      </p>
      <p id="12">
        <s id="12:1" lang="en">3. His Government supported the initiative to launch negotiations on a comprehensive convention on nuclear weapons, which would help to address new concerns, including the risks of nuclear terrorism and illicit trafficking in nuclear materials or components.</s>
        <s id="12:2" lang="en">It had welcomed the second international Conference on the Humanitarian Impact of Nuclear Weapons.</s>
        <s id="12:3" lang="en">It reaffirmed the importance of the Comprehensive Nuclear-Test-Ban Treaty (CTBT); the annex 2 States must ratify that treaty, so that it could enter into force, as that would be a decisive step towards its universalization.</s>
      </p>
      <p id="13">
        <s id="13:1" lang="en">4. His Government also called upon States to strengthen their cooperation with regard to the inalienable right of all States parties to develop research, production and use of nuclear energy for peaceful purposes in conformity with article IV of the Treaty.</s>
        <s id="13:2" lang="en">The International Atomic Energy Agency(IAEA) should continue in its efforts to help ensure access to nuclear technology by all States parties, especially in respect of health, agriculture, energy, the environment, and water.</s>
        <s id="13:3" lang="en">He commended the Agency&apos;s technical cooperation programmes and urged Member States to provide adequate, sufficient and predictable funding to that end.</s>
      </p>
      <p id="14">
        <s id="14:1" lang="en">5. In the light of the numerous threats still looming over international peace and security, the international community should endeavour to strengthen and fine-tune the Treaty.</s>
        <s id="14:2" lang="en">The 2015 Review Conference would be crucial, as that year was also the deadline for achieving the Millennium Development Goals.</s>
        <s id="14:3" lang="en">It would be instructive to compare the level of financial resources devoted to the development of nuclear weapons and weapons of mass destruction to the amounts assigned to economic and social development and environmental protection.</s>
      </p>
      <p id="15">
        <s id="15:1" lang="en">6. Mr. Moncada (Bolivarian Republic of Venezuela) said that his Government believed that the same level of effort made in nuclear non-proliferation should be made towards fulfilling nuclear disarmament objectives, since the existence of nuclear weapons was itself a threat to humanity in the light of their destructive power.</s>
        <s id="15:2" lang="en">While the advocates of nuclear deterrence alleged that the possession of nuclear weapons had prevented a global conflagration for nearly seven decades, in reality non-violence was the greatest force of humanity.</s>
        <s id="15:3" lang="en">His Government reaffirmed its full commitment to nuclear non-proliferation and disarmament; it believed that the priorities set out in the final document of the General Assembly&apos;s first special session on disarmament, held in 1978, continued to be fully relevant, especially in the light of the continued and accelerated modernization of nuclear weapons.</s>
        <s id="15:4" lang="en">Nuclear-weapon States bore the greatest responsibility in implementing measures to reduce and eliminate their nuclear arsenals and must conduct negotiations in good faith for the complete elimination of nuclear weapons.</s>
      </p>
      <p id="16">
        <s id="16:1" lang="en">7. His Government attached great importance to negative security assurances for non-nuclear-weapon States, and called for negotiating a binding international instrument in that regard.</s>
        <s id="16:2" lang="en">It also attached importance to the establishment of nuclear-weapon-free zones and drew attention to the declaration of Latin America and the Caribbean as a zone of peace at the II summit of the Community of Latin American and Caribbean States (CELAC),held in Havana, Cuba, in January 2014.</s>
        <s id="16:3" lang="en">His Government reaffirmed its unwavering support for the establishment of a Middle East zone free of nuclear weapons and of all other weapons of mass destruction.</s>
        <s id="16:4" lang="en">Diplomatic efforts should be made to ensure the earliest possible convening of the delayed conference to establish such a zone, on the basis of arrangements freely arrived at among States of the region concerned, and with the full support and commitment of the nuclear-weapon States.</s>
      </p>
      <p id="17">
        <s id="17:1" lang="en">8. He reaffirmed the sovereign right of States to develop their nuclear industry for peaceful purposes, in accordance with articles I to IV of the Treaty.</s>
        <s id="17:2" lang="en">IAEA was the most appropriate technical body for channelling international cooperation efforts for the peaceful use of nuclear energy.</s>
      </p>
      <p id="18">
        <s id="18:1" lang="en">9. Mr. Al-Rowaiei (Bahrain) said that it was important for all three pillars of the Treaty on the NonProliferation of Nuclear Weapons to be addressed in a balanced fashion.</s>
        <s id="18:2" lang="en">In particular, the inalienable right of all States parties to develop research, production and use of nuclear energy for peaceful purposes should be respected in accordance with article IV and exercised in accordance with agreements signed with IAEA.</s>
        <s id="18:3" lang="en">The Treaty must be universalized, and Israel should accede to the Treaty and submit its nuclear facilities to IAEA safeguards in implementation of Security Council resolution 487 (1981).</s>
      </p>
      <p id="19">
        <s id="19:1" lang="en">10. His country welcomed the interim agreement reached by the Islamic Republic of Iran and the 5 + 1 group in Geneva, and reiterated its position that a zone free of nuclear weapons and all other weapons of mass destruction should be established in the Middle East, including the Gulf region, in conformity with resolutions of the United Nations, the Organization of Islamic Cooperation and the League of Arab States.</s>
        <s id="19:2" lang="en">The establishment of such a zone was not just an Arab goal.</s>
        <s id="19:3" lang="en">The States parties to the Treaty had agreed by consensus at the 2010 Review Conference to convene a conference on the establishment of such a zone before the end of 2012, in implementation of the 1995 Resolution on the Middle East and numerous other resolutions of the General Assembly, and that conference must take place.</s>
      </p>
      <p id="20">
        <s id="20:1" lang="en">11. Mr. van der Kwast (Netherlands) said that as a member of the Non-Proliferation and Disarmament Initiative (NPDI), his Government supported efforts to bridge differences on disarmament and nonproliferation, and attached equal importance to all three pillars of the Treaty.</s>
        <s id="20:2" lang="en">The current pace of progress towards disarmament pillar fell well behind that for the other two pillars.</s>
        <s id="20:3" lang="en">The debate on the humanitarian impact of nuclear weapons underscored the urgent need to remedy that situation.</s>
        <s id="20:4" lang="en">The situation in Ukraine gave cause for concern: the breach of the Memorandum on Security Assurances in Connection with Ukraine&apos;s Accession to the Treaty on the Non-Proliferation of Nuclear Weapons (Budapest Memorandum) of 1994 had resulted in a change in the threat perception in many capitals.</s>
        <s id="20:5" lang="en">However, the current political climate should not be used as an excuse to lose sight of the common goal of a world free of nuclear weapons; the only absolute guarantee against their use or threat of use was their total elimination.</s>
        <s id="20:6" lang="en">All nuclear-weapon States must redouble their disarmament efforts.</s>
      </p>
      <p id="21">
        <s id="21:1" lang="en">12. The proliferation of nuclear weapons was one of the gravest threats to international peace and security.</s>
        <s id="21:2" lang="en">His Government was deeply concerned by the situation with regard to the Democratic People&apos;s Republic of Korea, the remaining challenges relating to the nuclear programme of the Islamic Republic of Iran, and the outstanding issues relating to the Syrian Arab Republic.</s>
        <s id="21:3" lang="en">All those issues must be addressed in a resolute manner.</s>
        <s id="21:4" lang="en">His Government attached priority to the strengthening of the international safeguards system; the IAEA comprehensive safeguards agreement and additional protocol should be the international standard for verification.</s>
        <s id="21:5" lang="en">He called upon States that had not yet concluded an additional protocol to do so without delay.</s>
      </p>
      <p id="22">
        <s id="22:1" lang="en">13. His Government attached great importance to the prevention of nuclear terrorism and the strengthening of nuclear security.</s>
        <s id="22:2" lang="en">It had hosted a Nuclear Security Summit in The Hague in March 2014, at which participants had committed to reducing the amount of the most sensitive nuclear materials, enhancing the security of remaining material, and improving international cooperation in that field.</s>
      </p>
      <p id="23">
        <s id="23:1" lang="en">14. His Government supported the establishment of a Middle East zone free of nuclear weapons and all other weapons of mass destruction, and urged the convening of the conference to establish such a zone.</s>
      </p>
      <p id="24">
        <s id="24:1" lang="en">15. Mr. Al Kaabi (United Arab Emirates) said that his Government&apos;s commitment to ensuring global security had been demonstrated by its accession to the Treaty on the Non-Proliferation of Nuclear Weapons in 1995, its ratification of CTBT in 2000, and its conclusion of a comprehensive safeguards agreement in 2003 and of an additional protocol in 2010.</s>
        <s id="24:2" lang="en">It had adopted a detailed policy on the development of a peaceful nuclear energy programme in 2008, endorsed important principles of complete transparency, and committed to the highest standards of safety, security, non-proliferation, and full cooperation with IAEA as the fundamental principles governing all its nuclear activities and programmes.</s>
        <s id="24:3" lang="en">It supported the development of the peaceful uses of nuclear energy and had started the construction of its first two nuclear power reactors in 2012 and 2013 respectively.</s>
        <s id="24:4" lang="en">It believed that the role and mandate of IAEA in that regard should continue to be strengthened, as the Agency played a crucial role in assisting countries to develop nuclear energy safely and securely, and its safeguards system ensured the peaceful nature of nuclear activities.</s>
      </p>
      <p id="25">
        <s id="25:1" lang="en">16. Significant efforts needed to be made to ensure the full implementation and universalization of the Treaty.</s>
        <s id="25:2" lang="en">In order to tackle the serious challenges facing the non-proliferation regime -- including the lack of progress towards disarmament, the existence of States outside the Treaty, issues of non-compliance, continued nuclear proliferation threats, and challenges surrounding withdrawal from the Treaty -- measures to strengthen the Treaty needed to be adopted.</s>
        <s id="25:3" lang="en">The action plan of the 2010 Review Conference should remain the focal point for strengthening the non-proliferation framework.</s>
      </p>
      <p id="26">
        <s id="26:1" lang="en">17. While every State party to the Treaty had the right to the use and development of peaceful nuclear technology, that right came with obligations; mutual trust and confidence in the exclusively peaceful nature of nuclear programmes were essential building blocks of the non-proliferation regime.</s>
        <s id="26:2" lang="en">States must adhere to comprehensive safeguards agreements and fully cooperate with IAEA, and take the required steps to address all international concerns and obligations.</s>
        <s id="26:3" lang="en">Implementation of the additional protocol would facilitate the full support and confidence of the international community and was an important tool to maintain the credibility of the IAEA safeguards system.</s>
      </p>
      <p id="27">
        <s id="27:1" lang="en">18. Implementing the measures that had been agreed upon in the area of disarmament would strengthen</s>
      </p>
      <p id="28">
        <s id="28:1" lang="en">non-proliferation efforts and the non-proliferation framework in general.</s>
        <s id="28:2" lang="en">Moreover, the only way to ensure the non-use or non-threat of use of nuclear weapons was their total elimination.</s>
        <s id="28:3" lang="en">In that respect, his Government supported the ongoing discussion on the humanitarian impact of the use of nuclear weapons with a view to promoting implementation of the Treaty.</s>
      </p>
      <p id="29">
        <s id="29:1" lang="en">19. His Government urged the convening of the conference on the establishment of a Middle East zone free of nuclear weapons and all weapons of mass destruction without further delay, as progress to that end would demonstrate the Treaty&apos;s effectiveness in achieving its objectives.</s>
      </p>
      <p id="30">
        <s id="30:1" lang="en">20. The entry into force of CTBT was of great importance as that treaty was an important tool for building mutual trust and confidence, which in turn helped reduce the threat posed by nuclear weapons.</s>
        <s id="30:2" lang="en">His Government condemned the nuclear testing by the Democratic People&apos;s Republic of Korea and called for a swift response and diplomatic efforts to bring CTBT into force.</s>
      </p>
      <p id="31">
        <s id="31:1" lang="en">21. Mr. Åkesson (Sweden) said that his Government had never regretted its decision to give up the nuclear research and development programme it had conducted in the 1950s and 1960s, in order to be more secure and better serve international security as well.</s>
        <s id="31:2" lang="en">The three mutually reinforcing pillars of the Treaty on the NonProliferation of Nuclear Weapons remained a sound and strong basis for efforts to achieve a world without nuclear weapons, and it was thus of utmost importance that commitments on all three pillars were implemented through tangible action by all States.</s>
        <s id="31:3" lang="en">The international community should continue to build an increasingly robust framework of mutually reinforcing and complementary treaties, institutions and commitments, adopting the building-block approach, as outlined in the working paper &quot;Building blocks for a world without nuclear weapons&quot; (NPT/CONF.2015/</s>
      </p>
      <p id="32">
        <s id="32:1" lang="en">PC.III/WP.23).</s>
      </p>
      <p id="33">
        <s id="33:1" lang="en">22. Nuclear-weapon States needed to make further deep reductions in their nuclear arsenals, whether strategic or non-strategic, deployed or non-deployed, in order to fulfil their obligations under the Treaty and other agreements.</s>
        <s id="33:2" lang="en">His Government was particularly concerned about the continued existence of</s>
      </p>
      <p id="34">
        <s id="34:1" lang="en">sub-strategic nuclear weapons in its own region, and urged all parties concerned to take steps to reduce that threat.</s>
        <s id="34:2" lang="en">To be effective, negotiations on nuclear disarmament must include nuclear-weapon States, and must address both humanitarian and security-related aspects.</s>
      </p>
      <p id="35">
        <s id="35:1" lang="en">23. CTBT was crucial to both nuclear disarmament and non-proliferation; his Government had recently hosted a meeting of the group of eminent persons focusing on new and innovative approaches for bringing that treaty into force.</s>
        <s id="35:2" lang="en">It was continuing its technical support for the CTBT verification regime, including through further development of a gas system to help detect underground nuclear explosions.</s>
        <s id="35:3" lang="en">The long-overdue fissile material cut-off treaty was another essential building block; his Government was pleased that the Group of governmental experts had recently begun its work in that context in Geneva.</s>
      </p>
      <p id="36">
        <s id="36:1" lang="en">24. As an active member of the IAEA Board of Governors, his Government strove to strengthen the IAEA safeguards system and additional protocols, and to uphold the Agency&apos;s important role in global efforts to prevent the spread of nuclear weapons.</s>
        <s id="36:2" lang="en">It had recently made a voluntary contribution to the Agency&apos;s enhanced monitoring and verification efforts in the Islamic Republic of Iran in support of the Joint Plan of Action and had also contributed to the IAEA Peaceful Uses Initiative.</s>
      </p>
      <p id="37">
        <s id="37:1" lang="en">25. Since the early 1990s, his Government had contributed to a number of joint efforts to strengthen nuclear security and promote nuclear non-proliferation in Georgia, Moldova, the Russian Federation and Ukraine.</s>
        <s id="37:2" lang="en">It had also contributed to nuclear security by transferring fissile material for secure disposal.</s>
      </p>
      <p id="38">
        <s id="38:1" lang="en">26. The use of nuclear weapons would have catastrophic and enduring consequences for humans, animals and plants worldwide, and as long as they were in circulation and spread to new countries and actors, the risk of their potential use remained.</s>
        <s id="38:2" lang="en">The solution was self-evident: a world without nuclear weapons.</s>
        <s id="38:3" lang="en">The road ahead in that regard would be arduous and without short-cuts.</s>
        <s id="38:4" lang="en">Nuclear- weapon States needed to realize that national, regional and international security would be better served without nuclear weapons; non-nuclear-weapon States would need to work with the nuclear-weapon States to help them achieve that objective; and all countries needed to strengthen their non-proliferation commitments.</s>
      </p>
      <p id="39">
        <s id="39:1" lang="en">27. Mr. Haniff (Malaysia) said that his Government remained convinced that, despite setbacks and challenges, the non-proliferation regime continued to be of central importance in efforts to halt the proliferation of nuclear weapons, and an essential foundation for general and complete disarmament.</s>
        <s id="39:2" lang="en">It was imperative to maintain the integrity of the Treaty and strengthen its three pillars.</s>
      </p>
      <p id="40">
        <s id="40:1" lang="en">28. It was evident that the Treaty&apos;s disarmament objectives had not been pursued with sufficient urgency, especially by nuclear-weapon States, whether within or outside the Treaty framework.</s>
        <s id="40:2" lang="en">Indeed, in spite of some efforts to reduce the numbers of nuclear weapons, the pace of disarmament had actually slowed.</s>
        <s id="40:3" lang="en">Nuclear- weapon States must step up their efforts.</s>
        <s id="40:4" lang="en">His Government had long supported the involvement of civil society, academia and think-tanks in the disarmament discourse.</s>
        <s id="40:5" lang="en">It also supported the humanitarian approach towards nuclear disarmament.</s>
      </p>
      <p id="41">
        <s id="41:1" lang="en">29. His Government called upon all States parties to ensure implementation of the three pillars of the Treaty in a balanced and non-discriminatory way; if the international community wanted to curtail proliferation of nuclear weapons, it must also accept the need for nuclear disarmament.</s>
        <s id="41:2" lang="en">Negative security assurances were an important and achievable step towards both objectives.</s>
      </p>
      <p id="42">
        <s id="42:1" lang="en">30. IAEA should continue its commendable work in realizing the full potential of peaceful applications of nuclear technology for the benefit of all.</s>
        <s id="42:2" lang="en">The Agency played a key role in nuclear safeguards and verifications, and should be afforded the time and space to conduct such activities within its mandate independently.</s>
      </p>
      <p id="43">
        <s id="43:1" lang="en">31. His delegation reaffirmed the inalienable right of States parties to the Treaty to develop research, production and use of nuclear energy for peaceful purposes without discrimination in accordance with article IV of the Treaty, and the right to participate in the fullest possible exchange of equipment, materials and technology for peaceful purposes, in compliance with respective safeguard agreements.</s>
        <s id="43:2" lang="en">In that regard, Malaysia remained concerned that some States outside the Treaty were enjoying those rights.</s>
        <s id="43:3" lang="en">The international community, and States parties to the Treaty in particular, must uphold the principles of transparency and non-discrimination in the implementation of the Treaty, without selectivity or discrimination.</s>
      </p>
      <p id="44">
        <s id="44:1" lang="en">32. Nuclear-weapon-free zones should be strengthened and new zones established.</s>
        <s id="44:2" lang="en">The conference to establish such a zone in the Middle East must be convened as soon as possible, in order to strengthen regional and global peace and the nonproliferation of weapons of mass destruction among all countries in the Middle East region.</s>
      </p>
      <p id="45">
        <s id="45:1" lang="en">33. He urged support for the resolution that his delegation would again introduce to the General Assembly in 2014 concerning the advisory opinion of the International Court of Justice on the legality of the threat or use of nuclear weapons, as that resolution underscored the legal obligation of States to pursue in good faith and bring to a conclusion negotiations leading to nuclear disarmament in all its aspects under strict and effective international control.</s>
        <s id="45:2" lang="en">It was unfortunate that while the resolution continued to enjoy the support of the vast majority of Member States, there were still some States parties to the Treaty that abstained or voted against the resolution, which gave rise to questions about their position relating to article VI of the Treaty.</s>
      </p>
      <p id="46">
        <s id="46:1" lang="en">34. Mr. Emvula (Namibia) said that it was unacceptable that there were no controls on nuclear-weapon States as they sought to strengthen their national security by threatening the survival of humanity, while non-nuclear-weapon States were being policed to prevent their acquisition of nuclear weapons.</s>
        <s id="46:2" lang="en">Despite a reduction in the number of nuclear weapons since the end of the cold war, the quality, precision and potential destructive power of the remaining arsenals had increased as nuclear-weapon States continued to modernize them.</s>
        <s id="46:3" lang="en">That skewed focus on reduction versus modernization undermined the international community&apos;s collective efforts towards disarmament and non-proliferation.</s>
        <s id="46:4" lang="en">Balance between the three interdependent pillars of the Treaty should be upheld at all times.</s>
        <s id="46:5" lang="en">Non-proliferation could be ensured only when the same standards were applied to all States.</s>
        <s id="46:6" lang="en">In that respect, his delegation called upon all States parties without comprehensive safeguard agreements to conclude such agreements without further delay.</s>
        <s id="46:7" lang="en">States possessing nuclear technology must ensure that their cooperation in that regard was guided by the norms of the Treaty and the IAEA Statute.</s>
        <s id="46:8" lang="en">IAEA safeguards should be an obligation for all nuclear-weapon States and not an option for some of them.</s>
      </p>
      <p id="47">
        <s id="47:1" lang="en">35. As a member of the African Nuclear-Weapon-Free Zone, Namibia supported the establishment of nuclear- weapon- free zones in all regions of the world, as an important measure in achieving nuclear disarmament and non-proliferation.</s>
        <s id="47:2" lang="en">In that respect his delegation called for the immediate commencement of negotiations on the convening of a conference to set up such a zone in the Middle East.</s>
        <s id="47:3" lang="en">The objectives of the Treaty could not be realized by implementing its provisions selectively, and its universality could not be realized amidst regionalized proliferation.</s>
      </p>
      <p id="48">
        <s id="48:1" lang="en">36. His Government supported efforts aimed at delegitimizing nuclear weapons, in line with the 1996 advisory opinion of the International Court of Justice, and at stigmatizing the possession and existence of such weapons, including through the holding of conferences on the humanitarian impact of nuclear weapons.</s>
        <s id="48:2" lang="en">Those conferences were valuable in putting human security at the centre of the debate, as opposed to military and strategic aspects, carefully hidden from the public domain.</s>
      </p>
      <p id="49">
        <s id="49:1" lang="en">37. Mr. Biontino (Germany) said that the Treaty on the Non-Proliferation of Nuclear Weapons had greatly contributed to making the world a safer place.</s>
        <s id="49:2" lang="en">He urged all States which had not yet done so toaccede to the Treaty as non-nuclear-weapon States.</s>
        <s id="49:3" lang="en">In that context, his Government regretted that the Government of the Russian Federation had recently failed to honour its obligations towards Ukraine in accordance with the Budapest Memorandum, which had been instrumental in paving the way for Ukraine and other newly independent States to renounce nuclear arsenals inherited from the Soviet Union.</s>
        <s id="49:4" lang="en">The Treaty facilitated peaceful cooperation in nuclear matters on a daily basis, mainly through IAEA.</s>
        <s id="49:5" lang="en">Negative security assurances should become part of a binding treaty regime, thus further contributing to improving the security environment of a majority of countries.</s>
      </p>
      <p id="50">
        <s id="50:1" lang="en">38. Implementation of the action plan adopted at the 2010 Review Conference was far too slow.</s>
        <s id="50:2" lang="en">Further progress was needed to achieve the goal of a nuclear weapon-free world in accordance with article VI of the Treaty.</s>
        <s id="50:3" lang="en">His Government was firmly committed to its obligations as a member of the North Atlantic Treaty Organization, and, at the same time, was resolved to help create conditions for a world free of nuclear weapons, in accordance with the goals of the Treaty on the Non-Proliferation of Nuclear Weapons.</s>
        <s id="50:4" lang="en">In that context, a new round of disarmament dialogue between the United States of America and the Russian Federation should begin as soon as possible, and should address sub-strategic nuclear weapons as well.</s>
      </p>
      <p id="51">
        <s id="51:1" lang="en">39. In line with the 2010 action plan, all nuclear-weapon States should increase transparency with respect to their arsenals.</s>
        <s id="51:2" lang="en">CTBT must enter into force.</s>
        <s id="51:3" lang="en">In that respect, his delegation deplored the aggressive nuclear policy of the Democratic People&apos;s Republic of Korea, including the spectre of a fourth detonation of a nuclear device.</s>
      </p>
      <p id="52">
        <s id="52:1" lang="en">40. Negotiations on a fissile material cut-off treaty should begin in the near future.</s>
        <s id="52:2" lang="en">As the Conference on Disarmament moved into its 18th consecutive year of stalemate, his Government was concerned about its functionality as the sole standing multilateral disarmament treaty negotiating body; the Conference&apos;s ability to address the international community&apos;s security needs was in serious doubt.</s>
      </p>
      <p id="53">
        <s id="53:1" lang="en">41. His Government was actively involved in finding a diplomatic solution to the current proliferation crises, which could jeopardize the Treaty&apos;s integrity.</s>
        <s id="53:2" lang="en">It welcomed the positive momentum in the negotiations with the Islamic Republic of Iran and hoped that a permanent solution could be found to that situation.</s>
      </p>
      <p id="54">
        <s id="54:1" lang="en">42. His Government commended the crucial, valuable work of IAEA and its safeguards system, noting that Germany was the third-largest contributor to the Agency&apos;s budget and had been operating an IAEA support programme for more than 35 years.</s>
        <s id="54:2" lang="en">It called on States that had not yet done so to adopt the IAEA additional protocol.</s>
        <s id="54:3" lang="en">In that respect, the effectiveness and efficiency of the protocol could still be improved.</s>
        <s id="54:4" lang="en">He recalled the offer by the Non-Proliferation and Disarmament Initiative to provide advice to States upon their request when implementing the additional protocol.</s>
        <s id="54:5" lang="en">His Government was actively contributing to nuclear security and had joined all relevant instruments designed to help prevent nuclear terrorism and reduce nuclear risks.</s>
        <s id="54:6" lang="en">It stood ready to continue international cooperation with all interested partners on export control policies in order to close all remaining loopholes that would allow illegal networks to traffic in proliferation-sensitive materials.</s>
        <s id="54:7" lang="en">Lastly, his Government hoped that the conference on a Middle East zone free of nuclear weapons and weapons of mass destruction could be convened by the end of 2014.</s>
      </p>
      <p id="55">
        <s id="55:1" lang="en">43. Ms. Tan (Singapore) said that, in recent years, concerns about non-compliance with the Treaty on the Non-Proliferation of Nuclear Weapons and fundamentally divergent perceptions about its adequacy, fairness and purpose had led to a crisis regarding its legitimacy and relevance.</s>
        <s id="55:2" lang="en">The chasm between nuclear-weapon States and non-nuclear-weapon States had grown wider over the lack of progress in nuclear disarmament on the one hand and the perceived over-emphasis on nuclear proliferation on the other.</s>
        <s id="55:3" lang="en">Israel, India and Pakistan remained outside the ambit of the Treaty and the Democratic People&apos;s Republic of Korea had withdrawn from the Treaty and maintained a nuclear programme that was not subject to any international safeguards regime.</s>
      </p>
      <p id="56">
        <s id="56:1" lang="en">44. Singapore firmly supported the objectives of the Treaty and its three mutually reinforcing pillars, which represented a delicate balance of interests.</s>
        <s id="56:2" lang="en">Failure to achieve progress in one pillar would have a detrimental effect on the others.</s>
        <s id="56:3" lang="en">The first pillar, nuclear disarmament, remained a long-term aspiration, as it required nuclear-weapon States to reject nuclear deterrence as part of their long-term national security policy.</s>
        <s id="56:4" lang="en">However, even small steps in that direction would be significant.</s>
        <s id="56:5" lang="en">Nuclear-weapon States could do much more to reassure non-nuclear- weapon States of their commitments under article VI of the Treaty.</s>
        <s id="56:6" lang="en">The United States of America and the Russian Federation, which possessed nearly 95 per cent of all the world&apos;s nuclear weapons, had a special responsibility to lead by example.</s>
        <s id="56:7" lang="en">In that regard, her delegation welcomed the call made by the President of the United States in 2014 to cut the two States&apos; nuclear arsenals by one third more than the level that had been agreed to in the Treaty between the United States and the Russian Federation on Measures for the Further Reduction and Limitation of Strategic Offensive Arms (the New START Treaty).</s>
        <s id="56:8" lang="en">All nuclear-weapon States should refrain from making qualitative improvements to nuclear weapons.</s>
        <s id="56:9" lang="en">States parties to the Treaty must find a way to involve non-States parties with nuclear weapons capabilities in disarmament discussions; their exclusion fundamentally undermined the collective effort towards complete nuclear disarmament.</s>
      </p>
      <p id="57">
        <s id="57:1" lang="en">45. The entry into force of CTBT, a key tool to advance disarmament and nuclear non-proliferation and build mutual trust and confidence, was long overdue.</s>
        <s id="57:2" lang="en">Her delegation welcomed the ratification of CTBT by Guinea-Bissau, Iraq and Norway and urged all States, particularly the remaining countries listed in annex 2, to sign and ratify that treaty.</s>
        <s id="57:3" lang="en">In addition, negotiations on a fissile material cut-off treaty within the framework of the Conference of Disarmament had been stalled for too long and progress must be made in that regard.</s>
      </p>
      <p id="58">
        <s id="58:1" lang="en">46. Singapore supported the establishment of nuclear-weapon-free zones, and was a party to the Treaty on the Southeast Asia Nuclear Weapon-Free Zone (Bangkok Treaty), which had played a critical role in the continued peace, stability and security of the region.</s>
        <s id="58:2" lang="en">Her Government encouraged all five nuclear-weapon States to sign the Protocol to that Treaty without reservations as soon as possible.</s>
        <s id="58:3" lang="en">It also urged all relevant parties to work together to expeditiously convene the conference on the establishment of a Middle East zone free of nuclear weapons and all other weapons of mass destruction.</s>
      </p>
      <p id="59">
        <s id="59:1" lang="en">47. Nuclear non-proliferation should be strengthened on several fronts, as the risk of proliferation of nuclear technology and material and dual-use items for military purposes remained a major concern.</s>
        <s id="59:2" lang="en">Nuclear security measures, encompassing both civilian and non-civilian nuclear material and facilities, should be enhanced at the national, regional and international levels.</s>
        <s id="59:3" lang="en">States should accede to and fully implement key international legal instruments, such as the Convention on the Physical Protection of Nuclear Material and its 2005 Amendment; Singapore would soon be acceding to those instruments.</s>
        <s id="59:4" lang="en">In addition, States parties to the Treaty that had not yet done so should signed comprehensive safeguards agreements and additional protocols with IAEA.</s>
        <s id="59:5" lang="en">Singapore had acceded to an additional protocol in 2005.</s>
      </p>
      <p id="60">
        <s id="60:1" lang="en">48. States parties should work towards a more robust international export control regime that would guard against illicit trafficking without hampering legitimate trade.</s>
        <s id="60:2" lang="en">While her Government took seriously its counter-proliferation obligations, Singapore being a major transhipment hub, it also emphasized that all parts of a supply chain, not just certain jurisdictions or ports, should tighten their export control regimes.</s>
        <s id="60:3" lang="en">Singapore had a robust export control system and fully abided by its international obligations, including under Security Council resolution 1540 (2004).</s>
        <s id="60:4" lang="en">In addition, it participated in relevant multilateral and regional initiatives, including the Container Security Initiative of the United States Custom and Border Protection, the Proliferation Security Initiative, the Global Initiative to Combat Nuclear Terrorism and the Asian Senior-level Talks on Non-Proliferation.</s>
      </p>
      <p id="61">
        <s id="61:1" lang="en">49. Singapore urged the Democratic People&apos;s Republic of Korea to return to the Treaty, fully comply with all relevant Security Council resolutions, and cooperate promptly with IAEA in the full and effective implementation of its comprehensive safeguards obligations.</s>
        <s id="61:2" lang="en">Her delegation was encouraged by the recent progress made between the Islamic Republic of Iran and the five permanent members of the Security Council and Germany, as well as with IAEA, to address the international community&apos;s concerns over the nature of the Iranian nuclear programme.</s>
        <s id="61:3" lang="en">Her Government believed that with honesty and strong political will from the relevant players, it would be possible to reach a lasting and comprehensive agreement.</s>
      </p>
      <p id="62">
        <s id="62:1" lang="en">50. Enhancing the peaceful uses of nuclear science and technology could help to improve the socioeconomic conditions of many countries.</s>
        <s id="62:2" lang="en">Singapore supported the right of sovereign States to the peaceful use of nuclear science and technology under article IV of the Treaty.</s>
        <s id="62:3" lang="en">However, that right came with the responsibility to use such technology in a safe and secure manner.</s>
        <s id="62:4" lang="en">The international community, and IAEA in particular, should assist with training and capacity-building to help States establish the necessary regulatory and legal infrastructure to promote the highest standards of nuclear safety and security and enhance their emergency preparedness and response capabilities.</s>
      </p>
      <p id="63">
        <s id="63:1" lang="en">51. The Treaty was facing serious existential challenges and must evolve to keep pace with current realities.</s>
        <s id="63:2" lang="en">Developments outside the Treaty, in particular involving non-State parties, must be taken into account, as they had an effect on the credibility and relevance of the whole regime.</s>
        <s id="63:3" lang="en">States parties should reaffirm their commitment to the Treaty through concrete action and propose practical and pragmatic steps to advance its core objectives.</s>
      </p>
      <p id="64">
        <s id="64:1" lang="en">52. Mr. Bhattarai (Nepal) said that preparations for the 2015 Review Conference required a holistic approach that took into account the three mutually reinforcing pillars of the Treaty on the NonProliferation of Nuclear Weapons.</s>
        <s id="64:2" lang="en">The action plan on nuclear disarmament adopted at the 2010 Review Conference had renewed hope for global disarmament and non-proliferation; its implementation was critical to enhancing trust and confidence among nations.</s>
        <s id="64:3" lang="en">The same spirit of hope would be required in order to make progress at the 2015 Review Conference and beyond.</s>
      </p>
      <p id="65">
        <s id="65:1" lang="en">53. Nepal consistently advocated for the general and complete disarmament of all weapons of mass destruction, including biological, chemical, nuclear, and radiological weapons, in a time-bound manner.</s>
        <s id="65:2" lang="en">In an interconnected and interdependent world, where the definition of security could no longer be confined to the traditional notion of military security, such weapons did not provide any effective guarantee of security.</s>
        <s id="65:3" lang="en">Nepal also strongly opposed the weaponization of outer space.</s>
        <s id="65:4" lang="en">The establishment of nuclear-weapon-free-zones in all regions could serve as building blocks towards complete disarmament at the global level.</s>
        <s id="65:5" lang="en">In addition, the full implementation of the 1995 Resolution on the Middle East would be a significant step towards non-proliferation.</s>
        <s id="65:6" lang="en">However, those initiatives should not be seen as a substitute for nuclear disarmament and the total elimination of nuclear weapons.</s>
        <s id="65:7" lang="en">The fulfilment of those obligations remained as critical as ever.</s>
      </p>
      <p id="66">
        <s id="66:1" lang="en">54. The only guarantee against the use of nuclear weapons was their total elimination.</s>
        <s id="66:2" lang="en">Until that objective was achieved, nuclear-weapon States should guarantee to non-nuclear-weapon States their compliance with the provisions of effective, universal, unconditional, non-discriminatory and irrevocable negative security assurances.</s>
      </p>
      <p id="67">
        <s id="67:1" lang="en">55. As affirmed in article IV of the Treaty, all States had the inalienable right to develop research, production and use of nuclear energy for peaceful purposes without discrimination.</s>
        <s id="67:2" lang="en">However, nuclear-weapon States bore the primary responsibility for nuclear safety and security.</s>
        <s id="67:3" lang="en">IAEA could also play a central role in facilitating effective implementation of safeguards standards.</s>
        <s id="67:4" lang="en">Knowledge-sharing and cooperation with developing countries on nuclear technology for scientific, humanitarian and development purposes must be enhanced in order to ensure that the technology benefited all equitably.</s>
      </p>
      <p id="68">
        <s id="68:1" lang="en">56. His delegation affirmed its belief in multilateralism and multilaterally agreed solutions to global problems.</s>
        <s id="68:2" lang="en">It called for the observance of an immediate, unconditional and permanent ban on nuclear weapon testing and closure of all nuclear weapon test sites.</s>
        <s id="68:3" lang="en">It also supported the early conclusion of a fissile material cut-off treaty.</s>
        <s id="68:4" lang="en">The strong support for the complete elimination of nuclear weapons expressed during the High-level meeting of the General Assembly on nuclear disarmament was a step towards the total elimination of nuclear weapons and should receive prompt follow-up.</s>
      </p>
      <p id="69">
        <s id="69:1" lang="en">57. Archbishop Chullikatt (Holy See) said that the longer States parties delayed in fulfilling the aims of the Treaty, the greater the risk of a cataclysmic tragedy involving the use of nuclear weapons.</s>
        <s id="69:2" lang="en">If the commitment to eliminating nuclear weapons continued to be implemented at such a slow pace, confidence in the viability of the non-proliferation regime would weaken and the risk of further proliferation would increase.</s>
        <s id="69:3" lang="en">While the principal nuclear-weapon States expressed a strong interest in curtailing proliferation, their commitment to divesting themselves of nuclear weapons lacked the same urgency, and they continued to maintain that those weapons were needed for their security.</s>
      </p>
      <p id="70">
        <s id="70:1" lang="en">58. The military doctrine of nuclear deterrence was a prime obstacle to meaningful progress on nuclear disarmament and was being used to justify the modernization of existing stockpiles of nuclear weapons.</s>
        <s id="70:2" lang="en">The conferences on the humanitarian impact of the use of nuclear weapons had spelled out the horrors that would befall humanity in the event of the accidental or deliberate use of nuclear weapons.</s>
        <s id="70:3" lang="en">The logical course of action was to make urgent and expedited progress towards a global legal ban on nuclear weapons that would accompany the global bans on other weapons of mass destruction, such as chemical and biological weapons.</s>
      </p>
      <p id="71">
        <s id="71:1" lang="en">59. However, only a political process could achieve such a ban.</s>
        <s id="71:2" lang="en">The 2013 High-level meeting of the General Assembly on nuclear disarmament had been an attempt to generate such political momentum.</s>
        <s id="71:3" lang="en">His delegation encouraged the major States to take more substantial and resolute action to eliminate the scourge of nuclear weapons, which could indiscriminately annihilate non-combatants and combatants alike, in times of both war and peace.</s>
        <s id="71:4" lang="en">Nuclear-weapon States should work with the non-nuclear-weapon States to develop a legally binding instrument banning the possession of nuclear weapons.</s>
        <s id="71:5" lang="en">No attempt should be made to achieve such a ban without the participation of the major nuclear States, or to act outside the framework of existing mechanisms and institutions.</s>
      </p>
      <p id="72">
        <s id="72:1" lang="en">60. The Holy See renewed its call for the abolition of nuclear weapons in order to free the world from the spectre of mass destruction..</s>
        <s id="72:2" lang="en">It was unacceptable that the nuclear-weapon States continued to spend more than $100 billion per year to maintain their nuclear arsenals, when such resources were desperately needed for economic and social development, including the achievement of the Millennium Development Goals, to meet the needs of the world&apos;s poorest people.</s>
      </p>
      <p id="73">
        <s id="73:1" lang="en">61. His delegation hoped that preparatory work would begin as soon as possible on a comprehensive agreement leading to the elimination of nuclear weapons.</s>
        <s id="73:2" lang="en">Such efforts would not obstruct the steps already envisioned, such as further reductions in arsenals of weapons, the entry into force of CTBT, and the conclusion of a fissile material cut-off treaty.</s>
        <s id="73:3" lang="en">In that regard, it was vital that the conference on the establishment of a Middle East zone free of nuclear weapons and all other weapons of mass destruction should finally be convened for the sake of the peace process and the security of the region, as well as for the credibility of the Treaty.</s>
      </p>
      <p id="74">
        <s id="74:1" lang="en">62. Mr. Nduhuura (Uganda) said that the proliferation of nuclear weapons and other weapons of mass destruction posed an ever more serious threat to peace and security.</s>
        <s id="74:2" lang="en">All efforts to build a better and safer world should be inspired by a shared vision and commitment to justice, equity and peace, and should focus on promoting nuclear non-proliferation and disarmament, reducing conflict and deepening mutual understanding and respect.</s>
      </p>
      <p id="75">
        <s id="75:1" lang="en">63. The total elimination of nuclear weapons was the only absolute guarantee against their use or the threat of their use.</s>
        <s id="75:2" lang="en">In that regard, there was a need for States to renew their commitment to fulfilling their obligations under all three pillars of the Treaty, in particular those set out in the action plan adopted at the 2010 Review Conference.</s>
        <s id="75:3" lang="en">His delegation was deeply concerned about the continued lack of progress towards nuclear disarmament, which could undermine the object and purpose of the Treaty.</s>
        <s id="75:4" lang="en">The mere possession of nuclear weapons contravened the principles of international humanitarian law.</s>
        <s id="75:5" lang="en">Furthermore, any use or threat of use of nuclear weapons constituted a flagrant violation of the principles of the United Nations Charter.</s>
        <s id="75:6" lang="en">Therefore, pending the total elimination of nuclear weapons, all nuclear-weapon States must refrain, under all circumstances, from the threat or use of nuclear weapons against non-nuclear-weapon States.</s>
        <s id="75:7" lang="en">In that regard, it was important to recall that all State parties had a right to receive security assurances against the threat or use of nuclear weapons.</s>
      </p>
      <p id="76">
        <s id="76:1" lang="en">64. His delegation stressed the need for States to adhere to the principles of irreversibility, verifiability and transparency in respect of nuclear disarmament.</s>
        <s id="76:2" lang="en">As long as some States had nuclear weapons, others would aspire to also acquire them as a deterrent measure, leading to an arms race that would increase the potential for further proliferation.</s>
        <s id="76:3" lang="en">Uganda was a signatory of CTBT and fully supported the banning of all nuclear explosions in all environments, for military or civilian purposes.</s>
        <s id="76:4" lang="en">Such a ban would inhibit the development of nuclear weapons, contribute to nuclear disarmament and prevent further damage to the environment.</s>
        <s id="76:5" lang="en">The CTBT must be brought into force as a matter of urgency; those Member States that had not yet ratified the Treaty were urged to do so.</s>
      </p>
      <p id="77">
        <s id="77:1" lang="en">65. Non-nuclear-weapon States should be able to harness nuclear technology for a wide range of peaceful uses.</s>
        <s id="77:2" lang="en">The demands of a fast-growing population would eventually outstrip the capacity of the available renewable and non-renewable energy sources.</s>
        <s id="77:3" lang="en">The inclusion of nuclear energy in the mix would not only help to meet that demand, but also accelerate industrialization and mitigate global warming and the effects of climate change.</s>
        <s id="77:4" lang="en">Every aspect of human development, including health, education, agriculture, industry and infrastructure, depended on reliable access to energy.</s>
        <s id="77:5" lang="en">In that connection, he noted that energy production in Uganda, as in much of Africa, was still too low to accommodate the demands.</s>
        <s id="77:6" lang="en">In line with IAEA regulations, his Government had established an Atomic Energy Council to serve as the national regulatory authority.</s>
      </p>
      <p id="78">
        <s id="78:1" lang="en">66. It was in the interest of the survival of humanity that nuclear weapons were never used again.</s>
        <s id="78:2" lang="en">The effects of a nuclear weapon detonation, whether by accident, miscalculation or design, would be grave and catastrophic.</s>
        <s id="78:3" lang="en">All States shared responsibility for preventing the proliferation and use of nuclear weapons, and for achieving the universalization of the Treaty and the fulfilment of its objectives, including nuclear disarmament.</s>
        <s id="78:4" lang="en">It was therefore the collective responsibility of the international community to ensure full compliance with all nuclear non-proliferation and nuclear disarmament obligations and to address all situations that threatened international peace and security.</s>
      </p>
      <p id="79">
        <s id="79:1" lang="en">67. Mr. Al-Mubaraki (Kuwait) said that his country would continue to support the efforts to convene, before the end of 2014, the postponed conference on the establishment of a Middle East zone free of nuclear weapons and all other weapons of mass destruction.</s>
        <s id="79:2" lang="en">It regretted that as yet no agenda or date for the conference had been set.</s>
        <s id="79:3" lang="en">Attempts to introduce any terms of reference for the conference other than the 1995 Resolution on the Middle East and the 2010 action plan would not be conducive to its success.</s>
        <s id="79:4" lang="en">Any meetings on the conference and other preparatory meetings must be conducted under the aegis of the United Nations.</s>
        <s id="79:5" lang="en">The IAEA safeguards system and additional protocol were essential to the nonproliferation regime.</s>
        <s id="79:6" lang="en">Israel&apos;s refusal to accede to the Treaty or to submit its nuclear facilities to IAEA safeguards continued to provide a rationale for other countries to acquire and possess nuclear weapons.</s>
      </p>
      <p id="80">
        <s id="80:1" lang="en">68. His country reaffirmed the right of all States to the use of nuclear energy for peaceful purposes, and commended the role of IAEA in ensuring that right.</s>
        <s id="80:2" lang="en">It also welcomed the interim agreement concluded with the Islamic Republic of Iran by the 5 + 1 group and the action plan agreed to with IAEA, and hoped that those developments would result in a permanent agreement that removed any suspicions surrounding the Iranian nuclear programme.</s>
      </p>
      <p id="81">
        <s id="81:1" lang="en">69. Mr. Rachmianto (Indonesia) said that the adoption of CTBT had been one of the prerequisites for the indefinite extension of the Treaty on the NonProliferation of Nuclear Weapons.</s>
        <s id="81:2" lang="en">As an annex 2 country, Indonesia had taken the lead by ratifying CTBT in 2012; it urged all States, and in particular other annex 2 States, to do the same without delay.</s>
        <s id="81:3" lang="en">His Government would continue to play its role in efforts to achieve universalization of CTBT, and, in collaboration with the CTBT Preparatory Commission, would be hosting a conference at the end of May 2014 to promote CTBT in the Asia-Pacific Region.</s>
      </p>
      <p id="82">
        <s id="82:1" lang="en">70. It was important for nuclear-weapon States to support the establishment of nuclear-weapon-free zones; his country called on the nuclear-weapon States to sign and ratify the protocol to the Treaty on the Southeast Asia Nuclear-Weapon-Free Zone as soon as possible.</s>
        <s id="82:2" lang="en">It continued to be concerned by the slow progress on the establishment of a Middle East zone free of nuclear weapons and all other weapons of mass destruction and the failure to convene the conference scheduled for 2012 in that regard.</s>
        <s id="82:3" lang="en">As Chair of the third Conference of States parties and signatories of treaties that establish nuclear-weapon-free zones and Mongolia, and in accordance with article 106 of the Final Document of the 2010 Review Conference, Indonesia proposed holding a meeting of States parties and signatories of treaties establishing nuclear-weapon-free zones and States having declared their nuclear-weapon-free status within the framework of 2015 Review Conference.</s>
      </p>
      <p id="83">
        <s id="83:1" lang="en">71. He urged that the wide support expressed at the High-level meeting of the General Assembly on nuclear disarmament for a comprehensive convention on nuclear weapons should be promptly followed up.</s>
        <s id="83:2" lang="en">Continued discussion of the humanitarian impact of nuclear weapons, accompanied by activism on the part of civil society, academia and youth, could play a powerful role in building awareness and political capital in favour of nuclear disarmament.</s>
        <s id="83:3" lang="en">The total elimination of nuclear weapons was the only guarantee against the threats they posed.</s>
      </p>
      <p id="84">
        <s id="84:1" lang="en">72. Ms. Al-Thani (Qatar) said that the optimism generated by the High-level meeting of the General Assembly on nuclear disarmament was tempered by concern about the failure of efforts to convene the conference on establishing a Middle East zone free of nuclear weapons and all other weapons of mass destruction.</s>
        <s id="84:2" lang="en">Decades of failure by the Disarmament Commission to achieve any notable progress raised questions about the value of holding its annual sessions.</s>
        <s id="84:3" lang="en">The Conference on Disarmament had likewise been stuck in place since 1996 because of the lack of political will.</s>
        <s id="84:4" lang="en">The nuclear-weapon States had not translated their commitments to disarmament into actions on the ground.</s>
      </p>
      <p id="85">
        <s id="85:1" lang="en">73. The proposal to hold a conference on the establishment of a Middle East zone free of nuclear weapons and all other weapons of mass destruction had been an important outcome of the 2010 Review Conference, and a significant step towards implementation of the 1995 Resolution on the Middle East that had been a condition for the indefinite extension of the Treaty.</s>
        <s id="85:2" lang="en">That conference had not yet taken place on the scheduled date because of the refusal of a single State to participate, and it had emerged from recent discussions at the Disarmament Commission that certain States wanted to wait until the 2015 Review Conference to schedule a new date.</s>
        <s id="85:3" lang="en">The Middle East was the prime example of the ineffectiveness of the Treaty in providing security to States parties.</s>
        <s id="85:4" lang="en">If the international community did not carry out its responsibility to induce Israel to accede to the Treaty and submit its nuclear facilities to IAEA safeguards, other countries would be encouraged to pursue nuclear-weapon capabilities outside of international supervision.</s>
        <s id="85:5" lang="en">That conference should be convened as soon as possible under the auspices of the United Nations in order to avert the risk of a nuclear arms race in the region.</s>
        <s id="85:6" lang="en">It was also important for the 2015 Review Conference to reaffirm the need for technology transfer to afford States parties their right to peaceful uses of nuclear energy.</s>
      </p>
      <p id="86">
        <s id="86:1" lang="en">74. Mr. Ružička (Slovakia) said that the Treaty on the Non-Proliferation of Nuclear Weapons remained a unique and irreplaceable framework for maintaining and strengthening international peace, security and stability.</s>
        <s id="86:2" lang="en">The balance between its three mutually reinforcing pillars must be preserved.</s>
        <s id="86:3" lang="en">States parties needed not only to see real progress towards nuclear disarmament, but also to be reassured about the absence of activities not consistent with the Treaty.</s>
        <s id="86:4" lang="en">At the same time, the importance of the peaceful use of nuclear energy continued to rise in many civilian applications and might help in addressing challenges in the spheres of energy, health, research and development.</s>
        <s id="86:5" lang="en">All States which were not parties to the Treaty should accede to it as non-nuclear-weapon States.</s>
        <s id="86:6" lang="en">The Treaty must be universal, both in scope and in quality.</s>
        <s id="86:7" lang="en">His country continued to support the commencement of negotiations on a fissile material cut-off treaty.</s>
        <s id="86:8" lang="en">The total elimination of nuclear arsenals would require a substantive and constructive engagement of nuclear-weapon States and was essential to averting the catastrophic humanitarian consequences of their use.</s>
      </p>
      <p id="87">
        <s id="87:1" lang="en">75. The nuclear programmes of the Democratic People&apos;s Republic of Korea and of the Syrian Arab Republic continued to give rise to serious concern.</s>
        <s id="87:2" lang="en">Recent developments with regard to the Islamic Republic of Iran were encouraging, and it was to be hoped that more progress would be achieved to successfully address that issue.</s>
        <s id="87:3" lang="en">The recent violation of the sovereignty and territorial integrity of Ukraine represented a challenge to the principles of the</s>
      </p>
      <p id="88">
        <s id="88:1" lang="en">non-proliferation regime.</s>
        <s id="88:2" lang="en">His country regretted that the planned conference on the establishment of a Middle East zone free of nuclear weapons and all other weapons of mass destruction had been postponed, but was encouraged by the recent informal meetings held in Glion, Switzerland.</s>
      </p>
      <p id="89">
        <s id="89:1" lang="en">76. Nuclear power was a mature, efficient, cost-effective and increasingly safe technology that provided numerous benefits to humanity, and provided a substantial percentage of his country&apos;s electricity production.</s>
        <s id="89:2" lang="en">Trust and confidence were the key elements for its development.</s>
        <s id="89:3" lang="en">IAEA full-scope safeguards and the additional protocol to the comprehensive safeguards agreement could ensure that nuclear energy was developed under the best nonproliferation conditions.</s>
        <s id="89:4" lang="en">Those instruments needed to be reinforced and universalized.</s>
        <s id="89:5" lang="en">Slovakia had recently undergone the European stress tests and incorporated lessons learned into its national action plan, and he encouraged other countries to perform risk and safety assessments for nuclear power plants in operation and under construction in cooperation with IAEA.</s>
      </p>
      <p id="90">
        <s id="90:1" lang="en">77. Mr. Trung (Viet Nam) said that the States parties to the Treaty needed to redouble efforts to ensure that the 2015 Review Conference would take place in a positive atmosphere based on effective implementation of the 2010 action plan.</s>
        <s id="90:2" lang="en">In the face of a number of challenges, it was crucial to reaffirm a commitment to the continued role of the Treaty and to reiterate that the three pillars of the Treaty must be implemented in a balanced and comprehensive manner.</s>
        <s id="90:3" lang="en">Nuclear-weapon States must fulfil their obligations under article VI and the 13 practical steps and progress also needed to be made in the negotiation of negative security assurances and of a fissile material cut-off treaty.</s>
        <s id="90:4" lang="en">The entry into force of CTBT was essential, and the role of nuclear-weapon-free zones should be further strengthened.</s>
        <s id="90:5" lang="en">Any further delays in convening the conference on the establishment of a Middle East zone free of nuclear weapons and any other weapons of mass destruction would call into question the credibility of the Treaty and the commitment by key players to the establishment of such a zone in a region already fraught with tension.</s>
        <s id="90:6" lang="en">He also called on the nuclear-weapon States to continue engagement with the Association of Southeast Asian Nations (ASEAN) with a view to acceding to the protocol to the Treaty on the Southeast Asia Nuclear-Weapon-Free Zone.</s>
      </p>
      <p id="91">
        <s id="91:1" lang="en">78. Challenges to nuclear proliferation should be addressed in a comprehensive manner.</s>
        <s id="91:2" lang="en">Diplomacy and the peaceful settlement of disputes, whenever and wherever possible, should be given a chance, taking into account the legitimate interests of the parties concerned, including the right to peaceful uses of nuclear energy.</s>
        <s id="91:3" lang="en">It was critical to revitalize the disarmament machinery, including the Conference on Disarmament and the Disarmament Commission, based on the principles agreed to by consensus at the special session of the General Assembly devoted to disarmament, held in 1978.</s>
        <s id="91:4" lang="en">The recent High-level meeting of the General Assembly on nuclear disarmament and nuclear security summits had achieved some success in relation to the implementation of the 2010 action plan, as had cooperation between a number of States parties, including developing countries, and IAEA to ensure nuclear safety and security and promote the peaceful use of nuclear energy.</s>
      </p>
      <p id="92">
        <s id="92:1" lang="en">79. Since the 2010 Review Conference, his country had ratified the additional protocol to the comprehensive safeguards agreement, and had acceded to the Convention on the Physical Protection of Nuclear Material and the Joint Convention on the Safety of Spent Fuel Management and on the Safety of Radioactive Waste Management.</s>
        <s id="92:2" lang="en">It was in the process of ratifying the International Convention for the Suppression of Acts of Nuclear Terrorism.</s>
        <s id="92:3" lang="en">Viet Nam was also strengthening its legal and regulatory framework for nuclear safety, security and safeguards in order to conform to the latest IAEA Nuclear Security Series publications.</s>
        <s id="92:4" lang="en">Its Da Lat research reactor had converted from highly enriched to low-enriched uranium in 2011 and repatriated spent highly enriched fuel to the Russian Federation in 2013, and it had recently signed a letter of intent with IAEA and the Republic of Korea to implement a pilot project for radioactive source location tracking in Viet Nam.</s>
        <s id="92:5" lang="en">In its development of nuclear power plants, it cooperated closely with IAEA to ensure full compliance with IAEA standards.</s>
        <s id="92:6" lang="en">It had also contributed to the work of IAEA as a member of its Board of Governors from 2013-2015 and served as the Chair of that Board for the 2013-2014 period.</s>
      </p>
      <p id="93">
        <s id="93:1" lang="en">80. Mr. Diallo (Senegal) said that despite progress made at the bilateral level through the conclusion of the New START treaty, nuclear proliferation continued to threaten international peace and security because of the persistence of the arms face and the absence of political will to put an end to it.</s>
        <s id="93:2" lang="en">Senegal was in favour of the total eradication of all military nuclear activities and welcomed the adoption of General Assembly resolution 68/32; it looked forward to the implementation of the proposal to convene a United Nations high-level international conference on nuclear disarmament in 2018.</s>
        <s id="93:3" lang="en">Efforts must be made to strengthen the authority of the Treaty, through respect for the commitments made.</s>
        <s id="93:4" lang="en">The nuclear-weapon States, or States which based their security policy on nuclear deterrence, must adopt a consensual approach, even though nuclear disarmament remained a gradual and progressive process, in parallel with non-proliferation efforts.</s>
        <s id="93:5" lang="en">The universalization of the Treaty, and the entry into force of CTBT, as well as the conclusion of a fissile material cut-off treaty, were key milestones along the route to general and complete disarmament.</s>
      </p>
      <p id="94">
        <s id="94:1" lang="en">81. With regard to nuclear non-proliferation, efforts should take place within the multilateral framework of the United Nations, on the basis of consensus.</s>
        <s id="94:2" lang="en">Senegal had ratified the major instruments of the international nuclear non-proliferation and nuclear security regime and was also in compliance with its obligations under Security Council resolution 1540 (2004).</s>
        <s id="94:3" lang="en">It was a signatory to the to the 2007 Algiers Declaration on nuclear security in Africa and welcomed the outcome of the 2014 Nuclear Security Summit at The Hague.</s>
      </p>
      <p id="95">
        <s id="95:1" lang="en">82. In order to strengthen the non-proliferation regime, it was essential to strengthen the monitoring capacity of IAEA.</s>
        <s id="95:2" lang="en">The additional protocol to the comprehensive safeguards agreement, which allowed for in-depth inspections with shorter advance notice, should be universalized.</s>
        <s id="95:3" lang="en">Cooperation and partnership should be developed between the African Union, the United Nations and IAEA for nuclear technology transfer for peaceful purposes, which had the potential to be an economic catalyst for the countries of the South.</s>
        <s id="95:4" lang="en">Support needed to be provided in strengthening institutional, human and technological capacities, especially in the sectors of energy, health, industry, agriculture and related activities.</s>
        <s id="95:5" lang="en">A transparent international regime needed to be established, based on trust.</s>
      </p>
      <p id="96">
        <s id="96:1" lang="en">83. He welcomed the entry into force in 2009 of the Treaty of Pelindaba that made Africa a nuclear-weapon-free zone.</s>
        <s id="96:2" lang="en">It was regrettable that the planned 2012 conference on the establishment of a Middle East zone free of nuclear weapons and all other weapons of mass destruction had not yet taken place.</s>
      </p>
      <p id="97">
        <s id="97:1" lang="en">84. Mr. Baeidinejad (Islamic Republic of Iran) said that in order to promote the universality and full implementation of the Treaty, concrete substantive recommendations needed to be formulated, which could include the recommendations made in the outcomes of the 1995 and 2010 review conferences.</s>
        <s id="97:2" lang="en">Nuclear disarmament leading to a nuclear-weapon-free world continued to be the essential objective of the Treaty, and nuclear-weapon States had primary responsibility in that regard.</s>
        <s id="97:3" lang="en">It was a source of grave concern that almost 45 years after the entry into force of the Treaty, no single serious step had been taken by those States towards fulfilling their obligations.</s>
        <s id="97:4" lang="en">Instead, they continued to develop new types of nuclear weapons, modernize their existing weapons, and include them in their military and security doctrines, and were assisting some non parties to the Treaty in developing nuclear weapons by transferring nuclear equipment, materials and know-how, and they were refusing even to begin negotiations on disarmament.</s>
        <s id="97:5" lang="en">Such activities undermined the objectives of the Treaty and jeopardized its integrity and credibility.</s>
        <s id="97:6" lang="en">Nuclear-weapon States must demonstrate genuine political will in support of negotiations on nuclear disarmament by adopting practical nuclear disarmament measures, including commencement of the dismantling of their nuclear arsenals.</s>
      </p>
      <p id="98">
        <s id="98:1" lang="en">85. The 2015 Review Conference should take advantage of the momentum created by the 2013 High-level meeting of the General Assembly on nuclear disarmament, which had demonstrated once again that the total elimination of nuclear weapons remained the highest priority.</s>
        <s id="98:2" lang="en">General Assembly resolution 68/32, which incorporated the proposals submitted to that meeting by his country&apos;s President on behalf of the Non-Aligned Movement, represented an appropriate road map to direct all international efforts on nuclear disarmament.</s>
        <s id="98:3" lang="en">He called for the Conference on Disarmament to agree on a comprehensive and balanced programme of work that would provide for the urgent commencement of negotiations on a comprehensive convention on nuclear weapons.</s>
      </p>
      <p id="99">
        <s id="99:1" lang="en">86. The Committee should make strong recommendations regarding universalization of the Treaty, which was particularly important in such volatile regions as the Middle East, where the nuclear weapons of the only non-party to the Treaty in the region posed a serious and continuing threat to the security of neighbouring and other States and remained the only obstacle to the establishment of a nuclear-weapon-free zone therein.</s>
        <s id="99:2" lang="en">Although the 2010 action plan had been a long-overdue step forward in implementation of the 1995 Resolution on the Middle East, Israel&apos;s refusal to participate in the planned 2012 conference on the establishment of a nuclear-weapon-free zone in the Middle East, despite the readiness of all the countries of the region, constituted an act of defiance to the Treaty and the international community and seriously challenged the implementation of the Resolution.</s>
        <s id="99:3" lang="en">At the same time, the conveners could not be exonerated from their responsibility with regard to the implementation of the Resolution.</s>
        <s id="99:4" lang="en">An agreed plan of action and timetable for universalization of the Treaty in the Middle East should be one of the main priorities of the 2015 Review Conference.</s>
      </p>
      <p id="100">
        <s id="100:1" lang="en">87. Realization of the inalienable right of all parties to the Treaty to the peaceful use of nuclear energy was one of the fundamental objectives of the Treaty.</s>
        <s id="100:2" lang="en">It required full compliance of all parties in promoting the peaceful uses of nuclear energy and their right to participate in the fullest possible exchange of equipment, materials and scientific and technological information, as well as technical cooperation among States and between States and international organizations.</s>
        <s id="100:3" lang="en">All States parties, in particular developed countries, had an obligation to fully respect that right and facilitate its realization.</s>
        <s id="100:4" lang="en">The review conferences had all reaffirmed the sovereign right of each State party to define its national nuclear energy policy, including its fuel-cycle policy, which should be respected by all other States parties to the Treaty.</s>
      </p>
      <p id="101">
        <s id="101:1" lang="en">88. Ms. Mørch Smith (Norway) said that the primary task of the 2015 Review Conference would be to achieve a broad-based understanding of how to address nuclear threats and how to facilitate the peaceful application of nuclear energy.</s>
        <s id="101:2" lang="en">The two international conferences on the humanitarian impact of nuclear weapons hosted by her country in 2013, and by Mexico in 2014, had reinforced awareness that no State or international body would be able to address the immediate humanitarian emergency that would follow a nuclear detonation.</s>
        <s id="101:3" lang="en">The broad and active participation of many States and of a wide range of stakeholders at the two conferences had reflected the recognition that the catastrophic effects of a nuclear detonation were an issue of concern and relevance to everyone.</s>
        <s id="101:4" lang="en">The third conference would facilitate further discussions on the humanitarian perspective in the run-up to the 2015 review conference.</s>
      </p>
      <p id="102">
        <s id="102:1" lang="en">89. The violation of the 1994 Budapest Memorandum entailed by Russia&apos;s illegal annexation of the Crimean peninsula was a major setback to the promotion of nuclear non-proliferation and could have significant consequences with regard to negative security assurances.</s>
      </p>
      <p id="103">
        <s id="103:1" lang="en">90. Nuclear disarmament depended on full confidence that no one could circumvent the</s>
      </p>
      <p id="104">
        <s id="104:1" lang="en">non-proliferation regime.</s>
        <s id="104:2" lang="en">The ongoing negotiations between the 5 + 1 group and the Islamic Republic of Iran, and the agreement reached between that country and IAEA, were promising; IAEA would play a key role in verifying a future long-term agreement.</s>
        <s id="104:3" lang="en">She urged the Islamic Republic of Iran to resolve outstanding issues related to its nuclear programme.</s>
        <s id="104:4" lang="en">Her country strongly condemned the nuclear and missile tests carried out by the Democratic People&apos;s Republic of Korea.</s>
      </p>
      <p id="105">
        <s id="105:1" lang="en">91. The New START Treaty was a welcome first step towards further disarmament, which should cover all categories of weapons and involve all nuclear-weapon States, and should be based on the principles of transparency, verification and irreversibility.</s>
        <s id="105:2" lang="en">Verification was crucial; Norway would continue to support the development of reliable verification systems, such as the United Kingdom -- Norway Initiative on the Verification of Nuclear Warhead Dismantlement .</s>
        <s id="105:3" lang="en">The IAEA comprehensive safeguards agreements and additional protocol protected collective security and facilitated peaceful uses of nuclear energy; they should be applicable to all States.</s>
        <s id="105:4" lang="en">Efforts should also be intensified to reinforce existing regional nuclear-weapon-free zones and make real progress on the entry into force of CTBT.</s>
        <s id="105:5" lang="en">Efforts to secure all sensitive nuclear material and to develop international cooperation on fuel cycles should be continued, and work towards a fissile material cut-off treaty should be intensified, while reducing existing stockpiles.</s>
        <s id="105:6" lang="en">Security Council resolution 1540 (2004) must be fully implemented.</s>
        <s id="105:7" lang="en">All countries had a joint responsibility to move forward on all three pillars of the Treaty and create conditions for a world without nuclear weapons.</s>
        <s id="105:8" lang="en">Civil society, including non-governmental organizations and academia, were key partners in that endeavour.</s>
      </p>
      <p id="106">
        <s id="106:1" lang="en">92. Mr. León González (Cuba) said that Cuba attached great importance to nuclear disarmament.</s>
        <s id="106:2" lang="en">The only realistic solution to the nuclear threat was the complete elimination and prohibition of nuclear weapons.</s>
        <s id="106:3" lang="en">The issue had been on the agenda of the General Assembly since 1946, and the great majority of Member States were urging the adoption without delay of a convention on nuclear disarmament that would establish legally binding measures to eliminate and completely prohibit nuclear weapons within a given time period.</s>
      </p>
      <p id="107">
        <s id="107:1" lang="en">93. The Treaty on the Non-Proliferation of Nuclear Weapons set out clear legal obligations on nuclear disarmament, in article VI. Unfortunately, 46 years after its adoption, that article had still not been implemented.</s>
        <s id="107:2" lang="en">The majority of nuclear-weapon States were opposed to initiating negotiations to eliminate and ban nuclear weapons, clinging to the alleged power the possession of such weapons gave them, even though history and scientific research had demonstrated that using the power of the atom as a weapon of war would lead to genocide and the annihilation of life on the planet.</s>
      </p>
      <p id="108">
        <s id="108:1" lang="en">94. The agreements adopted at the 1995, 2000 and 2010 Review Conferences had not been fulfilled owing to a lack of political will among several States, including certain nuclear-weapon States and others that believed themselves to be under the protection of the so-called &quot;nuclear umbrella&quot;.</s>
        <s id="108:2" lang="en">The reasons for the impasse and the means to overcome it should be the focus of discussions so that the 2015 Review Conference would yield practical and concrete results and the agreements adopted by States would no longer remain lost in history.</s>
      </p>
      <p id="109">
        <s id="109:1" lang="en">95. The Treaty&apos;s legitimacy and effectiveness depended on implementation of its three pillars in a balanced and non-discriminatory manner.</s>
        <s id="109:2" lang="en">His delegation opposed the unilateral measures imposed by certain countries as well as the interference of the Security Council in the mandate granted in the Treaty to IAEA as the sole authority with competence to monitor the implementation of the commitments undertaken, by means of the safeguards agreements signed by Member States.</s>
      </p>
      <p id="110">
        <s id="110:1" lang="en">96. His delegation reaffirmed the inalienable right of States to develop research, production and use of nuclear energy for peaceful purposes without discrimination and in line with the Treaty.</s>
        <s id="110:2" lang="en">It also reaffirmed the need for all States parties to participate in the exchange of equipment, material and information for the peaceful use of nuclear energy.</s>
      </p>
      <p id="111">
        <s id="111:1" lang="en">97. His Government was deeply concerned that nuclear deterrence remained an essential part of the defence and security doctrines of some States and that substantial funds were being dedicated to the development of new types of nuclear weapons.</s>
        <s id="111:2" lang="en">Discussions of the post-2015 development agenda should recognize that the colossal global military spending, which included the costs of production and improvement of nuclear weapons, was a fundamental misuse of international resources that could be used to promote development and definitively eradicate poverty.</s>
      </p>
      <p id="112">
        <s id="112:1" lang="en">98. Non-nuclear-weapon States needed to receive assurances from nuclear-weapon States against the use or threat of use of nuclear weapons.</s>
        <s id="112:2" lang="en">Pending the total elimination of nuclear weapons, a universal, unconditional and legally binding instrument on security assurances for non-nuclear-weapon States should be adopted as a matter of priority.</s>
      </p>
      <p id="113">
        <s id="113:1" lang="en">99. The failure to convene a conference on the establishment of a Middle East zone free of nuclear weapons and all other weapons of mass destruction was unacceptable, as the convening of the conference was an important and integral outcome of the 2010 Review Conference.</s>
        <s id="113:2" lang="en">The establishment of that zone would represent significant progress towards nuclear disarmament as well as a major step forward in the Middle East peace process.</s>
        <s id="113:3" lang="en">The conference should be convened without delay in 2014.</s>
      </p>
      <p id="114">
        <s id="114:1" lang="en">100. At the second Summit of the Community of Latin American and Caribbean States (CELAC), held in Havana, the Heads of State and Government of Latin America and the Caribbean had reaffirmed the importance of nuclear disarmament and renewed their firm commitment to adopting concrete measures to eliminate and prohibit nuclear weapons.</s>
        <s id="114:2" lang="en">The declaration of Latin America and the Caribbean as a nuclear-weapon-free zone in the Treaty for the Prohibition of Nuclear Weapons in Latin America (Tlatelolco Treaty) had been further strengthened.</s>
        <s id="114:3" lang="en">The CELAC leaders had formally declared Latin America and the Caribbean as a Zone of Peace, which included nuclear disarmament as a component.</s>
      </p>
      <p id="115">
        <s id="115:1" lang="en">The meeting rose at 1 p.m.</s>
      </p>
    </body>
  </text>
</TEI.2>
