<?xml version="1.0" encoding="utf-8"?>
<TEI.2>
  <teiHeader>
    <fileDesc>
      <titleStmt>
        <title>The United Nations Parallel Corpus v1.0 - NPT/CONF.2015/PC.III/SR.6</title>
      </titleStmt>
      <publicationStmt>
        <publisher>United Nations DGACM</publisher>
        <pubPlace>New York</pubPlace>
        <date>20140430</date>
        <idno type="symbol">NPT/CONF.2015/PC.III/SR.6</idno>
        <idno type="jobno">N1431648</idno>
        <availability>
          <p>The following disclaimer, an integral part of the United Nations Parallel Corpus v1.0, 
             shall be respected in regard to the Corpus v1.0 (no other restrictions apply):</p>

          <p>The United Nations Parallel Corpus is made available without warranty of any kind, 
             explicit or implied. The United Nations specifically makes no warranties or 
             representations as to the accuracy or completeness of the information contained in 
             the United Nations corpus.</p>

          <p>Under no circumstances shall the United Nations be liable for any loss, liability,
             injury or damage incurred or suffered that is claimed to have resulted from the use
             of the United Nations Corpus. The use of the United Nations Corpus is at the user's 
             sole risk. The user specifically acknowledges and agrees that the United Nations is 
             not liable for the conduct of any user. If the user is dissatisfied with any of the 
             material provided in the United Nations Corpus, the users's sole and exclusive remedy 
             is to discontinue using the United Nations Corpus.</p>

          <p>When using the United Nations Corpus, the user must acknowledge the United Nations as the
             source of the information. For references, please use this reference:
             Ziemski, M., Junczys-Dowmunt, M., and Pouliquen, B. (2016) The United Nations
             Parallel Corpus, Language Resources and Evaluation (LREC’16), Portorož, Slovenia, 
             May 2016.</p>

          <p>Nothing herein shall constitute or be considered to be a limitation upon or waiver,
             express or implied, of the privileges and immunities of the United Nations, which
             are specifically reserved.</p>
        </availability>
        <distributor>http://conferences.unite.un.org/UNCorpus</distributor>
      </publicationStmt>
      <sourceDesc>
        <p>http://www.un.org/en/official-documents-system-search/index.html</p>
      </sourceDesc>
    </fileDesc>
    <profileDesc>
      <langUsage>
        <language ident="en">English</language>
      </langUsage>
    </profileDesc>
  </teiHeader>
  <text>
    <body>
      <p id="1">
        <s id="1:1" lang="en">Third session</s>
      </p>
      <p id="2">
        <s id="2:1" lang="en">New York, 28 April-9 May 2014</s>
      </p>
      <p id="3">
        <s id="3:1" lang="en">* No summary record was prepared for the rest of the meeting.</s>
      </p>
      <p id="4">
        <s id="4:1" lang="en">Summary record (partial)* of the 6th meeting</s>
      </p>
      <p id="5">
        <s id="5:1" lang="en">Held at Headquarters, New York, on Wednesday, 30 April 2014, at 3 p.m.</s>
      </p>
      <p id="6">
        <s id="6:1" lang="en">Chair: Mr. Román-Morey (Peru)</s>
      </p>
      <p id="7">
        <s id="7:1" lang="en">Contents</s>
      </p>
      <p id="8">
        <s id="8:1" lang="en">General debate on issues related to all aspects of the work of the Preparatory Committee (continued)</s>
      </p>
      <p id="9">
        <s id="9:1" lang="en">The meeting was called to order at 3 p.m.</s>
      </p>
      <p id="10">
        <s id="10:1" lang="en">1. Mr. O&apos;Reilly (Ireland) said that the main challenge faced by the Treaty on the Non-Proliferation of Nuclear Weapons was the declared nuclear weapons programme of the Democratic People&apos;s Republic of Korea, a State that purported to have withdrawn from the Treaty and now sought to justify its pursuit of nuclear weapons using the same deterrence arguments advanced by the nuclear- weapon States.</s>
        <s id="10:2" lang="en">Nuclear deterrence could not justify the retention or acquisition of those inhumane weapons, which were exacerbating tensions on the Korean peninsula and gave rise to intractable problems in other regions.</s>
        <s id="10:3" lang="en">His delegation welcomed recent progress in efforts to resolve issues regarding the nuclear programme of the Islamic Republic of Iran and supported the efforts of the International Atomic Energy Agency (IAEA) to address proliferation concerns regarding the Syrian Arab Republic</s>
      </p>
      <p id="11">
        <s id="11:1" lang="en">2. In the absence of any progress in elaborating effective disarmament measures, the Treaty&apos;s third pillar concerning nuclear energy for peaceful purposes was the only benefit available to non-nuclear- weapon States.</s>
        <s id="11:2" lang="en">The Peaceful Uses Initiative of IAEA had a key role to play in combating cancer and in other health-related fields.</s>
        <s id="11:3" lang="en">Ireland had made an extrabudgetary voluntary contribution to that Initiative in 2013, specifically for the Programme of Action for Cancer Therapy.</s>
        <s id="11:4" lang="en">The Treaty was not inherently discriminatory but its fitness for purpose as a driver of nonproliferation efforts and a guarantor of peaceful uses of nuclear energy had been compromised by decades of failure to honour the bargain at its heart.</s>
        <s id="11:5" lang="en">Non-nuclear-weapon States had launched such initiatives as the High-level meeting of the General Assembly on nuclear disarmament and the open-ended working group on nuclear disarmament.</s>
        <s id="11:6" lang="en">The two international conferences on the humanitarian impact of nuclear weapons had revealed the profound lack of capacity at any national or international level to respond to the suffering and death that would result for innocent civilian populations.</s>
        <s id="11:7" lang="en">Moreover, despite repeated assurances of no first use, the peacetime risks associated with the possession and retention of nuclear weapons were arguably growing.</s>
        <s id="11:8" lang="en">Responsible governments were obliged to protect the health and welfare of their citizens.</s>
      </p>
      <p id="12">
        <s id="12:1" lang="en">3. States faced stark policy choices which could no longer be avoided.</s>
        <s id="12:2" lang="en">Article VI of the Treaty required States that had signed and ratified it to take effective measures for disarmament.</s>
        <s id="12:3" lang="en">It was surprising that after half a century there was still a need to call upon States to engage in discussions on such measures.</s>
        <s id="12:4" lang="en">The options set out in the working paper of the New Agenda Coalition were entirely consistent with article VI and with action 1 of the 2010 action plan.</s>
        <s id="12:5" lang="en">States should commence discussions to make good on their commitment to a world without nuclear weapons.</s>
      </p>
      <p id="13">
        <s id="13:1" lang="en">4. Mr. Sarki (Nigeria) said that there was a moral imperative to avert the catastrophic humanitarian consequences of any use of nuclear weapons, which would doom the entire planet.</s>
        <s id="13:2" lang="en">In that regard, his delegation stressed that nuclear disarmament remained the only effective path to non-proliferation As a member of the de-alerting group and of the NonProliferation and Disarmament Initiative (NPDI), Nigeria supported all nuclear disarmament and nonproliferation initiatives, including increased transparency and the de-alerting of the operational readiness of nuclear weapons, the entry into force of the Comprehensive Test Ban Treaty (CTBT) and attempts to negotiate a fissile material cut-off treaty (FMCT).</s>
        <s id="13:3" lang="en">Nigeria had also participated in the High-level meeting of the General Assembly on nuclear disarmament and in the two international conferences on the humanitarian impact of nuclear weapons.</s>
      </p>
      <p id="14">
        <s id="14:1" lang="en">5. The implementation of the action plan adopted at the 2010 Review Conference remained a good basis for deliberations.</s>
        <s id="14:2" lang="en">As a confidence-building measure, expectations should not be lowered and agreed terms should not be altered ahead of the 2015 Review Conference.</s>
        <s id="14:3" lang="en">Although nuclear-weapon States had made attempts to reduce their stockpiles, they needed to undertake the total elimination of their nuclear arsenals and comply with their obligations under article VI of the Treaty.</s>
        <s id="14:4" lang="en">In the meantime, the minimum expectation was that they should provide legally binding negative security assurances to non-nuclear-weapon States.</s>
      </p>
      <p id="15">
        <s id="15:1" lang="en">6. The establishment of nuclear-weapon-free zones helped prevent vertical and horizontal proliferation and ensured transparency.</s>
        <s id="15:2" lang="en">Nigeria supported the entry into force of the 2009 Treaty of Pelindaba.</s>
        <s id="15:3" lang="en">It called for the conference on the establishment of a Middle East zone free of nuclear weapons and all other weapons of mass destruction to be held as planned in 2014.</s>
      </p>
      <p id="16">
        <s id="16:1" lang="en">7. Nigeria supported the protection of the inalienable right of all States parties to the use of nuclear energy for peaceful purposes.</s>
        <s id="16:2" lang="en">While continuing its efforts to meet basic human needs in many areas, IAEA should work with all member States to implement its Action Plan on Nuclear Safety.</s>
        <s id="16:3" lang="en">Nigeria operated research facilities and had benefited from the Agency&apos;s Technical Cooperation Programme.</s>
      </p>
      <p id="17">
        <s id="17:1" lang="en">8. Continued incidences of trafficking in nuclear materials were a reminder that no nation would be safe in the event of an act of nuclear terrorism.</s>
        <s id="17:2" lang="en">Nigeria had taken steps towards ratifying the International Convention for the Suppression of Acts of Nuclear Terrorism.</s>
        <s id="17:3" lang="en">It called upon States which had not yet done so to become parties to the Treaty on the NonProliferation of Nuclear Weapons and place all existing nuclear facilities under IAEA full-scope safeguards.</s>
      </p>
      <p id="18">
        <s id="18:1" lang="en">9. Mr. Sadykov (Kazakhstan) said that the Treaty on the Non-Proliferation of Nuclear Weapons had yet to fulfil its potential.</s>
        <s id="18:2" lang="en">It was vital to ensure the balanced implementation by all States parties of their obligations under all the three pillars of the Treaty.</s>
        <s id="18:3" lang="en">Unfortunately, despite commitments to nuclear disarmament, there were still enough nuclear weapons to destroy life on earth several times over.</s>
        <s id="18:4" lang="en">Four States which had possessed nuclear weapons in the past, namely, Belarus, Kazakhstan, South Africa and Ukraine, had already renounced their nuclear weapons.</s>
        <s id="18:5" lang="en">Only rapid and full nuclear disarmament would guarantee nonproliferation and global security.</s>
        <s id="18:6" lang="en">Kazakhstan supported the adoption of a universal declaration on the achievement of a nuclear weapon-free world, which would promote the advancement of a convention on the total prohibition of nuclear weapons.</s>
      </p>
      <p id="19">
        <s id="19:1" lang="en">10. The year 2014 marked the twenty-fifth anniversary of the establishment of the Nevada-Semipalatinsk anti-nuclear movement that sought to eliminate the nuclear threat not only in Kazakhstan but also worldwide.</s>
        <s id="19:2" lang="en">On 29 August 1991, the Semipalatinsk nuclear test site had been closed by presidential decree.</s>
        <s id="19:3" lang="en">To commemorate the event, an international antinuclear conference would be organized in Semipalatinsk. 2014 also marked the fifth anniversary of the adoption of General Assembly resolution 64/35, introduced by Kazakhstan, which had designated 29 August as the International Day against Nuclear Tests.</s>
        <s id="19:4" lang="en">All countries should take steps to implement the resolution, including by organizing conferences and seminars with the participation of young people, the media and non-governmental organizations, and by promoting the international &quot;ATOM&quot; project that called upon Governments to renounce nuclear testing and ensure the early entry into forces of CTBT.</s>
      </p>
      <p id="20">
        <s id="20:1" lang="en">11. The recent Nuclear Security Summits had strengthened the non-proliferation regime, boosted international security and reduced the risk of nuclear materials falling into the hands of terrorists.</s>
        <s id="20:2" lang="en">A fissile material cut-off treaty, combined with CTBT, would become one of the main pillars of the non-proliferation regime.</s>
        <s id="20:3" lang="en">Kazakhstan was participating in the Group of governmental experts to prepare recommendations on the fissile material cut-off treaty.</s>
      </p>
      <p id="21">
        <s id="21:1" lang="en">12. His Government strongly believed that nuclear-weapon-free zones contributed to non-proliferation and global security.</s>
        <s id="21:2" lang="en">Member States in such zones were entitled to receive legally binding negative security assurances from the nuclear-weapon States.</s>
        <s id="21:3" lang="en">In March 2009, the whole of Central Asia had become a nuclear-weapon-free zone, and it was hoped that the five nuclear-weapon States would sign the protocol on negative security assurances to the Semipalatinsk Treaty.</s>
        <s id="21:4" lang="en">It was regrettable that, despite the decisions of the 2010 Review Conference, no conference had yet been convened to establish a Middle East zone free of nuclear weapons and all other weapons of mass destruction; his delegation hoped that with political will, and trust among countries of the region, the situation would be resolved.</s>
      </p>
      <p id="22">
        <s id="22:1" lang="en">13. Measures intended to prevent the proliferation of nuclear weapons should not curtail the inalienable right of States parties to the Treaty to develop peaceful nuclear programmes, in strict compliance with IAEA requirements, and to participate in the exchange of technology and experience in a non-discriminatory and transparent manner.</s>
        <s id="22:2" lang="en">Kazakhstan planned to develop its own nuclear fuel cycle and build new nuclear power plants.</s>
        <s id="22:3" lang="en">It intended to work closely with IAEA on the Peaceful Uses Initiative and the Nuclear Security Fund, and make voluntary contributions to IAEA activities.</s>
        <s id="22:4" lang="en">It was also engaged in negotiations for locating an international low-enriched uranium bank in Kazakhstan.</s>
        <s id="22:5" lang="en">There had been welcome progress in the negotiations between the 5+1 countries and the Islamic Republic of Iran on the subject of that country&apos;s nuclear programme.</s>
        <s id="22:6" lang="en">Kazakhstan had hosted two rounds of the negotiations in 2013 and was ready to assist future deliberations.</s>
      </p>
      <p id="23">
        <s id="23:1" lang="en">14. Mr. Charles (Trinidad and Tobago) said that Trinidad and Tobago firmly believed that the use or threat of use of nuclear weapons constituted a crime against humanity and a violation of international law, including international humanitarian law, and of the Charter of the United Nations.</s>
        <s id="23:2" lang="en">Four decades after the entry into force of the Treaty on the Non-Proliferation of Nuclear Weapons, it was time to make key decisions about the place of nuclear power in the world and to draw a clear line between nuclear activities that were permitted and those that were prohibited.</s>
        <s id="23:3" lang="en">Trinidad and Tobago engaged in multilateral cooperation in the areas of non-proliferation, disarmament and the peaceful use of nuclear energy and called upon all the nuclear-weapon States to comply with resolution 1540 (2004) and honour their obligations under the Treaty.</s>
        <s id="23:4" lang="en">It was proud to be a member of the nuclear-weapon-free zone in Latin America and the Caribbean, established under the Treaty of Tlateloco.</s>
      </p>
      <p id="24">
        <s id="24:1" lang="en">15. Trinidad and Tobago was one of the oldest hydrocarbon producers in the world; domestic demand for radioactive sources had grown as the use of radiation in medical and industrial applications had increased.</s>
        <s id="24:2" lang="en">As a result, Trinidad and Tobago had become a member of IAEA in 2012 and had launched a programme to ensure that its laws and regulations were in line with the Agency&apos;s safety standards, including the emergency preparedness requirements.</s>
        <s id="24:3" lang="en">His Government was nevertheless gravely concerned about the use of the Caribbean sea as a route for the transportation of nuclear and hazardous waste, which could have cataclysmic consequences in the event of an accident, and called upon the States involved to enhance their dialogue with member States of the Caribbean Community.</s>
      </p>
      <p id="25">
        <s id="25:1" lang="en">16. His delegation encouraged all States that had not yet done so to become parties to the Treaty and urged nuclear-weapon States to honour their disarmament obligations under Article VI. Trinidad and Tobago had participated in the international conferences on the humanitarian impact of nuclear weapons and supported the initiation of a diplomatic process for negotiating a legally binding instrument banning nuclear weapons.</s>
      </p>
      <p id="26">
        <s id="26:1" lang="en">17. Mr. Mwinyi (United Republic of Tanzania) said that nuclear disarmament should have been achieved long ago but instead the proliferation of nuclear weapons had continued.</s>
        <s id="26:2" lang="en">That course had to be reversed.</s>
        <s id="26:3" lang="en">The catastrophic humanitarian consequences of a nuclear detonation would spread across borders and would have dire effects on human survival and on an increasingly fragile ecosystem, and could potentially destroy the world.</s>
        <s id="26:4" lang="en">The only solution was the total elimination of nuclear weapons, which should never again be used, under any circumstances.</s>
        <s id="26:5" lang="en">A legal instrument was therefore needed to strengthen the Treaty by prohibiting the possession and use of nuclear weapons while also creating the conditions for general and complete disarmament as a longer-term goal.</s>
        <s id="26:6" lang="en">For nuclear-weapon States, reducing their arsenals and eventually completely destroying their stockpiles were a moral imperative.</s>
        <s id="26:7" lang="en">The basic principle was the sanctity of human life.</s>
      </p>
      <p id="27">
        <s id="27:1" lang="en">18. The United Republic of Tanzania and other countries in the subregion had no desire to possess nuclear weapons.</s>
        <s id="27:2" lang="en">Like most countries of Africa, they were recurrent victims of small arms and light weapons.</s>
        <s id="27:3" lang="en">His Government was a party to several regional and international instruments relating to disarmament and arms control aimed at the reduction and eradication of nuclear, chemical and biological weapons, and control of the illicit proliferation of small arms and light weapons.</s>
      </p>
      <p id="28">
        <s id="28:1" lang="en">19. The slow pace of nuclear disarmament weakened the non-proliferation regime; both objectives should be pursued simultaneously as they were closely related and mutually reinforcing.</s>
        <s id="28:2" lang="en">One factor hindering complete disarmament was the delayed entry into force of CTBT.</s>
        <s id="28:3" lang="en">All nuclear-weapon States must end their programmes and make it possible to achieve a nuclear free world.</s>
      </p>
      <p id="29">
        <s id="29:1" lang="en">20. It was important for the Treaty to be implemented in an effective and balanced manner.</s>
        <s id="29:2" lang="en">IAEA had a key role to play in the creation of a favourable environment for nuclear energy production and cooperation and should provide developing countries such as his own country with education on nuclear technology and other assistance, on an equal basis, without any discrimination.</s>
        <s id="29:3" lang="en">Countries which possessed nuclear arsenals must comply with the Treaty without any preconditions.</s>
      </p>
      <p id="30">
        <s id="30:1" lang="en">21. The establishment of nuclear-weapon-free zones was a valuable contribution to international peace and security; all nuclear-weapon States should ratify treaties and related protocols without reservations.</s>
        <s id="30:2" lang="en">His country was a party to the African Nuclear-Weapon-Free Zone Treaty.</s>
        <s id="30:3" lang="en">It supported the call for the establishment of a nuclear-weapon-free zone in the Middle East, which would not only contribute to peace and stability in that region but also benefit the entire international community.</s>
      </p>
      <p id="31">
        <s id="31:1" lang="en">22. Ms. Richards (Jamaica) said that, on the eve of the 2015 Review Conference, the international community was faced with the sobering reality of very limited progress made in the implementation of the 2010 action plan.</s>
        <s id="31:2" lang="en">Her delegation fully shared the concerns expressed regarding the continued failure to accord equal attention to all three pillars of the Treaty.</s>
        <s id="31:3" lang="en">The attitude of the nuclear-weapon States towards their legal obligations, and the continued significance of nuclear weapons in their national security and alliance doctrines, were equally troubling.</s>
        <s id="31:4" lang="en">At the same time, nuclear-weapon States and States remaining outside the Treaty continued to develop and modernize their nuclear arsenals, further threatening international peace and security, all of which jeopardized the delicate balance of the disarmament and non-proliferation objectives envisaged by the Treaty.</s>
      </p>
      <p id="32">
        <s id="32:1" lang="en">23. It was essential for the &quot;grand bargain&quot; which had made possible the adoption of the Treaty to be implemented in both letter and spirit.</s>
        <s id="32:2" lang="en">Nuclear-weapon States must comply fully with their obligations and commitments under article VI of the Treaty, and take prompt and effective measures to pursue the goal of full and verifiable disarmament in a time-bound framework.</s>
        <s id="32:3" lang="en">They must enhance transparency, as an essential confidence-building measure.</s>
        <s id="32:4" lang="en">Jamaica strongly supported the call for the early conclusion of a comprehensive nuclear weapons convention and for a follow-up conference by 2018, in accordance with General Assembly resolution 68/32.</s>
      </p>
      <p id="33">
        <s id="33:1" lang="en">24. Her Government was deeply concerned about the catastrophic humanitarian consequences that would result from a nuclear detonation, whether accidental or deliberate.</s>
        <s id="33:2" lang="en">It looked forward to the next international conference on the humanitarian impact of nuclear weapons, to be convened at the end of 2014.</s>
      </p>
      <p id="34">
        <s id="34:1" lang="en">25. As one of the earliest signatories to the Treaty of Tlateloloco, her country had long recognized the vital role that nuclear-weapon-free-zones could play in strengthening regional and international security through confidence-building.</s>
        <s id="34:2" lang="en">In that connection, it regretted the postponement of the conference on the establishment of a Middle East zone free of nuclear weapons and all other weapons of mass destruction, which must be convened without further delay.</s>
      </p>
      <p id="35">
        <s id="35:1" lang="en">26. While Jamaica recognized and underscored the right of all States to peaceful uses of nuclear technology, in accordance with article IV of the Treaty, it insisted that that right must be exercised in full compliance with the IAEA verification and safeguards provisions.</s>
        <s id="35:2" lang="en">The Agency&apos;s role in providing the necessary monitoring and verification should be respected.</s>
        <s id="35:3" lang="en">In view of the importance of the universality of the Treaty, States which had not yet done so must accede to the Treaty and place their facilities under comprehensive IAEA safeguards.</s>
      </p>
      <p id="36">
        <s id="36:1" lang="en">27. The international community must also recognize the urgency of eliminating the testing of all nuclear weapons and urge ratification by the remaining Annex 2 countries to enable the entry into force of CTBT.</s>
        <s id="36:2" lang="en">Jamaica attached great importance to nuclear security and safety.</s>
        <s id="36:3" lang="en">The Fukushima Daiichi incident had underlined the necessity of ensuring the highest standards of nuclear safety, particularly with regard to transportation of nuclear material.</s>
        <s id="36:4" lang="en">She reiterated her country&apos;s strong opposition to the shipment of nuclear waste through the Caribbean sea, notwithstanding the assurances given in that regard.</s>
        <s id="36:5" lang="en">The dialogue, within the context of IAEA, on strengthening international cooperation in nuclear, radiation, transport and waste safety, was timely and important.</s>
      </p>
      <p id="37">
        <s id="37:1" lang="en">28. Ms. Pucarinho (Portugal) said that the Treaty on the Non-Proliferation of Nuclear Weapons remained the basis of the non-proliferation regime; its three pillars must be equally promoted.</s>
        <s id="37:2" lang="en">Some of the benchmarks of the 2010 action plan were yet to be achieved; renewed commitment and the engagement of all States were required in order to succeed.</s>
        <s id="37:3" lang="en">She called on States that were still not party to the Treaty to accede to it as non-nuclear-weapon States, thereby reinforcing the non-proliferation regime.</s>
        <s id="37:4" lang="en">The start of negotiations on a fissile material cut-off treaty would be an important step forward and would bring an end to the nineteen-year stalemate in the Conference on Disarmament.</s>
        <s id="37:5" lang="en">CTBT was a benchmark that all must aim to attain.</s>
      </p>
      <p id="38">
        <s id="38:1" lang="en">29. With regard to nuclear proliferation, Portugal remained very concerned about the nuclear programmes of the Democratic People&apos;s Republic of Korea and the Syrian Arab Republic.</s>
        <s id="38:2" lang="en">It welcomed the progress made through the Joint Plan of Action and the IAEA negotiation framework with regard to the Islamic Republic of Iran.</s>
        <s id="38:3" lang="en">The IAEA comprehensive safeguards regime, including its additional protocol, was a fundamental instrument in non-proliferation efforts and verification standards.</s>
        <s id="38:4" lang="en">Moreover, the logic of progression established by the Treaty must be retained, as any breach of the safeguards meant a breach of article III and therefore the withdrawal of the rights guaranteed by article IV.</s>
      </p>
      <p id="39">
        <s id="39:1" lang="en">30. The negative assurances created by nuclear-weapon-free zones had added value in the nonproliferation regime; Portugal therefore advocated the establishment of such a zone in the Middle East.</s>
        <s id="39:2" lang="en">Her country supported the inalienable right of all States parties to develop research, production and the use of nuclear energy for peaceful purposes, without discrimination and in conformity with the Treaty.</s>
        <s id="39:3" lang="en">It was vital to keep nuclear energy issues, notably those regarding safety and security, in an inclusive multilateral framework.</s>
        <s id="39:4" lang="en">Portugal was actively engaged in a number of nuclear security initiatives and was convinced that IAEA should have the leading role in that regard.</s>
        <s id="39:5" lang="en">The IAEA Peaceful Uses Initiative, to which her country contributed through the European Union, deserved enhanced attention by all States parties as it supported activities that could otherwise be problematic to pursue.</s>
      </p>
      <p id="40">
        <s id="40:1" lang="en">31. On the eve of the 2015 review conference, a number of remaining global challenges should also be addressed, including cybersecurity, the reliability of early warning systems, the possibility of miscalculation or of a decision based on incorrect information by national command authorities, and the implementation of measures to reduce proliferation risks.</s>
      </p>
      <p id="41">
        <s id="41:1" lang="en">32. Mr. Nyazaliev (Kyrgyz Republic) said that although the Treaty on the Non-Proliferation of Nuclear Weapons faced extraordinary challenges, there were also a number of new opportunities to advance nuclear disarmament and non-proliferation goals, including the 64 specific benchmarks set forth in the 2010 action plan.</s>
        <s id="41:2" lang="en">His delegation looked forward to the reports by States parties, especially the nuclear-weapon States, with respect to concrete actions they had taken or planned to take to reduce all categories of nuclear weapons in a transparent and irreversible fashion.</s>
        <s id="41:3" lang="en">His country attached particular importance to the expeditious ratification and entry into force of CTBT.</s>
      </p>
      <p id="42">
        <s id="42:1" lang="en">33. One of the most promising approaches to disarmament and non-proliferation was the creation of nuclear-weapon-free zones.</s>
        <s id="42:2" lang="en">The Kyrgyz Republic remained hopeful that the nuclear-weapon States would soon provide negative security assurances to parties to the Central Asian Nuclear-Weapon-Free Zone in the form of legally-binding protocols to the Treaty.</s>
        <s id="42:3" lang="en">His delegation shared the concerns about the delay in convening a conference on the establishment of a Middle East zone free of nuclear weapons and all other weapons of mass destruction , and hoped that the conference would take place by the end of 2014.</s>
      </p>
      <p id="43">
        <s id="43:1" lang="en">34. The world had changed significantly in recent years, and new proliferation challenges had emerged.</s>
        <s id="43:2" lang="en">In order to remain viable, the Treaty and the broader regime must adapt to changing circumstances, which included the growing risk of nuclear terrorism.</s>
        <s id="43:3" lang="en">International safeguards and physical protection of nuclear materials and facilities were the first line of defence.</s>
        <s id="43:4" lang="en">In that regard, his country strongly supported the IAEA efforts to strengthen the international safeguards system, including the adoption of the additional protocol as the safeguards standard, as well as efforts to strengthen the Convention on the Physical Protection of Nuclear Material and to implement Security Council resolution 1540 (2004) in order to address the proliferation challenges posed by non-State actors.</s>
        <s id="43:5" lang="en">It welcomed the practical measures identified in the communiqués of the 2010, 2012, and 2014 Nuclear Security Summits.</s>
        <s id="43:6" lang="en">With support from the Organization for Security and Cooperation in Europe (OSCE) and the United Nations, his Government had adopted a national plan of action for implementation of Security Council resolution 1540 (2004).</s>
      </p>
      <p id="44">
        <s id="44:1" lang="en">35. His delegation attached great importance to the issue of mitigating the environmental consequences of uranium mining and associated nuclear fuel cycle activities in the production of nuclear weapons and, in that regard, drew attention to General Assembly resolution 68/218, on the role of the international community in averting the radiation threat in Central Asia.</s>
        <s id="44:2" lang="en">The environmental consequences of activities related to the production of nuclear weapons were an important, but often neglected, dimension of the humanitarian impact of nuclear weapons; the role of education and training as tools to promote disarmament and non-proliferation was another vital but often neglected issue.</s>
      </p>
      <p id="45">
        <s id="45:1" lang="en">36. Mr. Pašić (Bosnia and Herzegovina) said that nuclear weapons remained a major challenge to global peace and stability.</s>
        <s id="45:2" lang="en">As long as nuclear arsenals existed, they would be a threat to security.</s>
        <s id="45:3" lang="en">Despite progress made in the past, new, concrete steps needed to be taken on disarmament and non-proliferation of nuclear weapons.</s>
        <s id="45:4" lang="en">The international community should be more united in efforts to build a safer and more secure world.</s>
        <s id="45:5" lang="en">Notwithstanding obstacles and delays over the past decade, the 2015 Review Conference should provide a good opportunity to make real progress.</s>
        <s id="45:6" lang="en">Bosnia and Herzegovina supported negotiations on nuclear nonproliferation that were transparent, open and in good faith.</s>
        <s id="45:7" lang="en">Furthermore, greater trust was essential between the parties involved; when conflicts threatened regional and global stability, diplomacy and negotiations were the best solution and would enhance mutual trust.</s>
        <s id="45:8" lang="en">The role of nuclear weapons in military doctrines must be reduced.</s>
      </p>
      <p id="46">
        <s id="46:1" lang="en">37. His country stood ready to contribute to international efforts to ensure the universality of the Treaty, to which it had acceded in 1994 as a successor of the former Socialist Federal Republic of Yugoslavia.</s>
        <s id="46:2" lang="en">The Presidency of Bosnia and Herzegovina had adopted a decision on ratification of CTBT in October 2005.</s>
        <s id="46:3" lang="en">His delegation called upon all States parties to work in a spirit of compromise and flexibility to reach a constructive outcome regarding three main pillars of the Treaty, which were mutually reinforcing and must be given equal consideration.</s>
      </p>
      <p id="47">
        <s id="47:1" lang="en">38. Bosnia and Herzegovina welcomed stronger engagement of civil society, including nongovernmental organizations, in nuclear nonproliferation efforts, for only a comprehensive approach and international cooperation could help to bring about stability and security in the world.</s>
      </p>
      <p id="48">
        <s id="48:1" lang="en">39. Mr. Luque Márquez (Ecuador) said that the 2008 Constitution of Ecuador established the country&apos;s commitment to disarmament, and prohibited the use of weapons of mass destruction or of chemical, biological or nuclear weapons, and the import of nuclear and toxic waste into the national territory.</s>
        <s id="48:2" lang="en">For more than half a century, Ecuador had demonstrated its commitment to a world free of nuclear weapons and had participated from the outset in the establishment of a nuclear-weapon-free zone in Latin America and the Caribbean.</s>
        <s id="48:3" lang="en">His delegation reiterated the call by the region&apos;s Heads of State and Government for nuclear-weapon States to withdraw their reservations and unilateral interpretative declarations to the Treaty of Tlatlelolco and respect the nature of that nuclear-weapon-free zone.</s>
        <s id="48:4" lang="en">The expansion of nuclear-weapon-free zones would raise international awareness as to the illegality of nuclear weapons and lay the foundations for a more secure world.</s>
        <s id="48:5" lang="en">His delegation therefore lamented the fact that the conference on the establishment of a Middle East zone free of nuclear weapons and all other weapons of mass destruction had not been held and called for the conference to be convened soon, if possible in 2014, with the participation of all countries of the region.</s>
      </p>
      <p id="49">
        <s id="49:1" lang="en">40. There must be a balance between the three pillars of the Treaty on the Non-Proliferation of Nuclear Weapons.</s>
        <s id="49:2" lang="en">Given the threat to human survival posed by nuclear weapons, the complete prohibition and elimination of such weapons was the only option.</s>
        <s id="49:3" lang="en">Ecuador deplored the lack of progress on the 22 points of the 2010 action plan and the very limited reduction of arsenals by the nuclear-weapon States.</s>
        <s id="49:4" lang="en">It was very disturbing that nuclear-weapon States were continuing to modernize their weapons and delivery systems and had done nothing to reduce the role of nuclear weapons in their military and national security policies or downgrade levels of alert.</s>
        <s id="49:5" lang="en">Moreover, no progress had been made in transparency and confidence-building measures.</s>
        <s id="49:6" lang="en">It was imperative to initiate negotiations on the complete elimination of nuclear weapons, including a convention on the prohibition and destruction of such weapons.</s>
        <s id="49:7" lang="en">As long as nuclear weapons existed, there was a danger of their use or the threat of their use.</s>
        <s id="49:8" lang="en">A universal, legally-binding instrument must be concluded, without further delay, that would provide security assurances to all non-nuclear-weapon States against the use or threat of use of nuclear weapons under any circumstances.</s>
      </p>
      <p id="50">
        <s id="50:1" lang="en">41. Ecuador defended the right of all States to use nuclear energy for peaceful purposes in accordance with the Treaty and to develop their scientific and technological research programmes in a responsible manner.</s>
        <s id="50:2" lang="en">The use of nuclear weapons would have catastrophic humanitarian effects.</s>
        <s id="50:3" lang="en">All States were bound by applicable international law, including international humanitarian and human rights law, His delegation hoped that the nuclear-weapon States would attend the third international conference on the humanitarian impact of nuclear weapons, thereby making amends for their conspicuous absence at previous conferences.</s>
      </p>
      <p id="51">
        <s id="51:1" lang="en">42. Mr. de Macedo Soares (Secretary-General, Agency for the Prohibition of Nuclear Weapons in Latin America and the Caribbean (OPANAL)) said that all 33 member States of OPANAL were parties to the Treaty on the Non-Proliferation of Nuclear Weapons.</s>
        <s id="51:2" lang="en">OPANAL was a full-fledged international organization, established under the Treaty of Tlatelolco, which was responsible for ensuring that States parties fulfilled their obligations, the most important of which was to keep the zone of application of that Treaty free of nuclear weapons.</s>
        <s id="51:3" lang="en">It was also expected to work to advance the goal of nuclear disarmament in every forum and in all other regions.</s>
      </p>
      <p id="52">
        <s id="52:1" lang="en">43. The most recent OPANAL General Conference, held in 2013, had adopted an agenda for action that sought to work with the international community towards the negotiation of a universal legally-binding instrument banning nuclear weapons; urge States to modify or withdraw interpretative declarations made when signing and ratifying protocols to the Treaty of Tlatelolco; and promote concrete actions with other nuclear-weapon-free zones, States, international organizations and non-governmental organizations in order to achieve a world free of nuclear weapons.</s>
        <s id="52:2" lang="en">In that regard, the linkage established with the Community of Latin American and Caribbean States (CELAC) was of special relevance; at its II summit meeting held in January 2014, CELAC had made particular mention of OPANAL in its special declaration on nuclear disarmament.</s>
      </p>
      <p id="53">
        <s id="53:1" lang="en">44. OPANAL also coordinated with the four other nuclear-weapon-free zones and Mongolia, though there was room to exploit further the potential of that cooperation.</s>
        <s id="53:2" lang="en">It was looking forward to working with Indonesia in the preparation of the upcoming third Conference of States parties and signatories of treaties that establish nuclear-weapon-free zones and Mongolia, to be held in 2015.</s>
        <s id="53:3" lang="en">That conference was likely to focus on a number of issues, including the strengthening of nuclear-weapon-free zones, negative security assurances, and the establishment of a Middle East zone free of nuclear weapons and all other weapons of mass destruction.</s>
        <s id="53:4" lang="en">Some 50 years earlier, Latin American and Caribbean countries had embarked on the negotiation of what had become the Treaty of Tlatelolco despite the highly adverse political and strategic conditions in the region that were not conducive to reaching strategic understanding.</s>
        <s id="53:5" lang="en">Despite those odds, a territory larger than 20 million square kilometres with a population of 600 million was now protected from nuclear weapons.</s>
      </p>
      <p id="54">
        <s id="54:1" lang="en">45. Mr. Mahjoub (Arab Atomic Energy Agency) said that the Agency aimed to develop Arab cooperation and build capacity in the peaceful use of nuclear energy among its member States.</s>
        <s id="54:2" lang="en">The Agency was therefore developing a programme for researchers and specialists that included regional conferences.</s>
        <s id="54:3" lang="en">It also paid particular attention to the safety and security of nuclear installations and radioactive sources and monitored all practices with radioactive risks in order to prevent accidents, trafficking and sabotage.</s>
        <s id="54:4" lang="en">The Agency had established a network of monitors to exchange information and experiences, promote coordination and assistance between Arab control bodies, thereby preventing a duplication of efforts, and to address all aspects of nuclear control through training and the promotion of safeguards in line with the specific needs of Arab States.</s>
        <s id="54:5" lang="en">It had also drafted plans for specialized groups to develop a number of areas, including infrastructure, capacity-building, nuclear regulations, depleted waste management and information technology.</s>
        <s id="54:6" lang="en">The Agency had taken positive steps to improve security and safety and had a number of cooperation agreements with China, the Republic of Korea, the European Union, the United States and IAEA.</s>
        <s id="54:7" lang="en">It hoped for further cooperation with all States, which would enable it to promote development in the Arab world.</s>
      </p>
      <p id="55">
        <s id="55:1" lang="en">46. The Arab States sought greater cooperation in order to expand the peaceful use of nuclear energy in health care and for economic and social development.</s>
        <s id="55:2" lang="en">All States had the legitimate right to develop research in nuclear energy and in the production and use thereof, as well as to obtain equipment and technology for peaceful means, pursuant to the Treaty.</s>
        <s id="55:3" lang="en">Some Arab States were developing national programmes to build nuclear power stations and desalination plants.</s>
        <s id="55:4" lang="en">The Agency hoped that the Review Conference would address nuclear safety and security, depleted fuel and radioactive waste and would encourage the safe export of such substances, which would benefit international security in the long term.</s>
      </p>
      <p id="56">
        <s id="56:1" lang="en">47. It was well known that nuclear-weapon-free zones improved security, shored up the nonproliferation regime and promoted disarmament.</s>
        <s id="56:2" lang="en">Yet, while the Arab States had sought since 1995 to establish such a zone in the Middle East, the Resolution on the Middle East had not yet been implemented.</s>
        <s id="56:3" lang="en">States parties should therefore take all necessary measures for its implementation.</s>
        <s id="56:4" lang="en">He expressed concern that the conference on the establishment of a nuclear-weapon-free zone in the Middle East had not yet taken place and called for it to be convened in 2014, which would enhance the chances for success of the 2015 Review Conference.</s>
        <s id="56:5" lang="en">He also called on Israel to comply with international agreements and place all of its nuclear installations under the safeguards regime in order to promote peace and security in the Middle East.</s>
        <s id="56:6" lang="en">Arab States were striving for stability, understanding and development and nuclear energy played a key role in ensuring prosperity.</s>
        <s id="56:7" lang="en">Any exception to the right of all States to enjoy peaceful uses of nuclear energy would weaken the nuclear security regime.</s>
      </p>
      <p id="57">
        <s id="57:1" lang="en">The discussion covered in the summary record ended at 4.45 p.m.</s>
      </p>
    </body>
  </text>
</TEI.2>
