<?xml version="1.0" encoding="utf-8"?>
<TEI.2>
  <teiHeader>
    <fileDesc>
      <titleStmt>
        <title>The United Nations Parallel Corpus v1.0 - NPT/CONF.2015/PC.III/WP.10</title>
      </titleStmt>
      <publicationStmt>
        <publisher>United Nations DGACM</publisher>
        <pubPlace>New York</pubPlace>
        <date>20140319</date>
        <idno type="symbol">NPT/CONF.2015/PC.III/WP.10</idno>
        <idno type="jobno">N1426936</idno>
        <availability>
          <p>The following disclaimer, an integral part of the United Nations Parallel Corpus v1.0, 
             shall be respected in regard to the Corpus v1.0 (no other restrictions apply):</p>

          <p>The United Nations Parallel Corpus is made available without warranty of any kind, 
             explicit or implied. The United Nations specifically makes no warranties or 
             representations as to the accuracy or completeness of the information contained in 
             the United Nations corpus.</p>

          <p>Under no circumstances shall the United Nations be liable for any loss, liability,
             injury or damage incurred or suffered that is claimed to have resulted from the use
             of the United Nations Corpus. The use of the United Nations Corpus is at the user's 
             sole risk. The user specifically acknowledges and agrees that the United Nations is 
             not liable for the conduct of any user. If the user is dissatisfied with any of the 
             material provided in the United Nations Corpus, the users's sole and exclusive remedy 
             is to discontinue using the United Nations Corpus.</p>

          <p>When using the United Nations Corpus, the user must acknowledge the United Nations as the
             source of the information. For references, please use this reference:
             Ziemski, M., Junczys-Dowmunt, M., and Pouliquen, B. (2016) The United Nations
             Parallel Corpus, Language Resources and Evaluation (LREC’16), Portorož, Slovenia, 
             May 2016.</p>

          <p>Nothing herein shall constitute or be considered to be a limitation upon or waiver,
             express or implied, of the privileges and immunities of the United Nations, which
             are specifically reserved.</p>
        </availability>
        <distributor>http://conferences.unite.un.org/UNCorpus</distributor>
      </publicationStmt>
      <sourceDesc>
        <p>http://www.un.org/en/official-documents-system-search/index.html</p>
      </sourceDesc>
    </fileDesc>
    <profileDesc>
      <langUsage>
        <language ident="en">English</language>
      </langUsage>
    </profileDesc>
  </teiHeader>
  <text>
    <body>
      <p id="1">
        <s id="1:1" lang="en">Third session</s>
      </p>
      <p id="2">
        <s id="2:1" lang="en">New York, 28 April-9 May 2014</s>
      </p>
      <p id="3">
        <s id="3:1" lang="en">Increased transparency in nuclear disarmament</s>
      </p>
      <p id="4">
        <s id="4:1" lang="en">Working paper submitted by the members of the Non-Proliferation and Disarmament Initiative (Australia, Canada, Chile, Germany, Japan, Mexico, Nigeria, the Netherlands, the Philippines, Poland, Turkey and the United Arab Emirates)</s>
      </p>
      <p id="5">
        <s id="5:1" lang="en">1. As recognized in the 13 practical steps for systematic and progressive efforts to implement article VI of the Treaty on the Non-Proliferation of Nuclear Weapons, agreed upon at the 2000 Review Conference of the Parties to the Treaty on the</s>
      </p>
      <p id="6">
        <s id="6:1" lang="en">Non-Proliferation of Nuclear Weapons, as well as in the action plan agreed upon at the 2010 Review Conference, increased transparency is an important precondition for further progress in nuclear disarmament.</s>
      </p>
      <p id="7">
        <s id="7:1" lang="en">2. As a part of its efforts to promote the implementation of the 2010 action plan, the Non-Proliferation and Disarmament Initiative submitted to the 2012 Preparatory Committee for the 2015 Review Conference a working paper entitled &quot;Transparency of Nuclear Weapons: the Non-Proliferation and Disarmament Initiative&quot;.</s>
        <s id="7:2" lang="en">The working paper contained a draft standard nuclear disarmament reporting form with specific items on which the nuclear-weapon States could provide information, including the quantity, types and status of nuclear warheads and their delivery systems, the quantity of fissile material produced for military purposes in the past as well as presently, and the measures taken to diminish the role and significance of nuclear weapons in military and security concepts, doctrines and policies.</s>
        <s id="7:3" lang="en">The aim of this proposal was to provide the nuclear-weapon States with a template with which to implement action 21.</s>
      </p>
      <p id="8">
        <s id="8:1" lang="en">3. Noting the call in action 5 for the nuclear-weapon States to report on their nuclear disarmament undertakings at the 2014 Preparatory Committee meetings, the Non-Proliferation and Disarmament Initiative is submitting the present working paper to make four specific recommendations on this important subject.</s>
      </p>
      <p id="9">
        <s id="9:1" lang="en">Three principles of nuclear disarmament</s>
      </p>
      <p id="10">
        <s id="10:1" lang="en">4. Action 2 of the 2010 action plan acknowledged the three principles of nuclear disarmament, namely, irreversibility, verifiability and transparency.</s>
        <s id="10:2" lang="en">The principle of transparency underpins the other two principles.</s>
        <s id="10:3" lang="en">Without transparency, nuclear disarmament cannot be verified, nor would States parties to the Non-Proliferation Treaty have complete confidence that nuclear disarmament measures have been accomplished in an irreversible manner.</s>
      </p>
      <p id="11">
        <s id="11:1" lang="en">Reporting and transparency</s>
      </p>
      <p id="12">
        <s id="12:1" lang="en">5. Reporting is a practical and effective tool to achieve greater transparency.</s>
        <s id="12:2" lang="en">Reporting has been a method for strengthening accountability since the Preparatory Committee for the 1985 Review Conference first invited the nuclear-weapon States to &quot;provide information relevant to the implementation of various articles of the Treaty, including especially article VI&quot;, as mentioned in the Final Document of the 1985 Review Conference (NPT/CONF.III/64/I). A number of transparency efforts exist in other forums, for example, the 1998 IAEA Guidelines for the Management of Plutonium (INFCIRC/549).</s>
      </p>
      <p id="13">
        <s id="13:1" lang="en">6. &quot;Information&quot; provided by the nuclear-weapon States at the 1995 Review and Extension Conference, where the issue of the extension of the Treaty was discussed and agreed upon, was quite significant in terms of its scope and contents.</s>
        <s id="13:2" lang="en">However, after the 1995 Conference, even though &quot;regular reporting&quot; on the implementation of article VI was included as one of the 13 practical steps at the 2000 Review Conference, the actual reporting by the nuclear-weapon States has been sporadic and informal.</s>
        <s id="13:3" lang="en">Against this backdrop, the 2010 Review Conference agreed upon the need for a standard reporting form.</s>
      </p>
      <p id="14">
        <s id="14:1" lang="en">7. The 2010 action plan refers to reporting on three occasions.</s>
        <s id="14:2" lang="en">However, the relationship between the three references requires further clarification.</s>
      </p>
      <p id="15">
        <s id="15:1" lang="en">Strengthening the review process and transparency</s>
      </p>
      <p id="16">
        <s id="16:1" lang="en">8. Strengthening the review process was first agreed upon at the 1995 Review and Extension Conference as an integral part of the indefinite extension of the Treaty.</s>
        <s id="16:2" lang="en">The essential significance of this issue was that it ensured, among other things, accountability, in particular of nuclear-weapon States, in exchange for indefinitely extending the Treaty.</s>
      </p>
      <p id="17">
        <s id="17:1" lang="en">9. Reporting is an effective instrument both for providing greater transparency on nuclear disarmament activities and for greater accountability as a part of the strengthened review process.</s>
        <s id="17:2" lang="en">Indeed, &quot;regular reports&quot; were agreed upon at the 2000 and 2010 Review Conferences &quot;within the framework of the strengthened review process&quot;, which demonstrates the relationship between reporting and strengthening the review process.</s>
      </p>
      <p id="18">
        <s id="18:1" lang="en">10. Action 20 calls for &quot;regular reports&quot; not just by the nuclear-weapon States, but by all States parties to the Non-Proliferation Treaty, and not just on nuclear disarmament, but on all three pillars of the Treaty.</s>
        <s id="18:2" lang="en">However, the Non-Proliferation and Disarmament Initiative re-emphasizes the special responsibility of the nuclear-weapon States to report on their nuclear disarmament activities and the fulfilment of their obligations and commitments under the Treaty.</s>
      </p>
      <p id="19">
        <s id="19:1" lang="en">11. The Non-Proliferation and Disarmament Initiative recommends that the 2015 Review Conference:</s>
      </p>
      <p id="20">
        <s id="20:1" lang="en">(a) In relation to three principles of nuclear disarmament, reiterate the importance of the realization of nuclear disarmament measures under strict observance of the principles of transparency, verification and irreversibility.</s>
        <s id="20:2" lang="en">The 2015 Review Conference should also recognize that the principle of transparency underpins the principles of verification and irreversibility;</s>
      </p>
      <p id="21">
        <s id="21:1" lang="en">(b) In relation to reporting, call on the nuclear-weapon States to agree on a standard reporting form, as recommended under action 21 of the action plan of 2010, and to utilize the form in implementing action 20 (regular reports) and action 5 (reporting on nuclear disarmament efforts at the 2014 Preparatory Committee);</s>
      </p>
      <p id="22">
        <s id="22:1" lang="en">(c) In relation to strengthening the review process, highlight the relationship between increased transparency through regular reporting utilizing a standard reporting form and the objective of accountability that is at the core of strengthening the Non-Proliferation Treaty review process.</s>
        <s id="22:2" lang="en">In this context of a strengthened review process, the 2015 Review Conference should urge the nuclear-weapon States to make regular reports, as an important confidence-building measure, for instance, annually, on their nuclear disarmament activities, utilizing a standard reporting form, and to continuously work to improve the quantity and quality of information provided in the agreed standard form during the 2020 review cycle;</s>
      </p>
      <p id="23">
        <s id="23:1" lang="en">(d) Call upon all States parties, both nuclear-weapon States and non-nuclear-weapon States, to submit regular reports on their fulfilment of their obligations and commitments under the provisions of the Non-Proliferation Treaty.</s>
      </p>
    </body>
  </text>
</TEI.2>
