<?xml version="1.0" encoding="utf-8"?>
<TEI.2>
  <teiHeader>
    <fileDesc>
      <titleStmt>
        <title>The United Nations Parallel Corpus v1.0 - NPT/CONF.2015/PC.III/WP.13</title>
      </titleStmt>
      <publicationStmt>
        <publisher>United Nations DGACM</publisher>
        <pubPlace>New York</pubPlace>
        <date>20140325</date>
        <idno type="symbol">NPT/CONF.2015/PC.III/WP.13</idno>
        <idno type="jobno">N1427640</idno>
        <availability>
          <p>The following disclaimer, an integral part of the United Nations Parallel Corpus v1.0, 
             shall be respected in regard to the Corpus v1.0 (no other restrictions apply):</p>

          <p>The United Nations Parallel Corpus is made available without warranty of any kind, 
             explicit or implied. The United Nations specifically makes no warranties or 
             representations as to the accuracy or completeness of the information contained in 
             the United Nations corpus.</p>

          <p>Under no circumstances shall the United Nations be liable for any loss, liability,
             injury or damage incurred or suffered that is claimed to have resulted from the use
             of the United Nations Corpus. The use of the United Nations Corpus is at the user's 
             sole risk. The user specifically acknowledges and agrees that the United Nations is 
             not liable for the conduct of any user. If the user is dissatisfied with any of the 
             material provided in the United Nations Corpus, the users's sole and exclusive remedy 
             is to discontinue using the United Nations Corpus.</p>

          <p>When using the United Nations Corpus, the user must acknowledge the United Nations as the
             source of the information. For references, please use this reference:
             Ziemski, M., Junczys-Dowmunt, M., and Pouliquen, B. (2016) The United Nations
             Parallel Corpus, Language Resources and Evaluation (LREC’16), Portorož, Slovenia, 
             May 2016.</p>

          <p>Nothing herein shall constitute or be considered to be a limitation upon or waiver,
             express or implied, of the privileges and immunities of the United Nations, which
             are specifically reserved.</p>
        </availability>
        <distributor>http://conferences.unite.un.org/UNCorpus</distributor>
      </publicationStmt>
      <sourceDesc>
        <p>http://www.un.org/en/official-documents-system-search/index.html</p>
      </sourceDesc>
    </fileDesc>
    <profileDesc>
      <langUsage>
        <language ident="en">English</language>
      </langUsage>
    </profileDesc>
  </teiHeader>
  <text>
    <body>
      <p id="1">
        <s id="1:1" lang="en">Third session</s>
      </p>
      <p id="2">
        <s id="2:1" lang="en">New York, 28 April-9 May 2014</s>
      </p>
      <p id="3">
        <s id="3:1" lang="en">Exercise of the right of withdrawal contained in article X</s>
      </p>
      <p id="4">
        <s id="4:1" lang="en">Working paper submitted by the members of the Non-Proliferation and Disarmament Initiative (Australia, Canada, Chile, Germany, Japan, Mexico, Nigeria, the Netherlands, the Philippines, Poland, Turkey and the United Arab Emirates)</s>
      </p>
      <p id="5">
        <s id="5:1" lang="en">1. The Non-Proliferation and Disarmament Initiative states at the outset that seeking consensus regarding recommendations concerning the exercise of the right of withdrawal, which article X confers on States parties to the Treaty on the</s>
      </p>
      <p id="6">
        <s id="6:1" lang="en">Non-Proliferation of Nuclear Weapons, is eminently political in nature, not to underestimate its legal dimension.</s>
      </p>
      <p id="7">
        <s id="7:1" lang="en">2. As regards the legal dimension, the Non-Proliferation and Disarmament Initiative reaffirms that article X cannot be considered in isolation from the remaining provisions of the Non-Proliferation Treaty.</s>
        <s id="7:2" lang="en">The Treaty is a normative corpus with a crucial purpose: to contribute to the maintenance of international peace and security and thus satisfy the security interests of all its States parties.</s>
        <s id="7:3" lang="en">Furthermore, the Non-Proliferation and Disarmament Initiative underlines that the Treaty is widely recognized as a cornerstone of international security.</s>
      </p>
      <p id="8">
        <s id="8:1" lang="en">3. Therefore, the integrity and universality of the Non-Proliferation Treaty must be maintained.</s>
        <s id="8:2" lang="en">To this end, it is important to take a holistic approach, both to encourage parties to remain in the Treaty and to discourage them from withdrawing.</s>
        <s id="8:3" lang="en">In order to encourage parties to remain and, for that matter, to discourage them to withdraw from the Treaty, the importance of the integrity and universality of the Treaty should be re-emphasized.</s>
        <s id="8:4" lang="en">Furthermore, in this context, tangible progress needs to be made in the implementation of the past commitments made within the framework of the Treaty, in particular the 2010 action plan, including nuclear disarmament, the negative security assurances, the peaceful uses of nuclear energy and a Middle East zone free of weapons of mass destruction and their delivery vehicles.</s>
      </p>
      <p id="9">
        <s id="9:1" lang="en">4. The Non-Proliferation and Disarmament Initiative notes that article X provides States parties with the right to withdraw from the Treaty.</s>
        <s id="9:2" lang="en">It also gives them the possibility of deciding that extraordinary events related to the subject matter of the Treaty have jeopardized the supreme interests of the State party which sees a need to withdraw.</s>
      </p>
      <p id="10">
        <s id="10:1" lang="en">5. The Non-Proliferation and Disarmament Initiative underlines that the process to exercise the right of withdrawal is described in the Treaty.</s>
        <s id="10:2" lang="en">Article X provides that the withdrawing State shall give notice to all other parties to the Treaty and to the Security Council three months in advance.</s>
        <s id="10:3" lang="en">In addition, this notice must provide a description of reasons for withdrawal, which shall include a statement of the extraordinary events the withdrawing State regards as having jeopardized its supreme interests of security.</s>
      </p>
      <p id="11">
        <s id="11:1" lang="en">6. The Non-Proliferation and Disarmament Initiative believes that the discussion on strengthening the process to exercise article X should increase emphasis on the legitimate security interests of all the other States parties in the Non-Proliferation Treaty.</s>
        <s id="11:2" lang="en">The Non-Proliferation and Disarmament Initiative believes that the withdrawal of any State party becomes an extremely significant event for all the States parties remaining in the Treaty: universal adherence to the Treaty enhances its value as an instrument of collective security; lack of universal adherence diminishes that value.</s>
        <s id="11:3" lang="en">And since withdrawal from the Treaty is an extremely significant political event, it must also be given extremely significant attention and care by the States parties remaining in the Treaty.</s>
      </p>
      <p id="12">
        <s id="12:1" lang="en">7. The Non-Proliferation and Disarmament Initiative recognizes that withdrawal is a right consistent with the law of treaties.</s>
        <s id="12:2" lang="en">The motivation underpinning the effort to strengthen the process to exercise this right is not to abolish it, but to safeguard the interests of the parties that stay in the Non-Proliferation Treaty: their interests are no less supreme than those of the withdrawing State.</s>
        <s id="12:3" lang="en">Rights, whether individual or collective, are meaningful only through interaction with the rights of others.</s>
        <s id="12:4" lang="en">If the Treaty is really a cornerstone of international security, we should regard any withdrawal from it as a serious political action which, in addition to diminishing the security of the other States parties, may have a potentially disastrous impact on the security of all.</s>
        <s id="12:5" lang="en">States parties are entitled to withdraw, but all States parties are entitled to undiminished security.</s>
      </p>
      <p id="13">
        <s id="13:1" lang="en">8. The Non-Proliferation and Disarmament Initiative underlines further the role given to the Security Council by the Treaty itself: article X requires the withdrawing party to give notice to the Council because such withdrawal constitutes an extraordinary event relevant to international security.</s>
        <s id="13:2" lang="en">Pursuant to Article 24 of the Charter of the United Nations, in order to ensure prompt and effective action by the United Nations, its Members confer on the Council primary responsibility for the maintenance of international peace and security.</s>
        <s id="13:3" lang="en">The Council should not remain silent after a withdrawal from the Non-Proliferation Treaty: under the Charter, it will be primarily responsible for determining whether that withdrawal constitutes a threat to international peace and security.</s>
      </p>
      <p id="14">
        <s id="14:1" lang="en">9. The Non-Proliferation and Disarmament Initiative recalls that, in the discussions on the basic principles on the regulation of the Non-Proliferation Treaty&apos;s withdrawal provisions at the 2005 Review Conference of the Parties to the Treaty on the Non-Proliferation of Nuclear Weapons, one principle was derived from article 71 of the Vienna Convention on the Law of Treaties: under international customary law a State continues to be responsible for any violation of its legal obligations committed prior to its withdrawal from a treaty.</s>
      </p>
      <p id="15">
        <s id="15:1" lang="en">10. The Non-Proliferation and Disarmament Initiative firmly believes that the formulation of principles regarding the exercise of the right of withdrawal by a State and to protect the legitimate interests of all the other States parties does not constitute an amendment of the Treaty.</s>
        <s id="15:2" lang="en">Nevertheless, the Review Conference has authority to address specifically what might be done to strengthen the implementation of the provisions of the Non-Proliferation Treaty using the mandate to look forward decided upon at the 1995 Review and Extension Conference.</s>
        <s id="15:3" lang="en">The Initiative proposes to achieve such regulation within the framework of the Treaty and under the authority of the Review Conference.</s>
      </p>
      <p id="16">
        <s id="16:1" lang="en">11. The proposal below aims to preserve the integrity of the non-proliferation regime, the effectiveness of safeguards and the rights of the States parties remaining in the Non-Proliferation Treaty.</s>
        <s id="16:2" lang="en">Those States -- bilaterally or through membership in international organizations such as the International Atomic Energy Agency (IAEA) -- may have engaged in cooperation under articles III and IV of the Treaty and may also, in good faith, have transferred materials, equipment and technology to a withdrawing State.</s>
        <s id="16:3" lang="en">It is vital that mechanisms remain in place on such items to ensure that they are not diverted to weapons programmes.</s>
      </p>
      <p id="17">
        <s id="17:1" lang="en">Principles regarding the exercise of the right of withdrawal</s>
      </p>
      <p id="18">
        <s id="18:1" lang="en">Mindful that withdrawal pursuant to article X of the Non-Proliferation Treaty may pose threats to international peace and security, and</s>
      </p>
      <p id="19">
        <s id="19:1" lang="en">Acknowledging that such threats are to be assessed -- and eventually remedied -- by the Security Council in accordance with the Charter of the United Nations,</s>
      </p>
      <p id="20">
        <s id="20:1" lang="en">The exercise of the right of withdrawal under article X of the Non-Proliferation Treaty should be governed by the following principles:</s>
      </p>
      <p id="21">
        <s id="21:1" lang="en">A. Withdrawal is a right for States parties under article X of the Non-Proliferation Treaty.</s>
        <s id="21:2" lang="en">Article X subjects this right to conditions and a time framework.</s>
        <s id="21:3" lang="en">Accordingly, the right to withdrawal can be exercised only in the face of extraordinary events related to subject matter of the Treaty and the withdrawing State party must give notice of such withdrawal to all other parties in the Treaty and to the Security Council three months in advance.</s>
        <s id="21:4" lang="en">Such notice must include a statement of the extraordinary events the withdrawing State regards as having jeopardized its supreme interests.</s>
      </p>
      <p id="22">
        <s id="22:1" lang="en">B. The right of withdrawal is governed by the provisions of the Non-Proliferation Treaty and other relevant international law such as the Vienna Convention on the Law of Treaties.</s>
        <s id="22:2" lang="en">Under international law, a withdrawing party is still liable for violations of the Treaty perpetrated prior to the notification of withdrawal.</s>
        <s id="22:3" lang="en">Furthermore, withdrawal should not affect any right, obligation or legal situation between the withdrawing State and each of the other States parties created through the implementation of the Treaty prior to withdrawal, including those related to IAEA safeguards.</s>
      </p>
      <p id="23">
        <s id="23:1" lang="en">C. Recalling the Non-Proliferation Treaty&apos;s standing as a cornerstone of international security, depositories and States parties should undertake consultations and conduct every diplomatic effort to persuade the withdrawing State to reconsider its decision.</s>
        <s id="23:2" lang="en">In doing so, States parties should also address the legitimate security needs of the withdrawing party.</s>
        <s id="23:3" lang="en">Diplomatic initiatives at the regional level should be encouraged and supported.</s>
      </p>
      <p id="24">
        <s id="24:1" lang="en">D. Nuclear materials, equipment and technology acquired by a State under article IV prior to withdrawal must remain under IAEA safeguards or fall-back safeguards even after withdrawal.</s>
      </p>
      <p id="25">
        <s id="25:1" lang="en">E. Nuclear supplying States parties are encouraged to exercise their sovereign right -- in accordance with international law and their national legislation -- to incorporate dismantling and/or return clauses or fall-back safeguards in the event of withdrawal, as appropriate, in contracts or any other arrangement concluded with other States parties.</s>
        <s id="25:2" lang="en">Nuclear supplying States parties are invited to adopt standard clauses for the dismantling and/or return of materials, equipment and other relevant goods from a withdrawing party.</s>
      </p>
    </body>
  </text>
</TEI.2>
