<?xml version="1.0" encoding="utf-8"?>
<TEI.2>
  <teiHeader>
    <fileDesc>
      <titleStmt>
        <title>The United Nations Parallel Corpus v1.0 - NPT/CONF.2015/PC.III/WP.1</title>
      </titleStmt>
      <publicationStmt>
        <publisher>United Nations DGACM</publisher>
        <pubPlace>New York</pubPlace>
        <date>20140311</date>
        <idno type="symbol">NPT/CONF.2015/PC.III/WP.1</idno>
        <idno type="jobno">N1426073</idno>
        <availability>
          <p>The following disclaimer, an integral part of the United Nations Parallel Corpus v1.0, 
             shall be respected in regard to the Corpus v1.0 (no other restrictions apply):</p>

          <p>The United Nations Parallel Corpus is made available without warranty of any kind, 
             explicit or implied. The United Nations specifically makes no warranties or 
             representations as to the accuracy or completeness of the information contained in 
             the United Nations corpus.</p>

          <p>Under no circumstances shall the United Nations be liable for any loss, liability,
             injury or damage incurred or suffered that is claimed to have resulted from the use
             of the United Nations Corpus. The use of the United Nations Corpus is at the user's 
             sole risk. The user specifically acknowledges and agrees that the United Nations is 
             not liable for the conduct of any user. If the user is dissatisfied with any of the 
             material provided in the United Nations Corpus, the users's sole and exclusive remedy 
             is to discontinue using the United Nations Corpus.</p>

          <p>When using the United Nations Corpus, the user must acknowledge the United Nations as the
             source of the information. For references, please use this reference:
             Ziemski, M., Junczys-Dowmunt, M., and Pouliquen, B. (2016) The United Nations
             Parallel Corpus, Language Resources and Evaluation (LREC’16), Portorož, Slovenia, 
             May 2016.</p>

          <p>Nothing herein shall constitute or be considered to be a limitation upon or waiver,
             express or implied, of the privileges and immunities of the United Nations, which
             are specifically reserved.</p>
        </availability>
        <distributor>http://conferences.unite.un.org/UNCorpus</distributor>
      </publicationStmt>
      <sourceDesc>
        <p>http://www.un.org/en/official-documents-system-search/index.html</p>
      </sourceDesc>
    </fileDesc>
    <profileDesc>
      <langUsage>
        <language ident="en">English</language>
      </langUsage>
    </profileDesc>
  </teiHeader>
  <text>
    <body>
      <p id="1">
        <s id="1:1" lang="en">Third session</s>
      </p>
      <p id="2">
        <s id="2:1" lang="en">New York, 28 April-9 May 2014</s>
      </p>
      <p id="3">
        <s id="3:1" lang="en">Safeguards</s>
      </p>
      <p id="4">
        <s id="4:1" lang="en">Working paper submitted by the Group of Non-Aligned States Parties to the Treaty on the Non-Proliferation of Nuclear Weapons</s>
      </p>
      <p id="5">
        <s id="5:1" lang="en">1. The Group of Non-Aligned States Parties to the Treaty on the NonProliferation of Nuclear Weapons expresses its strong concern at the growing resort to unilateralism and unilaterally imposed prescriptions and, in this context, strongly underlines and affirms that multilateralism and multilaterally agreed solutions, in accordance with the Charter of the United Nations, provide the only sustainable method of addressing disarmament and international security issues.</s>
        <s id="5:2" lang="en">In this regard, the Group underlines that the multilateral mechanism established by the International Atomic Energy Agency (IAEA) is the most appropriate way to address verification and safeguards issues.</s>
        <s id="5:3" lang="en">At the same time, the Group emphasizes that the work of the Agency with regard to safeguards and verification has to be conducted in accordance with the provisions of its statute and safeguards agreements.</s>
      </p>
      <p id="6">
        <s id="6:1" lang="en">2. The Group of Non-Aligned States Parties to the Treaty stresses the importance of the IAEA safeguards system and urges all States that have yet to bring into force comprehensive safeguards agreements to do so as soon as possible, in order to achieve the universality of the comprehensive safeguards.</s>
        <s id="6:2" lang="en">The 2000 Review Conference considered the universality of the comprehensive safeguards as a main objective in order to consolidate and enhance the verification system for the nonproliferation regime.</s>
        <s id="6:3" lang="en">However, in the view of the Group, additional measures related to the safeguards shall not affect the rights of the non-nuclear-weapon States parties to the Treaty, which are already committed to non-proliferation of nuclear weapons and have renounced the nuclear-weapon option.</s>
        <s id="6:4" lang="en">The Group also expresses its strong rejection of attempts by any member State to use the technical cooperation programme of IAEA as a tool for political purposes in violation of its statute.</s>
      </p>
      <p id="7">
        <s id="7:1" lang="en">3. The Group of Non-Aligned States Parties to the Treaty emphasizes that strict observance of and adherence to IAEA comprehensive safeguards and to the Treaty are a condition for any cooperation in the nuclear area with States not parties to the Treaty, or for any supply arrangement with such States for the transfer of source or special fissionable material, or equipment or material specially designed or prepared for the processing, use or production of special fissionable material.</s>
      </p>
      <p id="8">
        <s id="8:1" lang="en">4. The Group of Non-Aligned States Parties to the Treaty calls on all States not parties to the Treaty to accede, without any further delay and any preconditions and as non-nuclear-weapon States, to the Treaty and place all their nuclear facilities under IAEA full-scope safeguards.</s>
        <s id="8:2" lang="en">The Group also calls upon the nuclear-weapon States to undertake to accept full-scope safeguards.</s>
        <s id="8:3" lang="en">This is to be set forth in an agreement to be concluded with IAEA in accordance with its statute, for the exclusive purpose of verifying the fulfilment of the nuclear-weapon States&apos; obligations assumed under this Treaty.</s>
      </p>
      <p id="9">
        <s id="9:1" lang="en">5. In the view of the Group of Non-Aligned States Parties to the Treaty, such agreement would be concluded with the aim to:</s>
      </p>
      <p id="10">
        <s id="10:1" lang="en">(a) Ensure full compliance with the obligations assumed under article I of the Non-Proliferation Treaty;</s>
      </p>
      <p id="11">
        <s id="11:1" lang="en">(b) Provide baseline data regarding fulfilment of obligations on nuclear disarmament and prevent further diversion of nuclear energy from peaceful uses to nuclear weapons or other nuclear explosive devices;</s>
      </p>
      <p id="12">
        <s id="12:1" lang="en">(c) Strictly observe the prohibition of transfer, which is inconsistent with the provisions, the object and the purpose of the Treaty, of any nuclear-related equipment, information, materials and facilities, resources or devices and the extension of assistance in the nuclear scientific or technological fields to States not parties to the Treaty, without exception.</s>
      </p>
      <p id="13">
        <s id="13:1" lang="en">6. The Group of Non-Aligned States Parties to the Treaty confirms that all States parties to the Treaty shall refrain from the transfer of nuclear technology and materials to States not parties to the Treaty unless they are placed under the IAEA comprehensive safeguards.</s>
        <s id="13:2" lang="en">In this connection, the Group confirms that the obligation under article III of the Treaty in verifying the peaceful nature of nuclear programmes provides credible assurances enabling States parties to engage in the transfer of nuclear equipment, materials and technology for peaceful purposes, in accordance with article IV of the Treaty.</s>
        <s id="13:3" lang="en">Therefore, States parties to the Treaty are called upon to refrain from imposing or maintaining any restrictions or limitations on the transfer of nuclear equipment, materials and technology to States parties with comprehensive safeguards agreements.</s>
      </p>
      <p id="14">
        <s id="14:1" lang="en">7. The Group of Non-Aligned States Parties to the Treaty fully recognizes that IAEA, an independent intergovernmental, science and technology-based organization, is the sole competent authority responsible for the verification of the fulfilment of safeguard obligations assumed by States parties under the Treaty, with a view to preventing diversion of nuclear energy from peaceful uses to nuclear weapons or other nuclear explosive devices, as well as the global focal point for nuclear technical cooperation.</s>
      </p>
      <p id="15">
        <s id="15:1" lang="en">8. The Group of Non-Aligned States Parties to the Treaty emphasizes that it is fundamental to make a clear distinction between legal obligations and voluntary confidence-building measures and that such voluntary undertakings shall not be turned into legal safeguards obligations.</s>
        <s id="15:2" lang="en">In this regard, the Group also emphasizes that IAEA shall ensure avoiding any ultra vires acts that would jeopardize its integrity and credibility.</s>
        <s id="15:3" lang="en">The Group urges States parties to the Treaty to maintain and strengthen the technical character of IAEA consistent with its statute.</s>
      </p>
      <p id="16">
        <s id="16:1" lang="en">9. With respect to financial aspects of the safeguards, the Group of Non-Aligned States Parties to the Treaty believes that the differentiated nature of the financial obligations undertaken by member States of IAEA should be recognized and respected by the Agency in its work.</s>
      </p>
      <p id="17">
        <s id="17:1" lang="en">10. The Group of Non-Aligned States Parties to the Treaty underscores also that the principle of balance between the promotional and other statutory activities of the Agency, in particular verification and safeguards-related activities, needs to be strictly observed.</s>
      </p>
      <p id="18">
        <s id="18:1" lang="en">11. The Group of Non-Aligned States Parties to the Treaty underlines the essential responsibility of IAEA in maintaining and observing fully the principle of confidentiality regarding all information related to the implementation of safeguards, including reporting, in accordance with the Agency&apos;s statute and safeguards agreements.</s>
        <s id="18:2" lang="en">Since the Agency is the only organization that receives highly confidential and sensitive information on the nuclear facilities of member States, and given the undesirable incidents of leaks of such information, the Group emphasizes that the confidentiality of such information shall be fully respected and that the regime, for its protection, needs to be highly strengthened.</s>
        <s id="18:3" lang="en">In the view of the Group, safeguards-related confidential information should not be provided in any way to any party not authorized by the Agency.</s>
      </p>
      <p id="19">
        <s id="19:1" lang="en">12. In this context, the Group of Non-Aligned States Parties to the Treaty calls for the implementation of IAEA resolution GC(57)/RES/13, on strengthening the effectiveness and improving the efficiency of the safeguards system, adopted by the General Conference of the Agency at its fifty-seventh session, in which the General Conference, &quot;Stressing the importance of maintaining and observing fully the principle of confidentiality regarding all information related to the implementation of safeguards in accordance with the Agency&apos;s statute and safeguards agreements&quot;, acknowledged &quot;the concerns expressed by the Director General on the need to protect safeguards confidential information within the secretariat and his announcement of additional measures to protect such information&quot;, accordingly urged the Director General &quot;to exercise the highest vigilance in ensuring the proper protection of safeguards confidential information&quot;, and requested that he &quot;continue to review and update the established procedure for the protection of safeguards confidential information&quot;.</s>
      </p>
      <p id="20">
        <s id="20:1" lang="en">13. The Group of Non-Aligned States Parties to the Treaty underlines the necessity of reporting of IAEA on the implementation of safeguards being factual and technically based and reflecting appropriate reference to the relevant provisions of safeguards agreements, while ensuring the protection of confidential information.</s>
      </p>
      <p id="21">
        <s id="21:1" lang="en">14. The Group of Non-Aligned States Parties to the Treaty stresses the need to strictly observe the provisions of the IAEA statute, including article XII, which outlines the mandate of the Agency in verifying compliance with safeguards agreements and, in particular, that any non-compliance has first to be reported by the Agency&apos;s inspectors.</s>
      </p>
      <p id="22">
        <s id="22:1" lang="en">15. The Group of Non-Aligned States Parties to the Treaty stresses the statutory role of IAEA in nuclear disarmament, including applying safeguards on nuclear materials derived from the dismantling of nuclear weapons, and recognizes the capability of the Agency to verify nuclear disarmament agreements.</s>
      </p>
      <p id="23">
        <s id="23:1" lang="en">16. The Group of Non-Aligned States Parties to the Treaty expresses its serious concern about certain unilateral politically motivated attempts to hamper exercising the inalienable rights of States parties to develop research, production and use of nuclear energy for peaceful purposes, and believes in this regard that interpretations in the application of safeguards shall not be used as a tool to that end.</s>
        <s id="23:2" lang="en">In the view of the Group, article III of the Treaty, while providing for the undertaking by each nonnuclear-weapon State to conclude safeguards agreements with IAEA, is equally explicit in articulating that the implementation of such safeguards shall be &quot;in a manner designed to comply with article IV of this Treaty, and to avoid hampering the economic or technological development of the parties or international cooperation in the field of peaceful nuclear activities, including the international exchange of nuclear material and equipment for the processing ...&quot;.</s>
      </p>
    </body>
  </text>
</TEI.2>
