<?xml version="1.0" encoding="utf-8"?>
<TEI.2>
  <teiHeader>
    <fileDesc>
      <titleStmt>
        <title>The United Nations Parallel Corpus v1.0 - NPT/CONF.2015/PC.III/WP.19</title>
      </titleStmt>
      <publicationStmt>
        <publisher>United Nations DGACM</publisher>
        <pubPlace>New York</pubPlace>
        <date>20140404</date>
        <idno type="symbol">NPT/CONF.2015/PC.III/WP.19</idno>
        <idno type="jobno">N1429102</idno>
        <availability>
          <p>The following disclaimer, an integral part of the United Nations Parallel Corpus v1.0, 
             shall be respected in regard to the Corpus v1.0 (no other restrictions apply):</p>

          <p>The United Nations Parallel Corpus is made available without warranty of any kind, 
             explicit or implied. The United Nations specifically makes no warranties or 
             representations as to the accuracy or completeness of the information contained in 
             the United Nations corpus.</p>

          <p>Under no circumstances shall the United Nations be liable for any loss, liability,
             injury or damage incurred or suffered that is claimed to have resulted from the use
             of the United Nations Corpus. The use of the United Nations Corpus is at the user's 
             sole risk. The user specifically acknowledges and agrees that the United Nations is 
             not liable for the conduct of any user. If the user is dissatisfied with any of the 
             material provided in the United Nations Corpus, the users's sole and exclusive remedy 
             is to discontinue using the United Nations Corpus.</p>

          <p>When using the United Nations Corpus, the user must acknowledge the United Nations as the
             source of the information. For references, please use this reference:
             Ziemski, M., Junczys-Dowmunt, M., and Pouliquen, B. (2016) The United Nations
             Parallel Corpus, Language Resources and Evaluation (LREC’16), Portorož, Slovenia, 
             May 2016.</p>

          <p>Nothing herein shall constitute or be considered to be a limitation upon or waiver,
             express or implied, of the privileges and immunities of the United Nations, which
             are specifically reserved.</p>
        </availability>
        <distributor>http://conferences.unite.un.org/UNCorpus</distributor>
      </publicationStmt>
      <sourceDesc>
        <p>http://www.un.org/en/official-documents-system-search/index.html</p>
      </sourceDesc>
    </fileDesc>
    <profileDesc>
      <langUsage>
        <language ident="en">English</language>
      </langUsage>
    </profileDesc>
  </teiHeader>
  <text>
    <body>
      <p id="1">
        <s id="1:1" lang="en">Third session</s>
      </p>
      <p id="2">
        <s id="2:1" lang="en">New York, 28 April-9 May 2014</s>
      </p>
      <p id="3">
        <s id="3:1" lang="en">Humanitarian impact of nuclear weapons: known risks</s>
      </p>
      <p id="4">
        <s id="4:1" lang="en">and consequences</s>
      </p>
      <p id="5">
        <s id="5:1" lang="en">Working paper submitted by Ireland on behalf of Brazil, Egypt, Mexico, New Zealand and South Africa as members of the</s>
      </p>
      <p id="6">
        <s id="6:1" lang="en">New Agenda Coalition</s>
      </p>
      <p id="7">
        <s id="7:1" lang="en">Background</s>
      </p>
      <p id="8">
        <s id="8:1" lang="en">1. Today, Governments around the world are grappling with the evidence that was presented at two international conferences, one in Oslo (March 2013) and one in Nayarit, Mexico (February 2014), on the humanitarian consequences of a nuclear detonation.</s>
        <s id="8:2" lang="en">This evidence, taken together with the living and graphic testimony of several survivors (hibakusha) of the explosions at Hiroshima and Nagasaki, points up in considerable detail the catastrophic consequences for ordinary civilians that would follow a nuclear weapon explosion.</s>
        <s id="8:3" lang="en">Of great concern, too, for Governments and their citizens is the actual and foreseeable lack of capacity on the part of States or international organizations to cope with the aftermath of a nuclear detonation.</s>
        <s id="8:4" lang="en">Overriding the predictable consequences and lack of capacity, however, is the</s>
      </p>
      <p id="9">
        <s id="9:1" lang="en">ever-present and arguably increasing risk of an accident, systems failure, human error or even a climate event affecting a nuclear weapon or a nuclear weapons facility.</s>
        <s id="9:2" lang="en">This inevitably leads to a pressing need for Governments to assess and measure those risks and to consider the policy implications that arise (see NPT/CONF.2015/PC.III/</s>
      </p>
      <p id="10">
        <s id="10:1" lang="en">WP.18).</s>
      </p>
      <p id="11">
        <s id="11:1" lang="en">2. In 1946, within six months of the first use of nuclear weapons, when their immediate destructive effects had been witnessed but their longer-term consequences were only beginning to become clear, the General Assembly passed its first resolution, which called for the establishment of a commission to make specific proposals for &quot;the elimination from national armaments of atomic weapons and of all other major weapons adaptable to mass destruction&quot;.</s>
        <s id="11:2" lang="en">That commission was also to make specific proposals &quot;for control of atomic energy to the extent necessary to ensure its use only for peaceful purposes&quot;.</s>
      </p>
      <p id="12">
        <s id="12:1" lang="en">3. In 1961, spurred on by the nuclear tests undertaken in Algeria, the General Assembly passed a resolution on the report of the United Nations Scientific Committee on the Effects of Atomic Radiation, in which the Assembly declared &quot;that both concern for the future of mankind and the fundamental principles of international law impose a responsibility on all States concerning actions which might have harmful biological consequences for the existing and future generations of peoples of other States ...&quot;.</s>
        <s id="12:2" lang="en">Such concern spurred the creation of nuclear-weapon-free zones in several regions, starting with the Treaty of Tlatelolco (Treaty for the Prohibition of Nuclear Weapons in Latin America and the Caribbean), in which States of the region expressed the belief &quot;[t]hat nuclear weapons, whose terrible effects are suffered, indiscriminately and inexorably, by military forces and civilian population alike, constitute, through the persistence of the radioactivity they release, an attack on the integrity of the human species and ultimately may even render the whole earth uninhabitable&quot;.</s>
        <s id="12:3" lang="en">Subsequently, testing in the Pacific region and in Central Asia motivated the establishment of nuclear-weapon-free zones by the Treaty of Rarotonga (South Pacific Nuclear Free Zone Treaty); the Treaty of Bangkok (Treaty on the Southeast Asia Nuclear-Weapon-Free Zone); the Treaty of Pelindaba (African Nuclear-Weapon-Free Zone Treaty); and the Treaty on a Nuclear-Weapon-Free Zone in Central Asia.</s>
        <s id="12:4" lang="en">The devastating long-term consequences of nuclear testing have been coming further to the fore in recent times.</s>
      </p>
      <p id="13">
        <s id="13:1" lang="en">4. When the Treaty on the Non-Proliferation of Nuclear Weapons was agreed in 1968, it recorded in its first preambular paragraph that the Parties to the Treaty, &quot;Considering the devastation that would be visited upon all mankind by a nuclear war ...&quot;, had recognized and understood &quot;... the consequent need to make every effort to avert the danger of such a war and to take measures to safeguard the security of peoples&quot;.</s>
        <s id="13:2" lang="en">The provisions of the Treaty have formed the cornerstone of the nuclear disarmament and nuclear non-proliferation regime for more than four decades.</s>
        <s id="13:3" lang="en">The Treaty&apos;s envisaged processes of nuclear disarmament and nuclear nonproliferation, which are mutually reinforcing, flow from the central premise of the Treaty that, to achieve and maintain a world without nuclear weapons, the nuclear-weapon States legally committed themselves to pursue nuclear disarmament and the elimination of their nuclear arsenals, while at the same time the non-nuclear-weapon States legally committed themselves not to receive, manufacture or otherwise acquire nuclear weapons.</s>
        <s id="13:4" lang="en">All States were to pursue effective measures for the achievement of complete nuclear disarmament.</s>
        <s id="13:5" lang="en">At the same time, the Treaty reaffirmed the inalienable right to the peaceful uses of nuclear energy.</s>
      </p>
      <p id="14">
        <s id="14:1" lang="en">5. Eight years after the Treaty had entered into force, the General Assembly held its tenth special session, the first devoted to disarmament.</s>
        <s id="14:2" lang="en">The Assembly adopted, as a constituent element of the final document of this special session, a declaration that &quot;[m]ankind today is confronted with an unprecedented threat of self-extinction arising from the massive and competitive accumulation of the most destructive weapons ever produced.</s>
        <s id="14:3" lang="en">Existing arsenals of nuclear weapons alone are more than sufficient to destroy all life on earth&quot;.</s>
      </p>
      <p id="15">
        <s id="15:1" lang="en">6. The Treaty was concluded during the Cold War, when the dangers of nuclear war were heightened and more immediate.</s>
        <s id="15:2" lang="en">While some progress was made on bilateral arms reductions during the envisaged 25-year lifetime of the Treaty, nuclear disarmament as envisaged and required by the Treaty had not been achieved by 1995, when States parties to the Treaty were required to meet to decide whether the Treaty should continue in force.</s>
        <s id="15:3" lang="en">Consequently, at the 1995 Review and Extension Conference of the Parties to the Treaty on the Non-Proliferation of Nuclear Weapons, States parties to the Treaty agreed, without a vote, that the Treaty should continue in force indefinitely.</s>
        <s id="15:4" lang="en">At the Conference, States parties agreed on decisions entitled Strengthening the review process for the Treaty; Principles and objectives for nuclear non-proliferation and disarmament; and Extension of the Treaty on the Non-Proliferation of Nuclear Weapons, as well as on a resolution on the Middle East.</s>
        <s id="15:5" lang="en">The decision on principles and objectives for nuclear nonproliferation and disarmament, agreed at the 1995 Conference, included a reaffirmation of the preamble and provisions of the Treaty.</s>
        <s id="15:6" lang="en">It is beyond doubt, therefore, that concern about the devastation of a nuclear war, which informed the framers of the Treaty, remained as central a motivation for the nuclear disarmament and nuclear non-proliferation regime in 1995 as it had been at its entry into force a quarter of a century earlier.</s>
      </p>
      <p id="16">
        <s id="16:1" lang="en">7. In a July 1996 Advisory Opinion, the International Court of Justice, in deciding the basis on which it should examine the request put to it on the legality of the use or threat of use of nuclear weapons, looked at the unique characteristics of nuclear weapons, according to the material presented to it.</s>
        <s id="16:2" lang="en">The Court observed that the &quot;destructive power of nuclear weapons cannot be contained in either space or time.</s>
        <s id="16:3" lang="en">They have the potential to destroy all civilization and the entire ecosystem of the planet ... . [I]n order correctly to apply to the present case the Charter law on the use of force and the law applicable in armed conflict, in particular humanitarian law, it is imperative for the Court to take account of the unique characteristics of nuclear weapons, and in particular their destructive capacity, their capacity to cause untold human suffering, and their ability to cause damage to generations to come.&quot;</s>
      </p>
      <p id="17">
        <s id="17:1" lang="en">8. In 1998, when the New Agenda Coalition was launched, the foreign ministers of the Coalition were motivated by &quot;the continuing threat to humanity represented by the perspective of the indefinite possession of nuclear weapons by the nuclear-weapon States, as well as by those three nuclear-weapons-capable States that have not acceded to the Treaty on the Non-Proliferation of Nuclear Weapons, and the attendant possibility of use or threat of use of nuclear weapons&quot;.</s>
        <s id="17:2" lang="en">Since its foundation, the Coalition has worked relentlessly to champion nuclear disarmament and has consistently maintained that the only absolute guarantee that nuclear weapons will never be used again is their total elimination and the assurance that they will never be produced again.</s>
      </p>
      <p id="18">
        <s id="18:1" lang="en">9. At the 2000 Non-Proliferation Treaty Review Conference, States parties to the Treaty noted that &quot;despite the achievements in bilateral and unilateral arms reduction, the total number of nuclear weapons deployed and in stockpile still amounts to many thousands&quot;.</s>
        <s id="18:2" lang="en">The Conference also expressed &quot;its deep concern at the continued risk for humanity represented by the possibility that these nuclear weapons could be used&quot;.</s>
        <s id="18:3" lang="en">To facilitate progress on nuclear disarmament, that Conference agreed on a series of practical steps for the systematic and progressive efforts to implement article VI of the Treaty (the 13 practical steps) and paragraphs 3 and 4 (c) of the 1995 Decision on &quot;Principles and Objectives for Nuclear Non-Proliferation and Disarmament&quot;.</s>
        <s id="18:4" lang="en">Included among those steps was an unequivocal undertaking by the nuclear-weapon States to accomplish the total elimination of their nuclear arsenals, leading to nuclear disarmament to which all States parties are committed under</s>
      </p>
      <p id="19">
        <s id="19:1" lang="en">article VI.</s>
      </p>
      <p id="20">
        <s id="20:1" lang="en">10. When Heads of State and Government gathered later in 2000 at the Millennium Summit, they adopted the Millennium Declaration in which they resolved &quot;[t]o strive for the elimination of weapons of mass destruction, particularly nuclear weapons, and to keep all options open for achieving this aim, including the possibility of convening an international conference to identify ways of eliminating nuclear dangers&quot;.</s>
      </p>
      <p id="21">
        <s id="21:1" lang="en">11. While the first decade of the millennium saw welcome progress in terms of reductions in the numbers of nuclear weapons, both in unilateral and bilateral measures, the momentum towards concrete and irreversible nuclear disarmament lost pace.</s>
        <s id="21:2" lang="en">The 2010 Review Conference of the Parties to the Treaty on the NonProliferation of Nuclear Weapons noted the &quot;reaffirmation by the nuclear-weapon States of their unequivocal undertaking to accomplish, in accordance with the principle of irreversibility, the total elimination of their nuclear arsenals leading to nuclear disarmament, to which all States parties are committed under article VI of the Treaty&quot;.</s>
        <s id="21:3" lang="en">The Conference also expressed &quot;its deep concern at the catastrophic humanitarian consequences of any use of nuclear weapons and reaffirms the need for all States at all times to comply with applicable international law, including international humanitarian law&quot;.</s>
      </p>
      <p id="22">
        <s id="22:1" lang="en">Addressing the increasing risk: the 2015 Treaty review cycle</s>
      </p>
      <p id="23">
        <s id="23:1" lang="en">12. Since the 2010 Review Conference, awareness has been growing not just about the humanitarian consequences of a nuclear detonation but also about the increasing risks to the lives and health of citizens resulting from accidents, human error or systems failures involving nuclear weapons.</s>
        <s id="23:2" lang="en">Based on information acquired through Freedom of Information legislation, on data volunteered by State administrations and on cases of human or mechanical failures (when logged and reported), the international community has been presented in recent times with cogent evidence that the risks of an accident in the widest sense are ever-present, continuing, greater than previously suspected and arguably increasing.</s>
        <s id="23:3" lang="en">At the same time, increasing urban populations and the greater destructive power of nuclear weapons have served to amplify the potential health and environmental effects of a nuclear detonation.</s>
        <s id="23:4" lang="en">Governments and policymakers are now having to reconcile these facts with their duty of care towards their citizens&apos; welfare in the light of these increasing risks.</s>
        <s id="23:5" lang="en">The reminders of the risks are especially worrying because of the evidence provided at the Oslo and Nayarit conferences about the lack of capacity of both national and international agencies to provide any adequate emergency response in the event of a nuclear-weapon explosion.</s>
        <s id="23:6" lang="en">A discussion by Governments on a concerted policy response aimed at preventing any possibility of a nuclear detonation is therefore unavoidable (see NPT/CONF.2015/PC.III/WP.18).</s>
      </p>
      <p id="24">
        <s id="24:1" lang="en">13. The following are some recent key staging posts that have brought international deliberations to this point:</s>
      </p>
      <p id="25">
        <s id="25:1" lang="en">:: In 2011, the Council of Delegates of the International Red Cross and Red Crescent Movement welcomed increased diplomatic efforts on nuclear disarmament, including at the 2010 Review Conference, and emphasized &quot;the incalculable human suffering that can be expected to result from any use of nuclear weapons, the lack of any adequate humanitarian response capacity and the absolute imperative to prevent such use&quot;.</s>
      </p>
      <p id="26">
        <s id="26:1" lang="en">:: At the 2012 session of the Preparatory Committee for the 2015 Review Conference, the Chairman&apos;s summary reflects that &quot;States parties recalled their deep concern at the catastrophic humanitarian consequences of any use of nuclear weapons.</s>
        <s id="26:2" lang="en">Many States parties stressed their serious concern that in such an event, these humanitarian consequences would be unavoidable and emergency relief could not be provided to affected areas.</s>
        <s id="26:3" lang="en">They expressed their expectation that the humanitarian consequences of any use of nuclear weapons would be addressed during the current review cycle.&quot;</s>
      </p>
      <p id="27">
        <s id="27:1" lang="en">:: On 4 January 2013, the General Assembly passed, by an overwhelming majority, a resolution on &quot;Taking forward multilateral nuclear disarmament negotiations&quot;.</s>
        <s id="27:2" lang="en">In the preamble to that resolution, the Assembly expressed its deep concern &quot;about the catastrophic humanitarian consequences of any use of nuclear weapons&quot;.</s>
      </p>
      <p id="28">
        <s id="28:1" lang="en">:: The Government of Norway hosted the Conference on the Humanitarian Impact of Nuclear Weapons, a fact-based exploration of the more immediate impact of a nuclear-weapon detonation, on 4 and 5 March 2013 in Oslo.</s>
        <s id="28:2" lang="en">The Chair&apos;s summary of the Conference found that it is &quot;unlikely that any State or international body could address the immediate humanitarian emergency caused by a nuclear-weapon detonation in an adequate manner and provide sufficient assistance to those affected.</s>
        <s id="28:3" lang="en">Moreover, it might not be possible to establish such capacities, even if it were attempted&quot;.</s>
      </p>
      <p id="29">
        <s id="29:1" lang="en">:: At the 2013 session of the Preparatory Committee for the 2015 Review Conference, &quot;States parties recalled their deep concern at the catastrophic humanitarian consequences of any use of nuclear weapons.</s>
        <s id="29:2" lang="en">Many States parties referred to the unacceptable harm that would result from a detonation and expressed further concern about the wider and longer-term impact on socioeconomic development and their expectation that the humanitarian consequences would continue to be addressed during the current review cycle.</s>
        <s id="29:3" lang="en">Many States parties referred to the Conference on the Humanitarian Impact of Nuclear Weapons held in Oslo from 4 to 5 March 2013.</s>
        <s id="29:4" lang="en">Following from the discussions at the Oslo Conference, those States parties stressed their serious concern that in such an event, these humanitarian consequences would be unavoidable and emergency relief could not be provided to affected areas.</s>
        <s id="29:5" lang="en">The same States parties looked forward to the follow-on conference to be hosted by Mexico in order to deepen understanding on this matter through a fact-based dialogue.&quot;</s>
      </p>
      <p id="30">
        <s id="30:1" lang="en">:: On 26 September 2013, the General Assembly held its first High-Level Meeting on nuclear disarmament.</s>
        <s id="30:2" lang="en">Secretary-General Ban Ki-moon recalled that, since its first resolution in 1946, nuclear disarmament has been one of the principal objectives of the United Nations.</s>
      </p>
      <p id="31">
        <s id="31:1" lang="en">:: In a statement to the First Committee on 21 October 2013, which built upon similar efforts in both the General Assembly and the Non-Proliferation Treaty from 2012 onwards, coordinated by Switzerland and, later, South Africa and delivered by New Zealand on behalf of 125 States, those States recalled that &quot;[i]t is in the interest of the very survival of humanity that nuclear weapons are never used again, under any circumstances.</s>
        <s id="31:2" lang="en">The catastrophic effects of a nuclear-weapon detonation, whether by accident, miscalculation or design, cannot be adequately addressed.</s>
        <s id="31:3" lang="en">All efforts must be exerted to eliminate the threat of these weapons of mass destruction.&quot;</s>
        <s id="31:4" lang="en">In the view of those States, &quot;[t]he only way to guarantee that nuclear weapons will never be used again is through their total elimination.</s>
        <s id="31:5" lang="en">All States share the responsibility to prevent the use of nuclear weapons, to prevent their vertical and horizontal proliferation and to achieve nuclear disarmament, including through fulfilling the objectives of the Non-Proliferation Treaty and achieving its universality.&quot;</s>
      </p>
      <p id="32">
        <s id="32:1" lang="en">:: In November 2013, the Council of Delegates of the International Red Cross and Red Crescent Movement reiterated &quot;its deep concern about the catastrophic humanitarian consequences of any use of nuclear weapons, including the unspeakable human suffering that their use would cause and the threat that such weapons pose to food production, the environment and future generations&quot;.</s>
      </p>
      <p id="33">
        <s id="33:1" lang="en">14. Most recently, at the Second Conference on the Humanitarian Impact of Nuclear Weapons in Nayarit, Mexico, on 13 and 14 February 2014, the Chair&apos;s summary concluded that reconstruction of infrastructure and regeneration of economic activities, trade, communications, health facilities and schools would take several decades, causing profound social and political harm.</s>
        <s id="33:2" lang="en">That summary also concluded that radiation exposure could result in short- and long-term negative effects in every organ of the human body and would increase cancer risks and future hereditary pathologies.</s>
        <s id="33:3" lang="en">With a more thorough understanding of the sheer scale of impact of even a single detonation in a densely populated area and the inability of the international community to respond adequately in the short term, the consequences of a detonation are far greater than are apparent.</s>
        <s id="33:4" lang="en">Research carried out recently, particularly since the Oslo Conference, and presented in Nayarit, about national and international response capacity to a detonation has shown that national response capacities in the immediate and longer term would be severely overstretched and responses by international agencies in the short term would be ineffective to the point of being wholly inadequate.</s>
      </p>
      <p id="34">
        <s id="34:1" lang="en">15. Given the scale of the consequences, determining the level of risk to which humanity remains exposed requires an examination of the probability of a detonation.</s>
        <s id="34:2" lang="en">At the Conference in Nayarit, research was presented which indicated that the risks of a nuclear detonation are far higher than might commonly be perceived.</s>
        <s id="34:3" lang="en">Information publicly available has clearly illustrated that the world has come far closer to a nuclear detonation during the nuclear age (whether by accident, miscalculation or design) than was previously known or believed.</s>
        <s id="34:4" lang="en">Evidence presented at the Second Conference on the Humanitarian Impact of Nuclear Weapons showed that the risk of a nuclear-weapon detonation is growing globally owing to factors that include the vulnerability of nuclear command and control networks to cyber attacks and human error and potential access to nuclear weapons by non-State actors, in particular terrorist groups.</s>
      </p>
      <p id="35">
        <s id="35:1" lang="en">16. The Third Conference on the Humanitarian Impact of Nuclear Weapons, to be hosted by the Government of Austria before the end of 2014, represents an important opportunity for all States to continue and deepen the fact-based discourse of Oslo and Nayarit, and to begin considering the policy implications of the information provided.</s>
      </p>
      <p id="36">
        <s id="36:1" lang="en">Policy implications for States</s>
      </p>
      <p id="37">
        <s id="37:1" lang="en">17. The humanitarian consequences of a nuclear-weapon detonation, should one ever occur, will be calamitous, transboundary and long term.</s>
        <s id="37:2" lang="en">They will affect weapons and non-weapons States alike.</s>
        <s id="37:3" lang="en">With a heightened knowledge and understanding of these consequences, it is incumbent upon all States to move to pursue an effective and binding framework for the prevention of this eventuality.</s>
        <s id="37:4" lang="en">The only way to prevent a nuclear-weapon detonation is through the total elimination of nuclear weapons and the assurance that they will never be produced again.</s>
        <s id="37:5" lang="en">The Chair&apos;s summary of the Second International Conference on the Humanitarian Impact of Nuclear Weapons concluded, &quot;the broad-based and comprehensive discussions on the humanitarian impact of nuclear weapons should lead to the commitment of States and civil society to reach new international standards and norms, through a legally binding instrument&quot;.</s>
        <s id="37:6" lang="en">In its working paper entitled &quot;Article VI of the Treaty on the Non-Proliferation of Nuclear Weapons&quot; (NPT/CONF.2015/PC.III/WP.18), the New Agenda Coalition calls for all States immediately to begin discussions towards elaborating a binding framework.</s>
        <s id="37:7" lang="en">Such a framework would require clearly defined benchmarks and timelines for transparent, irreversible and verifiable nuclear disarmament for the achievement and maintenance of a world without nuclear weapons.</s>
      </p>
      <p id="38">
        <s id="38:1" lang="en">18. The evidence of the increasing risks and devastating consequences of a nuclear-weapon detonation, whether by accident, miscalculation or design, which has been brought into stark relief since the 2010 Review Conference of the Parties to the Treaty on the Non-Proliferation of Nuclear Weapons, serves to underscore further the humanitarian considerations that were central to the creation of the Treaty.</s>
        <s id="38:2" lang="en">These considerations should now be equally central to all present and future actions aimed at securing a world free of nuclear weapons.</s>
        <s id="38:3" lang="en">The humanitarian imperatives that underpin nuclear disarmament and the urgency of achieving this goal should therefore be given due prominence in the decisions and follow-on actions agreed during the 2015 review cycle of the Non-Proliferation Treaty and in the outcome of the 2015 Review Conference.</s>
      </p>
    </body>
  </text>
</TEI.2>
