<?xml version="1.0" encoding="utf-8"?>
<TEI.2>
  <teiHeader>
    <fileDesc>
      <titleStmt>
        <title>The United Nations Parallel Corpus v1.0 - NPT/CONF.2015/PC.III/WP.16</title>
      </titleStmt>
      <publicationStmt>
        <publisher>United Nations DGACM</publisher>
        <pubPlace>New York</pubPlace>
        <date>20140401</date>
        <idno type="symbol">NPT/CONF.2015/PC.III/WP.16</idno>
        <idno type="jobno">N1428494</idno>
        <availability>
          <p>The following disclaimer, an integral part of the United Nations Parallel Corpus v1.0, 
             shall be respected in regard to the Corpus v1.0 (no other restrictions apply):</p>

          <p>The United Nations Parallel Corpus is made available without warranty of any kind, 
             explicit or implied. The United Nations specifically makes no warranties or 
             representations as to the accuracy or completeness of the information contained in 
             the United Nations corpus.</p>

          <p>Under no circumstances shall the United Nations be liable for any loss, liability,
             injury or damage incurred or suffered that is claimed to have resulted from the use
             of the United Nations Corpus. The use of the United Nations Corpus is at the user's 
             sole risk. The user specifically acknowledges and agrees that the United Nations is 
             not liable for the conduct of any user. If the user is dissatisfied with any of the 
             material provided in the United Nations Corpus, the users's sole and exclusive remedy 
             is to discontinue using the United Nations Corpus.</p>

          <p>When using the United Nations Corpus, the user must acknowledge the United Nations as the
             source of the information. For references, please use this reference:
             Ziemski, M., Junczys-Dowmunt, M., and Pouliquen, B. (2016) The United Nations
             Parallel Corpus, Language Resources and Evaluation (LREC’16), Portorož, Slovenia, 
             May 2016.</p>

          <p>Nothing herein shall constitute or be considered to be a limitation upon or waiver,
             express or implied, of the privileges and immunities of the United Nations, which
             are specifically reserved.</p>
        </availability>
        <distributor>http://conferences.unite.un.org/UNCorpus</distributor>
      </publicationStmt>
      <sourceDesc>
        <p>http://www.un.org/en/official-documents-system-search/index.html</p>
      </sourceDesc>
    </fileDesc>
    <profileDesc>
      <langUsage>
        <language ident="en">English</language>
      </langUsage>
    </profileDesc>
  </teiHeader>
  <text>
    <body>
      <p id="1">
        <s id="1:1" lang="en">Third session</s>
      </p>
      <p id="2">
        <s id="2:1" lang="en">New York, 28 April-9 May 2014</s>
      </p>
      <p id="3">
        <s id="3:1" lang="en">Security assurances against the use or threat of use of nuclear weapons</s>
      </p>
      <p id="4">
        <s id="4:1" lang="en">Working paper submitted by the Group of Non-Aligned States Parties to the Treaty on the Non-Proliferation of Nuclear Weapons</s>
      </p>
      <p id="5">
        <s id="5:1" lang="en">1. The Group of Non-Aligned States Parties to the Treaty on the Non-Proliferation of Nuclear Weapons reaffirms that the total elimination of nuclear weapons is the only absolute guarantee against the use or threat of use of nuclear weapons.</s>
        <s id="5:2" lang="en">The Group is of the firm belief that, pending the total elimination of nuclear weapons, it is the legitimate right of all non-nuclear-weapon States that, by becoming parties to the Treaty, have given up the nuclear-weapon option, inter alia, to receive effective, universal, unconditional, non-discriminatory and irrevocable legally binding security assurances against the use or threat of use of nuclear weapons under all circumstances.</s>
      </p>
      <p id="6">
        <s id="6:1" lang="en">2. The Group of Non-Aligned States Parties to the Treaty stresses that the granting of such assurances by all five nuclear-weapon States parties to all</s>
      </p>
      <p id="7">
        <s id="7:1" lang="en">non-nuclear-weapon States parties is a commitment, the fulfilment of which is necessary to strengthen the nuclear non-proliferation regime.</s>
      </p>
      <p id="8">
        <s id="8:1" lang="en">3. In this regard, the Group of Non-Aligned States Parties to the Treaty notes the unilateral statements by each of the nuclear-weapon States, in which they give very limited, conditional and insufficient &quot;security assurances&quot; against the use of nuclear weapons to non-nuclear-weapon States parties to the Treaty.</s>
        <s id="8:2" lang="en">In the view of the Group, such unilateral statements fail to meet any of the requirements of universal, legally binding, effective, unconditional, non-discriminatory and irrevocable security assurances to all non-nuclear-weapon States parties to the Treaty against the use or threat of use of nuclear weapons.</s>
      </p>
      <p id="9">
        <s id="9:1" lang="en">4. The Group of Non-Aligned States Parties to the Treaty believes that negative security assurances to the non-nuclear-weapon States parties to the Treaty would fulfil the undertaking to the States that have voluntarily given up the nuclear-weapons option by becoming parties to the Treaty.</s>
        <s id="9:2" lang="en">The Group further believes that legally binding negative security assurances within the context of the Treaty would provide an essential benefit to the States parties to the Treaty and to the credibility of the Treaty regime.</s>
      </p>
      <p id="10">
        <s id="10:1" lang="en">5. The Group of Non-Aligned States Parties to the Treaty recalls that, at successive conferences of Heads of State or Government of the Movement of the Non-Aligned Countries and ministerial conferences of the Movement, it has been reiterated that improvements in existing nuclear weapons and the development of new types of nuclear weapons, as envisaged in the Nuclear Posture Review of the United States of America, contravene even the mere and still conditional, very limited and insufficient unilateral statements made by each of the nuclear-weapon States.</s>
        <s id="10:2" lang="en">It has further been reaffirmed that these improvements and the development of new types of such weapons violate the commitments undertaken by the nuclear-weapon States at the time of the conclusion of the Comprehensive Nuclear-Test-Ban Treaty.</s>
      </p>
      <p id="11">
        <s id="11:1" lang="en">6. The Group of Non-Aligned States Parties to the Treaty emphasizes that the indefinite extension of the Treaty does not imply the indefinite possession by the nuclear-weapon States of their nuclear arsenals and considers, in that regard, that any assumption of indefinite possession of nuclear weapons is incompatible with the integrity and sustainability of the nuclear non-proliferation regime, both vertical and horizontal, and with the broader objective of maintaining international peace and security.</s>
      </p>
      <p id="12">
        <s id="12:1" lang="en">7. The Group of Non-Aligned States Parties to the Treaty reaffirms that, in accordance with the Charter of the United Nations, States must refrain in their international relations from the threat or use of force against the territorial integrity or political independence of any State, or in any other manner inconsistent with the purposes of the United Nations.</s>
        <s id="12:2" lang="en">While recalling the advisory opinion of 8 July 1996 of the International Court of Justice on the legality of the threat or use of nuclear weapons, the Group believes that, pending the total elimination of nuclear weapons, as the only absolute guarantee against the threat or use of nuclear weapons, the nuclear-weapon States shall seriously refrain, in any circumstances, from the use or threat of use of nuclear weapons against any non-nuclear-weapon States parties to the Treaty.</s>
      </p>
      <p id="13">
        <s id="13:1" lang="en">8. The Group of Non-Aligned States Parties to the Treaty firmly believes that the mere possession or any use or threat of use of nuclear weapons would be in violation of the principles of the Charter of the United Nations and international law, in particular, international humanitarian law.</s>
      </p>
      <p id="14">
        <s id="14:1" lang="en">9. In this regard, while deploring the strategic doctrines of the nuclear-weapon States and the strategic concept for the security of the members of the North Atlantic Treaty Organization, which are based on the use or threat of use of nuclear weapons, and maintain unjustifiable concepts on international security based on promoting and developing military alliances and nuclear deterrence policies, the Group of</s>
      </p>
      <p id="15">
        <s id="15:1" lang="en">Non-Aligned States Parties to the Treaty strongly calls upon the nuclear-weapon States to exclude completely the use or threat of use of nuclear weapons from their military and security doctrines.</s>
      </p>
      <p id="16">
        <s id="16:1" lang="en">10. The Group of Non-Aligned States Parties to the Treaty is also of the view that, pending the conclusion of negotiations on universal, legally binding, effective, unconditional, non-discriminatory and irrevocable security assurances to all</s>
      </p>
      <p id="17">
        <s id="17:1" lang="en">non-nuclear-weapon States parties to the Treaty against the use or threat of use of nuclear weapons, all nuclear-weapon States shall fully respect their existing commitments with regard to negative security assurances and shall extend these assurances, without any condition and discrimination, to all non-nuclear-weapon States parties to the Treaty.</s>
      </p>
      <p id="18">
        <s id="18:1" lang="en">11. The Group of Non-Aligned States Parties to the Treaty recalls that the 2010 Review Conference &quot;reaffirms and recognizes that the total elimination of nuclear weapons is the only absolute guarantee against the use or threat of use of nuclear weapons and the legitimate interest of non-nuclear-weapon States in receiving unequivocal and legally binding security assurances from nuclear-weapon States which could strengthen the nuclear non-proliferation regime&quot;.</s>
        <s id="18:2" lang="en">The Group, therefore, calls on the 2015 Review Conference, in addition to nuclear disarmament being its highest priority, to fully address this legitimate right as a matter of priority.</s>
      </p>
      <p id="19">
        <s id="19:1" lang="en">12. Moreover, the Group of Non-Aligned States Parties to the Treaty expresses concern that, despite long-standing requests by non-nuclear-weapon States parties to the Treaty to receive legally binding negative security assurances, no tangible progress has been made in this regard.</s>
        <s id="19:2" lang="en">The Group therefore stresses that the negotiations on the provision of the effective, unconditional, non-discriminatory and irrevocable, universal, legally binding security assurances by all the nuclear-weapon States to all non-nuclear-weapon States parties to the Treaty against the use or threat of use of nuclear weapons under all circumstances should be pursued as a matter of priority and without further delay.</s>
      </p>
      <p id="20">
        <s id="20:1" lang="en">13. In keeping with the above-mentioned position and in accordance with the decision at the 2000 Review Conference, the Group of Non-Aligned States Parties to the Treaty calls for the establishment of a subsidiary body on security assurances for further work to consider legally binding, unconditional, irrevocable and</s>
      </p>
      <p id="21">
        <s id="21:1" lang="en">non-discriminatory negative security assurances by the five nuclear-weapon States to all non-nuclear-weapon States parties to the Treaty.</s>
      </p>
      <p id="22">
        <s id="22:1" lang="en">14. The Group of Non-Aligned States Parties to the Treaty expresses concern over the lack of agreement on a number of its key priorities, including, inter alia, the early commencement of negotiations on the provision of effective, unconditional, non-discriminatory and irrevocable, universal, legally binding security assurances by all the nuclear-weapon States to all non-nuclear-weapon States parties to the Treaty against the use or threat of use of nuclear weapons under all circumstances, and expresses its determination to continue its collective efforts in pursuing the realization of the aforementioned priority in the 2015 review process of the Treaty.</s>
      </p>
    </body>
  </text>
</TEI.2>
