<?xml version="1.0" encoding="utf-8"?>
<TEI.2>
  <teiHeader>
    <fileDesc>
      <titleStmt>
        <title>The United Nations Parallel Corpus v1.0 - NPT/CONF.2015/PC.III/WP.18</title>
      </titleStmt>
      <publicationStmt>
        <publisher>United Nations DGACM</publisher>
        <pubPlace>New York</pubPlace>
        <date>20140402</date>
        <idno type="symbol">NPT/CONF.2015/PC.III/WP.18</idno>
        <idno type="jobno">N1428820</idno>
        <availability>
          <p>The following disclaimer, an integral part of the United Nations Parallel Corpus v1.0, 
             shall be respected in regard to the Corpus v1.0 (no other restrictions apply):</p>

          <p>The United Nations Parallel Corpus is made available without warranty of any kind, 
             explicit or implied. The United Nations specifically makes no warranties or 
             representations as to the accuracy or completeness of the information contained in 
             the United Nations corpus.</p>

          <p>Under no circumstances shall the United Nations be liable for any loss, liability,
             injury or damage incurred or suffered that is claimed to have resulted from the use
             of the United Nations Corpus. The use of the United Nations Corpus is at the user's 
             sole risk. The user specifically acknowledges and agrees that the United Nations is 
             not liable for the conduct of any user. If the user is dissatisfied with any of the 
             material provided in the United Nations Corpus, the users's sole and exclusive remedy 
             is to discontinue using the United Nations Corpus.</p>

          <p>When using the United Nations Corpus, the user must acknowledge the United Nations as the
             source of the information. For references, please use this reference:
             Ziemski, M., Junczys-Dowmunt, M., and Pouliquen, B. (2016) The United Nations
             Parallel Corpus, Language Resources and Evaluation (LREC’16), Portorož, Slovenia, 
             May 2016.</p>

          <p>Nothing herein shall constitute or be considered to be a limitation upon or waiver,
             express or implied, of the privileges and immunities of the United Nations, which
             are specifically reserved.</p>
        </availability>
        <distributor>http://conferences.unite.un.org/UNCorpus</distributor>
      </publicationStmt>
      <sourceDesc>
        <p>http://www.un.org/en/official-documents-system-search/index.html</p>
      </sourceDesc>
    </fileDesc>
    <profileDesc>
      <langUsage>
        <language ident="en">English</language>
      </langUsage>
    </profileDesc>
  </teiHeader>
  <text>
    <body>
      <p id="1">
        <s id="1:1" lang="en">Third session</s>
      </p>
      <p id="2">
        <s id="2:1" lang="en">New York, 28 April-9 May 2014</s>
      </p>
      <p id="3">
        <s id="3:1" lang="en">Article VI of the Treaty on the Non-Proliferation of</s>
      </p>
      <p id="4">
        <s id="4:1" lang="en">Nuclear Weapons</s>
      </p>
      <p id="5">
        <s id="5:1" lang="en">Working paper submitted by Ireland on behalf of the New Agenda Coalition (Brazil, Egypt, Ireland, Mexico, New Zealand and South Africa)</s>
      </p>
      <p id="6">
        <s id="6:1" lang="en">Article VI of the Treaty on the Non-Proliferation of Nuclear Weapons:</s>
      </p>
      <p id="7">
        <s id="7:1" lang="en">&quot;Each of the Parties to the Treaty undertakes to pursue negotiations in good faith on effective measures relating to cessation of the nuclear arms race at an early date and to nuclear disarmament, and on a treaty on general and complete disarmament under strict and effective international control.&quot;</s>
      </p>
      <p id="8">
        <s id="8:1" lang="en">Background to the working paper</s>
      </p>
      <p id="9">
        <s id="9:1" lang="en">1. It has been 68 years since the General Assembly of the United Nations, in its first resolution, called for the establishment of a Commission to make proposals for &quot;the elimination from national armaments of atomic weapons and of all other major weapons adaptable to mass destruction&quot;.</s>
        <s id="9:2" lang="en">Twenty-four years later, the Treaty on the Non-Proliferation of Nuclear Weapons entered into force.</s>
        <s id="9:3" lang="en">That Treaty established a basis for pursuing the cessation of the nuclear arms race at an early date and for nuclear disarmament and established a number of prohibitions aimed at preventing the wider dissemination of nuclear weapons while reaffirming the inalienable right of all States parties to research, develop and use nuclear energy for peaceful purposes.</s>
      </p>
      <p id="10">
        <s id="10:1" lang="en">2. Implementation of the Treaty&apos;s objective of preventing nuclear weapons proliferation began when the Treaty entered into force.</s>
        <s id="10:2" lang="en">However, 44 years later,</s>
      </p>
      <p id="11">
        <s id="11:1" lang="en">the framework prescribed by the Treaty for achieving its mutually reinforcing objectives -- &quot;cessation of the nuclear arms race at an early date and nuclear disarmament&quot; -- still remains unimplemented.</s>
        <s id="11:2" lang="en">As a result of this, progress on achieving the Treaty&apos;s disarmament objectives lags significantly behind the implementation of its non-proliferation objectives.</s>
      </p>
      <p id="12">
        <s id="12:1" lang="en">3. The Treaty initially entered into force for a fixed period of 25 years, after which the question of whether it should continue in force would require a decision of all parties to the Treaty.</s>
        <s id="12:2" lang="en">It is reasonable to assume that when the Treaty opened for signature in 1968, the outcome of a decision to be taken 27 years later as to whether the Treaty should continue in force beyond 1995 could not be predicted with any certainty.</s>
        <s id="12:3" lang="en">This would seem to raise a presumption that, in the absence of timelines for disarmament explicitly specified within the Treaty, it was envisaged that the Treaty would achieve its disarmament objectives either (i) within the initial 25-year lifespan or, alternatively; (ii) on the basis of timelines to be agreed and established within the set of &quot;effective measures relating to cessation of the nuclear arms race at an early date and to nuclear disarmament,&quot; which article VI of the Treaty obliges all parties to the Treaty to pursue in good faith.</s>
        <s id="12:4" lang="en">Neither has happened.</s>
      </p>
      <p id="13">
        <s id="13:1" lang="en">4. At the 1995 Review and Extension Conference of the Parties to the Treaty on the Non-Proliferation of Nuclear Weapons, the Conference of the Parties to the Treaty, &quot;[h]aving reviewed the operation of the Treaty and affirming that there is a need for full compliance with the Treaty, its extension and its universal adherence, which are essential to international peace and security and the attainment of the ultimate goals of the complete elimination of nuclear weapons and a treaty on general and complete disarmament under strict and effective international control,&quot; agreed without a vote to extend the Treaty indefinitely so that the obligations assumed under it could continue in force.</s>
        <s id="13:2" lang="en">This included all obligations under the Treaty, including article VI, which remains unfulfilled.</s>
      </p>
      <p id="14">
        <s id="14:1" lang="en">5. The 2000 Review Conference agreed on a series of 13 practical steps for systematic and progressive efforts to implement article VI of the Treaty and paragraphs 3 and 4 (c) of the 1995 decision on &quot;Principles and objectives for nuclear non-proliferation and disarmament&quot;.</s>
        <s id="14:2" lang="en">Fourteen years later, these 13 steps, which included an &quot;unequivocal undertaking by the nuclear-weapon States to accomplish the total elimination of their nuclear arsenals leading to nuclear disarmament, to which all States parties are committed under article VI&quot;, remain largely unfulfilled.</s>
        <s id="14:3" lang="en">The &quot;unequivocal&quot; nature of this undertaking by the nuclear-weapon States would seem to have been undermined by subsequent claims by some nuclear-weapon States that they have reached the limits of their minimum credible nuclear deterrence requirements and therefore cannot reduce their nuclear arsenals further in current circumstances.</s>
        <s id="14:4" lang="en">The undertaking is further called into question by ongoing vertical proliferation and modernization programmes and by failures to de-alert operational weapons as a means of reducing nuclear tensions.</s>
      </p>
      <p id="15">
        <s id="15:1" lang="en">6. The 2010 Review Conference noted &quot;the reaffirmation by the nuclear-weapon States of their unequivocal undertaking to accomplish, in accordance with the principle of irreversibility, the total elimination of their nuclear arsenals leading to nuclear disarmament, to which all States parties are committed under article VI of the Treaty&quot;.</s>
        <s id="15:2" lang="en">That Conference agreed on a 64-point action plan across all pillars of the Treaty, as part of which the nuclear-weapon States committed &quot;to accelerate concrete progress on the steps leading to nuclear disarmament, contained in the Final Document of the 2000 Review Conference&quot;, including by &quot;rapidly moving towards an overall reduction in the global stockpile of all types of nuclear weapons, as identified in action 3&quot;.</s>
        <s id="15:3" lang="en">This action plan called upon the nuclear-weapon States to engage promptly with a view to undertaking certain confidence-building measures and to report on progress in implementing these undertakings to the Preparatory Committee at 2014.</s>
        <s id="15:4" lang="en">Following the failure to implement the 13 steps of 2000, the question of whether the 2010 Review Conference may be judged to have been successful will depend upon the extent to which implementation of the 2010 action plan can be demonstrated to have progressed within the current Non-Proliferation Treaty review cycle.</s>
      </p>
      <p id="16">
        <s id="16:1" lang="en">7. Despite significant reductions in the numbers of nuclear weapons being stockpiled since the Cold War, the global nuclear arsenal today stands in excess of 17,000 weapons, with vertical nuclear weapons proliferation and modernization programmes ongoing and intended to continue for decades to come.</s>
        <s id="16:2" lang="en">At the same time, a number of nuclear-weapon States have confirmed that nuclear weapons are and will remain an integral part of their national and alliance military doctrines.</s>
        <s id="16:3" lang="en">The obligation upon States parties to establish a framework for achieving &quot;cessation of the nuclear arms race at an early date and nuclear disarmament&quot; under article VI of the Non-Proliferation Treaty has not been fulfilled.</s>
        <s id="16:4" lang="en">The 13 practical steps for systematic and progressive efforts towards achieving this have not been implemented.</s>
        <s id="16:5" lang="en">As a result, the Non-Proliferation Treaty framework for nuclear disarmament lacks the mechanisms to bring about the urgency, focus and clarity necessary for the Treaty to achieve its own objective.</s>
        <s id="16:6" lang="en">Despite this, the nuclear-weapon States have refused to engage in or support meaningful discussions about the humanitarian impact of nuclear weapons, the follow-up process to the high-level meeting of the General Assembly on nuclear disarmament, or the Open-ended Working Group on taking forward nuclear disarmament negotiations, each of which is entirely consistent with and supportive of article VI of the Non-Proliferation Treaty and all of which offer prospects for making progress on the nuclear-weapon States&apos; own freely given unequivocal undertakings.</s>
        <s id="16:7" lang="en">This calls into question the seriousness with which the nuclear-weapon States approach their unequivocal undertaking to accomplish the total elimination of their nuclear arsenals leading to nuclear disarmament.</s>
        <s id="16:8" lang="en">For the vast majority of States that took a sovereign decision to forego nuclear weapons, in return for which they were given assurances of complete nuclear disarmament, this state of affairs is neither acceptable nor sustainable.</s>
      </p>
      <p id="17">
        <s id="17:1" lang="en">8. The Final Document of the 2010 Review Conference records that the Conference affirmed that &quot;all States need to make special efforts to establish the necessary framework to achieve and maintain a world without nuclear weapons&quot;.</s>
        <s id="17:2" lang="en">As we enter the final year of the 2015 review cycle, no such framework has been established and no exploratory or preparatory discussions have commenced so as to give effect to this commitment.</s>
      </p>
      <p id="18">
        <s id="18:1" lang="en">9. The purpose of this paper is to explore possible options for a framework of &quot;effective measures&quot; that are envisaged and required by article VI of the Treaty, and to examine how these might be elaborated in practice on terms that would strengthen article VI as an effective means for achieving the core disarmament objectives of the Treaty.</s>
      </p>
      <p id="19">
        <s id="19:1" lang="en">The problem: an incomplete nuclear disarmament framework as the</s>
      </p>
      <p id="20">
        <s id="20:1" lang="en">quid pro quo for a functioning nuclear non-proliferation framework</s>
      </p>
      <p id="21">
        <s id="21:1" lang="en">10. Under the terms of the Treaty, the overwhelming majority of States entered into legally binding commitments not to receive, manufacture or otherwise acquire nuclear weapons or other nuclear explosive devices in the context, inter alia, of the corresponding legally binding commitments by the nuclear-weapon States to nuclear disarmament in accordance with the Treaty.</s>
        <s id="21:2" lang="en">Believing &quot;that the proliferation of nuclear weapons would seriously enhance the danger of nuclear war&quot;, the parties to that Treaty desired &quot;to further the easing of international tension and the strengthening of trust between States in order to facilitate the cessation of the manufacture of nuclear weapons, the liquidation of all their existing stockpiles, and the elimination from national arsenals of nuclear weapons and the means of their delivery...&quot;</s>
      </p>
      <p id="22">
        <s id="22:1" lang="en">The global nuclear non-proliferation framework</s>
      </p>
      <p id="23">
        <s id="23:1" lang="en">11. Implementation of the Treaty&apos;s non-proliferation agenda has been, for the most part, successful.</s>
        <s id="23:2" lang="en">In the 44 years since the Treaty&apos;s entry into force, the overwhelming majority of non-nuclear-weapon States remain faithful to their promises to forego the acquisition of nuclear weapons in exchange for promises of disarmament from the nuclear-weapon States.</s>
        <s id="23:3" lang="en">Global nuclear non-proliferation efforts are structurally supported and advanced by the International Atomic Energy Agency (IAEA) safeguards system and by broad participation in the decision-making bodies established by the statute of IAEA.</s>
        <s id="23:4" lang="en">Most countries have voluntarily adopted additional arrangements aimed at preventing nuclear weapons proliferation.</s>
        <s id="23:5" lang="en">If possible questions of compliance by non-nuclear-weapon States should arise, there are procedures and mechanisms by which these can be raised and examined.</s>
        <s id="23:6" lang="en">If serious concerns should arise, they can be referred to the IAEA Board of Governors and, in cases of particular gravity, to the United Nations Security Council.</s>
        <s id="23:7" lang="en">However, it is difficult to pursue non-proliferation effectively while openly failing on nuclear disarmament.</s>
        <s id="23:8" lang="en">The mutually reinforcing nature of nuclear disarmament and nuclear non-proliferation requires the effective implementation of both Treaty imperatives, since the success of one is dependent on and integrally linked to the achievement of the other.</s>
        <s id="23:9" lang="en">Without the requisite progress on nuclear disarmament, the objectives of the Treaty will never be realized.</s>
      </p>
      <p id="24">
        <s id="24:1" lang="en">The global nuclear disarmament regime</s>
      </p>
      <p id="25">
        <s id="25:1" lang="en">12. In contradistinction to the high number of initiatives and arrangements currently in place to support the Treaty&apos;s non-proliferation agenda, the Treaty&apos;s article VI disarmament agenda has not been accorded the requisite priority.</s>
        <s id="25:2" lang="en">Despite a clear mandate within the statute of IAEA for the application of safeguards to any bilateral or multilateral arrangement and a role in &quot;furthering the establishment of safeguarded worldwide disarmament&quot;, some States actively resist the application of IAEA safeguards to nuclear disarmament activities.</s>
        <s id="25:3" lang="en">The IAEA Board of Governors and its General Conference have not been given a role beyond those States that have eliminated all their nuclear weapons and joined the Treaty as non-nuclear-weapon States.</s>
      </p>
      <p id="26">
        <s id="26:1" lang="en">13. It is not acceptable that, 44 years after the entry into force of the</s>
      </p>
      <p id="27">
        <s id="27:1" lang="en">Non-Proliferation Treaty, and 19 years after it was indefinitely extended, the parties to the Treaty have not yet elaborated the &quot;effective measures&quot; that article VI requires.</s>
        <s id="27:2" lang="en">This is despite the fact that the International Court of Justice, in its 1996 advisory opinion, concluded unanimously that there exists an obligation to pursue in good faith and bring to a conclusion negotiations leading to nuclear disarmament in all its aspects under strict and effective international control.</s>
      </p>
      <p id="28">
        <s id="28:1" lang="en">14. Against this backdrop of decades of failure to elaborate and implement a viable and functioning framework for multilateral nuclear disarmament within the terms of article VI of the Treaty, the recent re-emergence of discussion and debate around the humanitarian consequences that would flow from any nuclear weapon detonation is particularly timely in that it has presented a stark picture of the potential consequences of continued collective inaction.</s>
      </p>
      <p id="29">
        <s id="29:1" lang="en">The humanitarian imperative for achieving and maintaining a world without nuclear weapons</s>
      </p>
      <p id="30">
        <s id="30:1" lang="en">15. It is a fact that the catastrophic and potentially irreversible implications of any nuclear weapon detonation are known to and understood by all States.</s>
      </p>
      <p id="31">
        <s id="31:1" lang="en">16. The Non-Proliferation Treaty itself was concluded in the knowledge and understanding of &quot;the devastation that would be visited upon all humankind by a nuclear war and the consequent need to make every effort to avert the danger of such a war and to take measures to safeguard the security of peoples...&quot;</s>
        <s id="31:2" lang="en">Until the commencement of the present Non-Proliferation Treaty review cycle, there has been insufficient debate about what this might mean in practice.</s>
        <s id="31:3" lang="en">The 2010 Review Conference Final Document clearly expressed the Conference&apos;s &quot;deep concern at the continued risk for humanity represented by the possibility that these weapons could be used and the catastrophic humanitarian consequences that would result from the use of nuclear weapons&quot;.</s>
        <s id="31:4" lang="en">That this narrative has been taken up enthusiastically by a majority of United Nations Member States and a majority of Non-Proliferation Treaty States parties within the period of the current Non-Proliferation Treaty review cycle demonstrates that it is of central relevance to the issue of nuclear disarmament in the Treaty context.</s>
        <s id="31:5" lang="en">Humanitarian concerns were a motivating factor in establishing the Non-Proliferation Treaty; they remain a motivating factor in insisting that its provisions are implemented fully.</s>
      </p>
      <p id="32">
        <s id="32:1" lang="en">17. Recent fact-based discussions around the humanitarian consequences of nuclear weapons, including at two open-ended Conferences on the Humanitarian Impact of Nuclear Weapons, convened by Norway in March 2013 and by Mexico in February 2014, have enabled us to deepen our collective understanding of these calamitous consequences and of the increasing risks to life and health arising from possible (and actual) accidents, human error or systems failures at nuclear weapons facilities.</s>
        <s id="32:2" lang="en">A key message from experts and international organizations throughout these discussions has been that no State or international body has the capacity to address the humanitarian emergency caused by a nuclear weapon detonation or to provide adequate assistance to the victims.</s>
      </p>
      <p id="33">
        <s id="33:1" lang="en">18. In addition to the immediate consequences for victims killed or injured by a detonation, the calamitous longer-term and trans-boundary implications -- for human survival and the health of future generations; for our environment and ecosystems; for agriculture; for socioeconomic development; and for our economies -- are also clearly understood.</s>
      </p>
      <p id="34">
        <s id="34:1" lang="en">19. The inescapable conclusion that has been drawn by the majority of United Nations Member States from this fact-based discussion is very clear:</s>
      </p>
      <p id="35">
        <s id="35:1" lang="en">It is in the interest of the very survival of humanity that nuclear weapons are never used again, under any circumstances.</s>
        <s id="35:2" lang="en">The catastrophic effects of a nuclear weapon detonation, whether by accident, miscalculation or design, cannot be adequately addressed.</s>
        <s id="35:3" lang="en">All efforts must be exerted to eliminate the threat of these weapons of mass destruction.</s>
      </p>
      <p id="36">
        <s id="36:1" lang="en">The only way to guarantee that nuclear weapons will never be used again is through their total elimination.</s>
        <s id="36:2" lang="en">All States share the responsibility to prevent the use of nuclear weapons, to prevent their vertical and horizontal proliferation and to achieve nuclear disarmament, including through fulfilling the objectives of the Non-Proliferation Treaty and achieving its universality.</s>
      </p>
      <p id="37">
        <s id="37:1" lang="en">20. States parties to the Non-Proliferation Treaty elaborated, concluded, agreed and ratified that Treaty having considered &quot;the devastation that would be visited upon all mankind by a nuclear war and the consequent need to make every effort to avert the danger of such a war and to take measures to safeguard the security of peoples&quot;.12 With the benefit of an increased understanding of the consequences that would flow from any nuclear weapon detonation -- whether by accident, miscalculation or design -- and knowing that the only way to guarantee fully against even the remotest possibility of a detonation is through the total elimination of all nuclear weapons, States bear a significantly heightened responsibility to move actively -- and now -- to meet the disarmament objectives of article VI in full.</s>
      </p>
      <p id="38">
        <s id="38:1" lang="en">21. Failure to establish a structured framework -- involving nuclear weapon States and non-nuclear-weapon States alike -- to pursue multilateral nuclear disarmament, as required by the Non-Proliferation Treaty, has meant that the process of disarmament has taken on the appearance of a voluntary endeavour to be undertaken by the nuclear-weapon States at a pace, in a manner, and on terms to be decided exclusively by them.</s>
        <s id="38:2" lang="en">However, as the Treaty&apos;s obligation to pursue effective measures for the collective achievement of nuclear disarmament makes clear, as the 1996 advisory opinion of the International Court of Justice confirms, and as the nuclear-weapon-States&apos; own unequivocal undertakings &quot;to accomplish the total elimination of their nuclear arsenals&quot; would seem to acknowledge, nuclear disarmament, however onerous and expensive, is not a voluntary endeavour.</s>
        <s id="38:3" lang="en">It is a Treaty obligation.</s>
      </p>
      <p id="39">
        <s id="39:1" lang="en">22. As we advance towards the 2015 Review Conference, the New Agenda Coalition, through the present working paper, calls for serious and sustained discussion around the Non-Proliferation Treaty requirement that all parties to the Treaty must pursue and elaborate &quot;effective measures&quot; for the achievement of the Treaty&apos;s irreducible disarmament imperatives.</s>
        <s id="39:2" lang="en">This discussion will hopefully give added focus to any outcome of the 2015 Review Conference and assist in orientating the wider nuclear disarmament discussion beyond 2015.</s>
      </p>
      <p id="40">
        <s id="40:1" lang="en">The need for a clear, legally-binding, multilateral commitment to achieve</s>
      </p>
      <p id="41">
        <s id="41:1" lang="en">nuclear disarmament</s>
      </p>
      <p id="42">
        <s id="42:1" lang="en">23. In the Open-ended Working Group on taking forward multilateral nuclear disarmament negotiations, the New Agenda Coalition asserted that the key to maintaining the integrity and sustainability of the global nuclear disarmament and non-proliferation regime is through the elaboration of &quot;a clear, legally binding, multilateral commitment to achieve nuclear disarmament, which would underpin and guide all future efforts towards nuclear disarmament&quot;.</s>
        <s id="42:2" lang="en">In terms of what this might entail, the New Agenda Coalition suggested that, &quot;What is needed is a comprehensive and legally binding framework committing all States to a world free of nuclear weapons, which the New Agenda Coalition has consistently advocated</s>
      </p>
      <p id="43">
        <s id="43:1" lang="en">for ... implemented in an unconditional manner and backed by clearly defined timelines and benchmarks&quot;.</s>
      </p>
      <p id="44">
        <s id="44:1" lang="en">24. Any such clear, freely entered into, legally binding, multilateral commitment, however elaborated, would be entirely consistent with the demand in article VI of the Non-Proliferation Treaty for &quot;effective measures&quot; to end the nuclear arms race and achieve nuclear disarmament.</s>
        <s id="44:2" lang="en">The pursuit of such a commitment would be equally consistent with action 1 of the 64-point action plan agreed on at the 2010 Review Conference, which requires that:</s>
      </p>
      <p id="45">
        <s id="45:1" lang="en">&quot;All States parties commit to pursue policies that are fully compatible with the Treaty and the objective of achieving a world without nuclear weapons.&quot;</s>
      </p>
      <p id="46">
        <s id="46:1" lang="en">25. To achieve and maintain a world free of nuclear weapons, the New Agenda Coalition has suggested that among the measures that will need to be established as part of this legally binding commitment are: a prohibition against the use or threat of use of nuclear weapons; a prohibition against the possession, stockpiling, development or transfer of nuclear weapons; a prohibition against the production of or the use of already existing fissile material for nuclear weapons and the placing of all such fissile material under international safeguards; and a prohibition against nuclear-weapons tests in all their forms, including both supercritical and subcritical tests.</s>
        <s id="46:2" lang="en">To these would be added an obligation to achieve the complete elimination of nuclear weapons.</s>
      </p>
      <p id="47">
        <s id="47:1" lang="en">Elements essential to any instrument creating a set of effective measures relating to cessation of the arms race at an early date and to nuclear disarmament</s>
      </p>
      <p id="48">
        <s id="48:1" lang="en">26. Enlarging upon this to set out a core list of elements that will form an essential part of any instrument or arrangement of instruments creating the set of &quot;effective measures relating to cessation of the arms race at an early date and to nuclear disarmament&quot; that article VI of the Non-Proliferation Treaty obliges States to elaborate, the following is suggested:</s>
      </p>
      <p id="49">
        <s id="49:1" lang="en">(i) A series of legal prohibitions against the development, testing, production, stockpiling, transfer, use and threat of use of nuclear weapons;</s>
      </p>
      <p id="50">
        <s id="50:1" lang="en">(ii) An unequivocal and legally binding obligation to enter into a transparent, irreversible and verifiable process of complete nuclear disarmament;</s>
      </p>
      <p id="51">
        <s id="51:1" lang="en">(iii) Provisions for the control of fissile and other nuclear materials relevant to nuclear explosive devices such that these will not be used for weapons or other nuclear explosive purposes;</s>
      </p>
      <p id="52">
        <s id="52:1" lang="en">(iv) An effective means of verifying the implementation of the obligations and prohibitions arising under the instrument or framework, including through declarations, inspections, monitoring, cooperation, fact-finding, compliance and dispute-settlement mechanisms, etc.;</s>
      </p>
      <p id="53">
        <s id="53:1" lang="en">(v) A framework of national implementation measures;</s>
      </p>
      <p id="54">
        <s id="54:1" lang="en">(vi) An effective and non-discriminatory means of protecting States&apos; entitlement to the exclusively peaceful uses of nuclear technology, subject, in all cases, to safeguards.</s>
      </p>
      <p id="55">
        <s id="55:1" lang="en">Early consideration should be given to:</s>
      </p>
      <p id="56">
        <s id="56:1" lang="en">(vii) The practical, technical, legal, financial, administrative and other arrangements required for the creation of a treaty body to oversee all related activities and objectives, including through the creation of policy- and decision-making organs of the treaty body, the membership of which would be composed of State representatives.</s>
      </p>
      <p id="57">
        <s id="57:1" lang="en">27. The present working paper is designed to bring into the Non-Proliferation Treaty review cycle a serious discussion on the essential constituent elements that will be required if the instrument is to achieve its objective.</s>
        <s id="57:2" lang="en">To test how these elements might function in practice, States could explore a number of options for &quot;effective measures&quot; to implement article VI that have been suggested in the public discourse on nuclear disarmament.</s>
      </p>
      <p id="58">
        <s id="58:1" lang="en">28. The commencement of discussions around the options for effective measures to implement article VI of the Non-Proliferation Treaty does not in any way obviate or alter the need for urgent action on other existing obligations, commitments and undertakings entered into freely under the Treaty and at successive Treaty Review Conferences.</s>
        <s id="58:2" lang="en">In this regard, efforts must be intensified towards the establishment of nuclear-weapon-free zones where they do not yet exist and, in particular, in the Middle East in fulfilment of the 1995 resolution on the Middle East, agreed as part of a package of agreements that included the indefinite extension of the Treaty and reaffirmed by the 2000 and 2010 Review Conferences.</s>
      </p>
      <p id="59">
        <s id="59:1" lang="en">Options that have been suggested for the achievement and maintenance of a world free of nuclear weapons</s>
      </p>
      <p id="60">
        <s id="60:1" lang="en">29. Various options for achieving and maintaining a world free of nuclear weapons suggest themselves or have been suggested in the public discourse on nuclear disarmament.</s>
        <s id="60:2" lang="en">These options should now be explored, discussed and tested against the requirements of article VI. They are described in more detail in the annexes to this paper.</s>
        <s id="60:3" lang="en">They may be summarized as follows:</s>
      </p>
      <p id="61">
        <s id="61:1" lang="en">(1) A comprehensive Nuclear Weapons Convention, which, in setting out general obligations, prohibitions and an effective basis for time-bound, irreversible and verifiable nuclear disarmament, would complement the Chemical Weapons Convention and the Biological and Toxin Weapons Convention as an effective measure for the elimination of all weapons of mass destruction;</s>
      </p>
      <p id="62">
        <s id="62:1" lang="en">(2) A Nuclear Weapons Ban Treaty, which would establish the key prohibitions necessary for the pursuit, achievement and maintenance of a world free of nuclear weapons; such a Treaty could, but need not, additionally set out the practical arrangements required for implementing and overseeing effective, time-bound, irreversible and verifiable nuclear disarmament;</s>
      </p>
      <p id="63">
        <s id="63:1" lang="en">(3) A framework arrangement of mutually supporting instruments aimed at achieving and maintaining a world free of nuclear weapons.</s>
        <s id="63:2" lang="en">These would work in concert to establish the key prohibitions, obligations and arrangements for the achievement and maintenance of a world free of nuclear weapons;</s>
      </p>
      <p id="64">
        <s id="64:1" lang="en">(4) A hybrid arrangement which might include elements of all or any of the above options, or new elements.</s>
      </p>
      <p id="65">
        <s id="65:1" lang="en">30. The New Agenda Coalition does not assert that the above list of options is exhaustive; other options may suggest themselves or be suggested.</s>
        <s id="65:2" lang="en">Nor are any options presented as being necessarily mutually exclusive to, or in competition with, each other.</s>
        <s id="65:3" lang="en">In order to realize the Non-Proliferation Treaty&apos;s shared goal of a world without nuclear weapons, it is in the interests of all States to participate in discussions around each of the options described above from the outset and to strive for the universality of any effective measures that might emerge from these discussions, pursuant to article VI of the Treaty.</s>
        <s id="65:4" lang="en">The New Agenda Coalition calls for all options to be discussed, examined and tested in full against the requirements of article VI, with a view to the early agreement of a framework to be implemented.</s>
        <s id="65:5" lang="en">The New Agenda Coalition asserts again that this is a treaty obligation upon all States parties to the Non-Proliferation Treaty.</s>
        <s id="65:6" lang="en">Each article of the Treaty is binding on the States parties at all times and in all circumstances; all States parties should be held fully accountable with respect to strict compliance with their obligations under the Treaty.</s>
      </p>
      <p id="66">
        <s id="66:1" lang="en">31. Any of the options suggested would advance the object and purpose of the Non-Proliferation Treaty in the manner envisaged and required by article VI of the Treaty, through the pursuit and conclusion of negotiations on &quot;effective measures&quot; to complement and complete the Treaty&apos;s disarmament framework.</s>
      </p>
      <p id="67">
        <s id="67:1" lang="en">The need for full implementation of article VI as a constituent element of the Non-Proliferation Treaty</s>
      </p>
      <p id="68">
        <s id="68:1" lang="en">32. Serious discussion is required on all aspects of the requirement of article VI of a framework for nuclear disarmament.</s>
        <s id="68:2" lang="en">All available forums should be used, including, but not limited to, the standing institutions in which disarmament issues should be addressed and more recent initiatives such as the follow-up process to the 2013 high-level meeting of the General Assembly on nuclear disarmament, the Openended Working Group on taking forward multilateral nuclear disarmament negotiations reconstituted under a new mandate and at stand-alone conferences that address disarmament issues.</s>
        <s id="68:3" lang="en">The New Agenda Coalition will continue to call for discussions in all of these forums.</s>
      </p>
      <p id="69">
        <s id="69:1" lang="en">33. Unless and until all options for the elaboration of the &quot;effective measures&quot; envisaged by article VI are explored, the present stalled pace of disarmament will continue.</s>
        <s id="69:2" lang="en">This will place increasing and intolerable pressure on a treaty that has already been accused of being discriminatory in that its Conference of States Parties has consistently pressed the Treaty&apos;s non-proliferation agenda with vigour and urgency while persistently failing to establish a functioning framework for complete nuclear disarmament as agreed.</s>
        <s id="69:3" lang="en">The perception of discrimination has not been helped by defence doctrines that appear to suggest that nuclear-weapon States, nuclear alliance States and nuclear umbrella States are entitled to retain and/or rely upon what is described as a &quot;credible&quot; or &quot;minimum&quot; deterrent nuclear weapons capability as a necessary means of ensuring their security, potentially in perpetuity, or by claims that international security conditions are not at present conducive to a world without nuclear weapons.</s>
        <s id="69:4" lang="en">The situation is exacerbated by ongoing nuclear weapons modernization programmes (amounting to a de facto qualitative nuclear arms race) and by the continued forward deployment of nuclear weapons on the territory of non-nuclear-weapon States.</s>
      </p>
      <p id="70">
        <s id="70:1" lang="en">34. The New Agenda Coalition sees a direct causal link between the retention of nuclear weapons and possible attempts to acquire them.</s>
        <s id="70:2" lang="en">The dynamic of an arms race has always been that possession provides the incentive for acquisition; proliferation begets proliferation.</s>
      </p>
      <p id="71">
        <s id="71:1" lang="en">35. Given that more than four decades have passed since the entry into force of the Non-Proliferation Treaty, and almost seven decades have passed since the first General Assembly resolution called for proposals for &quot;the elimination from national armaments of atomic weapons and all other major weapons adaptable to mass destruction&quot;, the status quo is unacceptable.</s>
        <s id="71:2" lang="en">The New Agenda Coalition believes it is long past time for States to deliver upon their repeated expressions of political commitment to the elimination of nuclear weapons in line with Non-Proliferation Treaty obligations, to be reflected in substantial action to safeguard future generations from the danger of a nuclear disaster arising from the use of nuclear weapons.</s>
      </p>
      <p id="72">
        <s id="72:1" lang="en">Annex I</s>
      </p>
      <p id="73">
        <s id="73:1" lang="en">Option 1: A comprehensive Nuclear Weapons Convention</s>
      </p>
      <p id="74">
        <s id="74:1" lang="en">1. A model Nuclear Weapons Convention was submitted as an official document to the sixty-second session of the General Assembly of the United Nations.</s>
        <s id="74:2" lang="en">This detailed document sets out the legal, technical and political elements which it suggests are required for the establishment and maintenance of a nuclear weapons-free world.</s>
        <s id="74:3" lang="en">It includes among its main elements:</s>
      </p>
      <p id="75">
        <s id="75:1" lang="en">(1) A set of general obligations prohibiting the development, testing, production, stockpiling, transfer, use and threat of use of nuclear weapons and requiring States possessing nuclear weapons to destroy them;</s>
      </p>
      <p id="76">
        <s id="76:1" lang="en">(2) A declarations obligation, under which States parties to the Convention would be required to declare all nuclear weapons, nuclear material, nuclear facilities and nuclear weapons delivery vehicles that they possess or control and the locations of these;</s>
      </p>
      <p id="77">
        <s id="77:1" lang="en">(3) A phased process of nuclear weapons elimination, involving five phases of elimination: (i) de-alerting; (ii) removal from deployment; (iii) removal of warheads from their delivery vehicles; (iv) disabling of the warheads; and (v) removal and disfiguring of the &quot;pits&quot; and placement of fissile material under international control;</s>
      </p>
      <p id="78">
        <s id="78:1" lang="en">(4) A verification process, which would include declarations and reports from States, routine inspections, challenge inspections, on-site sensors, satellite photography, radionuclide sampling and other remote sensors, information-sharing with other organizations, and citizen reporting;</s>
      </p>
      <p id="79">
        <s id="79:1" lang="en">(5) A set of national implementation measures, through which States parties would be required to adopt necessary legislative measures to implement their obligations under the Convention to provide for the prosecution of persons committing crimes and for the protection for persons reporting violations of the Convention; States would also be required to establish a national authority responsible for national tasks in implementation;</s>
      </p>
      <p id="80">
        <s id="80:1" lang="en">(6) A series of rights and obligations for individuals, legal entities and States;</s>
      </p>
      <p id="81">
        <s id="81:1" lang="en">(7) The establishment of an Agency to implement the Convention.</s>
        <s id="81:2" lang="en">This would be responsible for verification, ensuring compliance, and decision-making, and would comprise a conference of States parties, an executive council and a technical secretariat;</s>
      </p>
      <p id="82">
        <s id="82:1" lang="en">(8) Provisions regarding nuclear material, which would prohibit the production of any fissionable or fusionable material that can be used directly to make a nuclear weapon, including plutonium (other than that in spent fuel) and highly enriched uranium.</s>
        <s id="82:2" lang="en">Low enriched uranium would be permitted for nuclear energy purposes;</s>
      </p>
      <p id="83">
        <s id="83:1" lang="en">(9) Procedures for cooperation, compliance and dispute settlement, which include provisions for consultation, cooperation and fact-finding to clarify and resolve questions of interpretation with respect to compliance and other matters, with the possibility of referrals to the International Court of Justice and a series of graduated responses for non-compliance;</s>
      </p>
      <p id="84">
        <s id="84:1" lang="en">(10) A means of clarifying how the Convention would relate to other international agreements.</s>
        <s id="84:2" lang="en">The model Nuclear Weapons Convention would represent the implementation of article VI, of a universally adhered to Non-Proliferation Treaty, and build on existing nuclear nonproliferation and disarmament regimes and verification and compliance arrangements, including the Non-Proliferation Treaty, International Atomic Energy Agency Safeguards, Comprehensive Test Ban Treaty Organization International Monitoring System and bilateral agreements between the Russian Federation and the United States of America.</s>
        <s id="84:3" lang="en">In some cases, the model Nuclear Weapons Convention may add to the functions and activities of such regimes and arrangements.</s>
        <s id="84:4" lang="en">In other cases, the model Nuclear Weapons Convention would establish additional complementary arrangements;</s>
      </p>
      <p id="85">
        <s id="85:1" lang="en">(11) Details as to financing, under which nuclear-weapon States would meet the costs of eliminating their nuclear arsenals and an international fund would be established to assist States facing financial difficulties in meeting their obligations;</s>
      </p>
      <p id="86">
        <s id="86:1" lang="en">(12) The inclusion of an optional protocol concerning energy assistance, which would establish a programme of energy assistance for States parties choosing not to develop nuclear energy or to phase out existing nuclear energy programmes.</s>
      </p>
      <p id="87">
        <s id="87:1" lang="en">2. As set out above, a comprehensive Nuclear Weapons Convention would complement the Chemical Weapons Convention and the Biological and Toxin Weapons Convention and, thereby, complete the international treaty framework for the elimination and prohibition of all weapons of mass destruction.</s>
        <s id="87:2" lang="en">The draft submitted to the sixty-second session of the General Assembly could offer a useful basis for States to begin discussions exploring the concept of a comprehensive Convention and how it would work in practice.</s>
      </p>
      <p id="88">
        <s id="88:1" lang="en">3. Consideration would have to be given to how a comprehensive Convention would operate in practice alongside -- in support of -- the Non-Proliferation Treaty, particularly if both arrangements enjoy different levels of adherence.</s>
        <s id="88:2" lang="en">Article VI of the Non-Proliferation Treaty does not require that any new &quot;effective measure&quot; be situated within the text of the Non-Proliferation Treaty, but simply that measures must be elaborated in support of the Treaty&apos;s object and purpose.</s>
        <s id="88:3" lang="en">Consistent with general international law, it would, of course, be possible for non-Non-Proliferation Treaty States to adhere to a Convention (either as a stand-alone instrument or as part of a wider framework arrangement) without first being required to adhere to the Non-Proliferation Treaty.</s>
        <s id="88:4" lang="en">The effect would be to facilitate the implementation of Non-Proliferation Treaty norms and obligations on terms that permit</s>
      </p>
      <p id="89">
        <s id="89:1" lang="en">non-Non-Proliferation Treaty State participation.</s>
        <s id="89:2" lang="en">Non-Proliferation Treaty universality could of course follow and as now would be encouraged.</s>
        <s id="89:3" lang="en">At the same time, it is possible that certain Non-Proliferation Treaty States may be disinclined to join a Convention, at least initially.</s>
        <s id="89:4" lang="en">States should explore what this might mean for the Non-Proliferation Treaty, for a comprehensive Convention, and for the respective groups of States adhering to (or choosing not to adhere to) each.</s>
      </p>
      <p id="90">
        <s id="90:1" lang="en">4. Examination of a comprehensive Nuclear Weapons Convention should explore fully all practical issues that may arise in the implementation of the Convention&apos;s provisions in order to support article VI of the Non-Proliferation Treaty.</s>
      </p>
      <p id="91">
        <s id="91:1" lang="en">Option 2: A Nuclear Weapons Ban Treaty</s>
      </p>
      <p id="92">
        <s id="92:1" lang="en">1. While many States have recognized the need to eliminate and abolish nuclear weapons internationally, this has not manifested itself in any exploratory or preparatory work or discussion by States around the concept of a Ban Treaty as a contributor to disarmament and non-proliferation efforts.</s>
        <s id="92:2" lang="en">As a possible means of ensuring the full implementation of article VI, the Ban Treaty option should be examined by States as with all other options.</s>
      </p>
      <p id="93">
        <s id="93:1" lang="en">2. At its simplest, a Nuclear Weapons Ban Treaty could be established through a short legally binding instrument that codifies in relatively simple terms the detail of the prohibitions implicitly assumed by all of the non-nuclear-weapon States when they joined the Non-Proliferation Treaty.</s>
        <s id="93:2" lang="en">To achieve this, the Treaty could simply set out a short sequence of general obligations and prohibitions similar to those set out in the general obligations section of the draft model Nuclear Weapons Convention submitted to the General Assembly at its sixty-second session.</s>
        <s id="93:3" lang="en">Through such provisions, a Ban Treaty could establish existing Non-Proliferation Treaty obligations and commitments on a more clearly defined footing and continue them in effect.</s>
      </p>
      <p id="94">
        <s id="94:1" lang="en">3. As distinct from a comprehensive Convention, it would not seem necessary for a Ban Treaty to prescribe the kinds of legal and technical arrangements needed for the establishment and maintenance of a nuclear weapons-free world.</s>
        <s id="94:2" lang="en">It could of course prescribe such arrangements to the extent that States might wish.</s>
        <s id="94:3" lang="en">However, if not prescribed in a Ban Treaty, such arrangements would need to be prescribed by other means.</s>
        <s id="94:4" lang="en">In this sense, it would appear that a short-form Ban Treaty, which simply prohibits the weapons, might usefully be examined as either an instrument building upon existing obligations in a longer-term process towards elaborating a complete set of effective measures for the achievement and maintenance of a world without nuclear weapons or, alternatively, as just one constituent element of a wider framework arrangement to achieve the same ends (see Option 3 -- &quot;framework arrangement&quot; -- annex III).</s>
      </p>
      <p id="95">
        <s id="95:1" lang="en">4. As in the case of the comprehensive Nuclear Weapons Convention, consideration would have to be given to how a Ban Treaty would operate in practice alongside -- in support of -- the Non-Proliferation Treaty, particularly if both arrangements enjoyed different levels of adherence.</s>
        <s id="95:2" lang="en">Article VI of the NonProliferation Treaty does not require that any new &quot;effective measure&quot; be situated within the text of the Treaty, but simply that measures be elaborated in support of the Treaty&apos;s object and purpose.</s>
        <s id="95:3" lang="en">It would therefore be possible for nonNon-Proliferation Treaty States to adhere to a Ban Treaty (either as a stand-alone instrument or as part of a wider framework arrangement) without first having to adhere to the Non-Proliferation Treaty.</s>
        <s id="95:4" lang="en">The effect would be to facilitate the implementation of Non-Proliferation Treaty norms and obligations on terms that permit non-Non-Proliferation Treaty State participation.</s>
        <s id="95:5" lang="en">Non-Proliferation Treaty universality could of course follow and as now would be encouraged.</s>
        <s id="95:6" lang="en">At the same time, it is possible that certain Non-Proliferation Treaty States may be disinclined to join a Ban Treaty, at least initially.</s>
        <s id="95:7" lang="en">States should explore what this might mean for the Non-Proliferation Treaty, for the Ban Treaty, and for the respective groups of States adhering to (or choosing not to adhere to) each.</s>
      </p>
      <p id="96">
        <s id="96:1" lang="en">5. A Ban Treaty, in whatever form it might take, would need to make some provision for the elaboration (either within the Ban itself or by other means) of the disarmament obligations and arrangements that would be a necessary and irreducible element of the accession of any nuclear-weapon-possessor State.</s>
        <s id="96:2" lang="en">These disarmament arrangements would need to include a basis for verification procedures, timelines, reporting arrangements, etc., similar to those in a comprehensive Convention.</s>
        <s id="96:3" lang="en">A short-form Ban Treaty that does not delineate detailed verification arrangements for disarmament could equally make provision for the subsequent elaboration of these details at a later date, by agreement between the acceding weapons State and the policymaking organs of the Ban Treaty organization.</s>
      </p>
      <p id="97">
        <s id="97:1" lang="en">6. As set out above, the prohibitions set out in a Nuclear Weapons Ban Treaty would complement the prohibitions set out in the Chemical Weapons Convention and the Biological and Toxin Weapons Convention and, thereby, complete the international treaty framework for the prohibition of all weapons of mass destruction.</s>
      </p>
      <p id="98">
        <s id="98:1" lang="en">7. Examination of the Ban Treaty should explore fully all practical issues that may arise in the implementation of the Ban Treaty&apos;s provisions in order to support article VI of the Non-Proliferation Treaty.</s>
      </p>
      <p id="99">
        <s id="99:1" lang="en">Option 3: A framework arrangement</s>
      </p>
      <p id="100">
        <s id="100:1" lang="en">1. A framework arrangement would involve the elaboration of a series of mutually supporting instruments that, together, would address the various requirements of achieving and maintaining a world without nuclear weapons.</s>
        <s id="100:2" lang="en">At the centre of the framework would be the Non-Proliferation Treaty.</s>
        <s id="100:3" lang="en">It would be supported from without by a number of instruments that would presumably include: the Comprehensive Nuclear-Test-Ban Treaty, if and when it enters into force, and a Fissile Material Treaty, if one is negotiated and agreed.</s>
      </p>
      <p id="101">
        <s id="101:1" lang="en">2. Further requirements of a framework arrangement would seem to include an instrument setting out the detail of general obligations and prohibitions to be assumed (which could be achieved through either a comprehensive Nuclear Weapons Convention or a Nuclear Weapons Ban Treaty -- both described in annexes I and II above); and an instrument establishing the necessary technical, legal and other arrangements for the implementation and oversight of related nuclear disarmament activities and nuclear non-proliferation safeguards within the arrangement.</s>
        <s id="101:2" lang="en">A comprehensive Convention, as described in paragraph 29 of the working paper, may provide many of these requirements of a framework.</s>
        <s id="101:3" lang="en">This would not preclude the addition of a Ban Treaty or any other instrument that States might suggest.</s>
      </p>
      <p id="102">
        <s id="102:1" lang="en">3. Examination of a framework arrangement should explore fully all practical issues that may arise in the implementation of the provisions of each instrument in order to support article VI of the Non-Proliferation Treaty.</s>
      </p>
      <p id="103">
        <s id="103:1" lang="en">Option 4: A hybrid arrangement</s>
      </p>
      <p id="104">
        <s id="104:1" lang="en">1. A hybrid arrangement would take individual elements of the three arrangements mentioned in annexes I to III above and combine them or add to them, in elaborating an instrument or set of instruments to set out the necessary &quot;effective measures&quot; to achieve and maintain a world without nuclear weapons.</s>
      </p>
    </body>
  </text>
</TEI.2>
