<?xml version="1.0" encoding="utf-8"?>
<TEI.2>
  <teiHeader>
    <fileDesc>
      <titleStmt>
        <title>The United Nations Parallel Corpus v1.0 - NPT/CONF.2015/PC.III/WP.12</title>
      </titleStmt>
      <publicationStmt>
        <publisher>United Nations DGACM</publisher>
        <pubPlace>New York</pubPlace>
        <date>20140324</date>
        <idno type="symbol">NPT/CONF.2015/PC.III/WP.12</idno>
        <idno type="jobno">N1427356</idno>
        <availability>
          <p>The following disclaimer, an integral part of the United Nations Parallel Corpus v1.0, 
             shall be respected in regard to the Corpus v1.0 (no other restrictions apply):</p>

          <p>The United Nations Parallel Corpus is made available without warranty of any kind, 
             explicit or implied. The United Nations specifically makes no warranties or 
             representations as to the accuracy or completeness of the information contained in 
             the United Nations corpus.</p>

          <p>Under no circumstances shall the United Nations be liable for any loss, liability,
             injury or damage incurred or suffered that is claimed to have resulted from the use
             of the United Nations Corpus. The use of the United Nations Corpus is at the user's 
             sole risk. The user specifically acknowledges and agrees that the United Nations is 
             not liable for the conduct of any user. If the user is dissatisfied with any of the 
             material provided in the United Nations Corpus, the users's sole and exclusive remedy 
             is to discontinue using the United Nations Corpus.</p>

          <p>When using the United Nations Corpus, the user must acknowledge the United Nations as the
             source of the information. For references, please use this reference:
             Ziemski, M., Junczys-Dowmunt, M., and Pouliquen, B. (2016) The United Nations
             Parallel Corpus, Language Resources and Evaluation (LREC’16), Portorož, Slovenia, 
             May 2016.</p>

          <p>Nothing herein shall constitute or be considered to be a limitation upon or waiver,
             express or implied, of the privileges and immunities of the United Nations, which
             are specifically reserved.</p>
        </availability>
        <distributor>http://conferences.unite.un.org/UNCorpus</distributor>
      </publicationStmt>
      <sourceDesc>
        <p>http://www.un.org/en/official-documents-system-search/index.html</p>
      </sourceDesc>
    </fileDesc>
    <profileDesc>
      <langUsage>
        <language ident="en">English</language>
      </langUsage>
    </profileDesc>
  </teiHeader>
  <text>
    <body>
      <p id="1">
        <s id="1:1" lang="en">Third session</s>
      </p>
      <p id="2">
        <s id="2:1" lang="en">New York, 28 April-9 May 2014</s>
      </p>
      <p id="3">
        <s id="3:1" lang="en">Peaceful uses of nuclear energy</s>
      </p>
      <p id="4">
        <s id="4:1" lang="en">Working paper submitted by Iraq on behalf of the States members of the League of Arab States</s>
      </p>
      <p id="5">
        <s id="5:1" lang="en">I. Background</s>
      </p>
      <p id="6">
        <s id="6:1" lang="en">1. At the eighteenth session of the Council of the League of Arab States at the Summit level, that was held in Khartoum in 2006, the Arab States announced action at both the national and regional levels to develop programmes for the peaceful uses of nuclear energy, with a view to achieving development in various spheres.</s>
        <s id="6:2" lang="en">At its nineteenth, twentieth and twenty-first sessions, held in Riyadh in March 2007, Damascus in March 2008 and Doha in March 2009, respectively, the Council of the League of Arab States at the Summit level discussed that issue, and adopted the following important resolutions:</s>
      </p>
      <p id="7">
        <s id="7:1" lang="en">(a) Resolutions Nos. 383, 425 and 471, entitled Development of the peaceful uses of nuclear energy in the States members of the League of Arab States, which determined that Arab States would, at the national level, focus on training staff and establishing the scientific and research bases for the development of nuclear energy;</s>
      </p>
      <p id="8">
        <s id="8:1" lang="en">(b) Resolutions Nos. 384, 426 and 472, entitled Development of joint Arab programmes for the use of nuclear energy for peaceful purposes, which called for Arab regional cooperation in carrying out joint projects in order to underpin development in those fields.</s>
      </p>
      <p id="9">
        <s id="9:1" lang="en">2. At successive sessions, the Council of the League of Arab States at the Summit level adopted resolutions that affirmed the inalienable right of the Arab States to benefit from the peaceful uses of nuclear energy, as provided for in the Treaty on the Non-Proliferation of Nuclear Weapons (NPT).</s>
        <s id="9:2" lang="en">In that connection, the Arab States reject attempts to restrict or limit that right while privileges are granted to certain States not parties to the Treaty.</s>
      </p>
      <p id="10">
        <s id="10:1" lang="en">3. Resolution No. 472, which was adopted in Doha on 30 March 2009 at the twenty-first session of the Council of the League of Arab States at the Summit level, endorsed the Arab strategy for the peaceful uses of nuclear energy to 2020, which was drafted by the Arab Atomic Energy Agency in 2008.</s>
      </p>
      <p id="11">
        <s id="11:1" lang="en">II. The position of the Arab States</s>
      </p>
      <p id="12">
        <s id="12:1" lang="en">4. The Arab States affirm that the peaceful uses of nuclear energy are a fundamental right of the parties to the Treaty, and that any reinterpretation of that right is prohibited by article IV, paragraph 1, of the Treaty, which provides: Nothing in this Treaty shall be interpreted as affecting the inalienable right of all the parties to the Treaty to develop research, production and use of nuclear energy for peaceful purposes without discrimination and in conformity with articles I and II of this Treaty.</s>
      </p>
      <p id="13">
        <s id="13:1" lang="en">5. The Arab States consider that any breach of article IV, paragraph 1, of the Treaty, would be inconsistent with one of the principles that prompted the</s>
      </p>
      <p id="14">
        <s id="14:1" lang="en">non-nuclear States to become parties to the Treaty, namely, that the right to benefit from the peaceful uses of nuclear energy was unrestricted and non-discriminatory; and affirm that all States parties are entitled to obtain the international support necessary to develop their capacities in the field of the peaceful uses of nuclear energy.</s>
      </p>
      <p id="15">
        <s id="15:1" lang="en">6. The Arab States affirm the importance of the principle that every country has the right to express its choices and take its own decisions with regard to the peaceful uses of nuclear energy without prejudice to its policies, the agreements and arrangements that it has concluded under international cooperation programmes in the field of the peaceful uses of nuclear energy or its policy with respect to the nuclear fuel cycle.</s>
      </p>
      <p id="16">
        <s id="16:1" lang="en">7. The Arab States believe that strengthening the rights of States parties to the Treaty in those fields will underpin and reinforce the Treaty, particularly in view of the fact that those States are committed to the safeguards agreements concluded with the International Atomic Energy Agency, which is the sole international body authorized to verify whether or not a State is in compliance with its safeguards agreements.</s>
      </p>
      <p id="17">
        <s id="17:1" lang="en">8. While persistent attempts are being made to restrict the right of States parties to the Treaty to benefit from the peaceful uses of nuclear energy, the States that possess nuclear materials and technology are cooperating with non-States parties to the Treaty, thereby demonstrating the double standards that are used with regard to Decision 2, paragraph 12, of the Principles and Objectives for Nuclear</s>
      </p>
      <p id="18">
        <s id="18:1" lang="en">Non-Proliferation and Disarmament that was adopted by the 1995 NPT Review and Extension Conference.</s>
      </p>
      <p id="19">
        <s id="19:1" lang="en">9. The Arab States are therefore concerned that a non-party State has again been exempted from the Guidelines for Nuclear Transfers issued by the Nuclear Suppliers Group, which prohibit nuclear transfers to non-party States whose nuclear facilities are not subject to International Atomic Energy Agency safeguards regimes.</s>
        <s id="19:2" lang="en">Such transfers contravene article III, paragraph 2, of the Treaty and damage its credibility.</s>
      </p>
      <p id="20">
        <s id="20:1" lang="en">10. Although many Arab States have voluntarily signed additional protocols, they all reject attempts to make such additional protocols a necessary rather than a voluntary condition for the acquisition of peaceful nuclear technologies and the exchange of information to promote their development, when States outside the nuclear non-proliferation regime have been exempted from that condition and have not been pressed to accede to the Treaty.</s>
      </p>
      <p id="21">
        <s id="21:1" lang="en">11. On the basis of those considerations, the Arab States propose that the 2015 Review Conference of the Parties to the Treaty should consider the following recommendations:</s>
      </p>
      <p id="22">
        <s id="22:1" lang="en">(a) It should be emphasized that under article IV of the Treaty, all States parties have a fundamental and inalienable right to benefit from nuclear energy for peaceful purposes, and any restrictions to that fundamental right should be rejected;</s>
      </p>
      <p id="23">
        <s id="23:1" lang="en">(b) It should be affirmed that any reinterpretation of an article of the Treaty in such a manner as to hamper or infringe that fundamental right would constitute a clear violation of the Treaty and undermine its credibility and purpose; any attempt to make the voluntary conclusion of additional protocols into a precondition for the acquisition by developing States of peaceful nuclear technologies should be rejected;</s>
      </p>
      <p id="24">
        <s id="24:1" lang="en">(c) Respect for States&apos; national decisions to benefit from the peaceful uses of nuclear energy should be emphasized; no steps should be taken that could hamper or negatively affect international cooperation on peaceful technologies with those States, so long as they remain committed to the safeguards agreements concluded with the International Atomic Energy Agency;</s>
      </p>
      <p id="25">
        <s id="25:1" lang="en">(d) It should be affirmed that the Agency is the authority with sole responsibility for verifying State compliance with commitments under the Treaty;</s>
      </p>
      <p id="26">
        <s id="26:1" lang="en">(e) Every State party to the Treaty should facilitate the exchange of scientific and technological materials and information in as complete a manner as possible in the context of the Treaty, so long as the State obtaining those materials or information is committed to the safeguards agreements concluded with the Agency, which is the entity with sole responsibility for verifying States parties&apos; implementation of safeguards agreements.</s>
        <s id="26:2" lang="en">The Agency must preserve its impartiality and professional role, in accordance with its Statute;</s>
      </p>
      <p id="27">
        <s id="27:1" lang="en">(f) It should be emphasized that, as stated in Agency information circular 267 of March 1979 (INFCIRC/267), the technical assistance activities provided to Member States by the Agency should not be subject to any political, economic, military or other conditions incompatible with the Agency&apos;s Statute;</s>
      </p>
      <p id="28">
        <s id="28:1" lang="en">(g) The International Atomic Energy Agency should be called upon to increase the materials allocated for technical assistance to States parties and, in particular, the developing States;</s>
      </p>
      <p id="29">
        <s id="29:1" lang="en">(h) No new commitments for non-nuclear-weapon States parties to the Treaty should be accepted until there has been genuine progress in achieving the universality of the Treaty, realizing nuclear disarmament, ensuring that all States parties comply with current commitments and, in particular, ensuring implementation of the resolution on the Middle East adopted at the 1995 Review and Extension Conference;</s>
      </p>
      <p id="30">
        <s id="30:1" lang="en">(i) No technical support should be provided to States not parties to the Treaty, in accordance with articles I, II and III of the Treaty and in order to safeguard its purpose and credibility;</s>
      </p>
      <p id="31">
        <s id="31:1" lang="en">(j) The Agency should be called upon to halt the technical programmes provided to Israel.</s>
        <s id="31:2" lang="en">Cooperation with Israel on nuclear issues should be suspended until it accedes to the Treaty as a non-nuclear-weapon State and places all its nuclear facilities under an International Atomic Energy Agency comprehensive safeguards agreement.</s>
        <s id="31:3" lang="en">Those steps are a necessary precondition in order to promote the universality, credibility and effectiveness of the Treaty.</s>
      </p>
    </body>
  </text>
</TEI.2>
