<?xml version="1.0" encoding="utf-8"?>
<TEI.2>
  <teiHeader>
    <fileDesc>
      <titleStmt>
        <title>The United Nations Parallel Corpus v1.0 - NPT/CONF.2015/PC.III/WP.17</title>
      </titleStmt>
      <publicationStmt>
        <publisher>United Nations DGACM</publisher>
        <pubPlace>New York</pubPlace>
        <date>20140401</date>
        <idno type="symbol">NPT/CONF.2015/PC.III/WP.17</idno>
        <idno type="jobno">N1428544</idno>
        <availability>
          <p>The following disclaimer, an integral part of the United Nations Parallel Corpus v1.0, 
             shall be respected in regard to the Corpus v1.0 (no other restrictions apply):</p>

          <p>The United Nations Parallel Corpus is made available without warranty of any kind, 
             explicit or implied. The United Nations specifically makes no warranties or 
             representations as to the accuracy or completeness of the information contained in 
             the United Nations corpus.</p>

          <p>Under no circumstances shall the United Nations be liable for any loss, liability,
             injury or damage incurred or suffered that is claimed to have resulted from the use
             of the United Nations Corpus. The use of the United Nations Corpus is at the user's 
             sole risk. The user specifically acknowledges and agrees that the United Nations is 
             not liable for the conduct of any user. If the user is dissatisfied with any of the 
             material provided in the United Nations Corpus, the users's sole and exclusive remedy 
             is to discontinue using the United Nations Corpus.</p>

          <p>When using the United Nations Corpus, the user must acknowledge the United Nations as the
             source of the information. For references, please use this reference:
             Ziemski, M., Junczys-Dowmunt, M., and Pouliquen, B. (2016) The United Nations
             Parallel Corpus, Language Resources and Evaluation (LREC’16), Portorož, Slovenia, 
             May 2016.</p>

          <p>Nothing herein shall constitute or be considered to be a limitation upon or waiver,
             express or implied, of the privileges and immunities of the United Nations, which
             are specifically reserved.</p>
        </availability>
        <distributor>http://conferences.unite.un.org/UNCorpus</distributor>
      </publicationStmt>
      <sourceDesc>
        <p>http://www.un.org/en/official-documents-system-search/index.html</p>
      </sourceDesc>
    </fileDesc>
    <profileDesc>
      <langUsage>
        <language ident="en">English</language>
      </langUsage>
    </profileDesc>
  </teiHeader>
  <text>
    <body>
      <p id="1">
        <s id="1:1" lang="en">Third session</s>
      </p>
      <p id="2">
        <s id="2:1" lang="en">New York, 28 April-9 May 2014</s>
      </p>
      <p id="3">
        <s id="3:1" lang="en">Substantive recommendations for incorporation into the final document of the 2015 Review Conference of the Parties to the Treaty on the Non-Proliferation of Nuclear Weapons</s>
      </p>
      <p id="4">
        <s id="4:1" lang="en">Working paper submitted by the Group of Non-Aligned States Parties to the Treaty on the Non-Proliferation of Nuclear Weapons</s>
      </p>
      <p id="5">
        <s id="5:1" lang="en">I. Introduction</s>
      </p>
      <p id="6">
        <s id="6:1" lang="en">1. The Group of Non-Aligned States Parties to the Treaty on the</s>
      </p>
      <p id="7">
        <s id="7:1" lang="en">Non-Proliferation of Nuclear Weapons emphasizes that the Treaty is an essential foundation for the pursuit of nuclear disarmament and the key instrument in the efforts to halt the vertical and horizontal proliferation of nuclear weapons.</s>
        <s id="7:2" lang="en">The Group further underscores that the realization of the inalienable right of all the parties to the Treaty to develop research, production and use of nuclear energy for peaceful purposes constitutes one of the fundamental objectives of the Treaty.</s>
      </p>
      <p id="8">
        <s id="8:1" lang="en">2. The Group of Non-Aligned States Parties to the Treaty stresses, once more, the fundamental importance of the full, effective and non-discriminatory implementation of the obligations under the Treaty, in particular on nuclear disarmament.</s>
        <s id="8:2" lang="en">In this context, the Group calls for the full implementation of all commitments and the unequivocal undertakings assumed by the nuclear-weapon States, at the 1995 Review and Extension Conference and the 2000 and 2010 Review Conferences of the Parties to the Treaty on the Non-Proliferation of Nuclear Weapons, to accomplish the total elimination of their nuclear arsenals leading to nuclear disarmament.</s>
      </p>
      <p id="9">
        <s id="9:1" lang="en">3. Building on the working papers presented by the Group of Non-Aligned States Parties to the Non-Proliferation Treaty at the first, second and third sessions of the Preparatory Committee, the Group submits the following recommendations on the implementation of the Treaty as well as the commitments and undertakings agreed by consensus at the 1995 Review and Extension Conference and the 2000 and 2010 Review Conferences, for incorporation into the final document of the 2015 Review Conference.</s>
        <s id="9:2" lang="en">At the same time, the Group may propose further recommendations during the Review Conference.</s>
      </p>
      <p id="10">
        <s id="10:1" lang="en">II. Recommendations</s>
      </p>
      <p id="11">
        <s id="11:1" lang="en">Principles and objectives</s>
      </p>
      <p id="12">
        <s id="12:1" lang="en">Recommendation 1</s>
      </p>
      <p id="13">
        <s id="13:1" lang="en">To emphasize that the Non-Proliferation Treaty is the key international instrument aimed at achieving nuclear disarmament, halting the vertical and horizontal proliferation of nuclear weapons and promoting international cooperation and assistance in the peaceful uses of nuclear energy.</s>
      </p>
      <p id="14">
        <s id="14:1" lang="en">Recommendation 2</s>
      </p>
      <p id="15">
        <s id="15:1" lang="en">To reaffirm that the full, non-discriminatory and balanced implementation of the three pillars of the Non-Proliferation Treaty remains essential for promoting its credibility and effectiveness and in realizing its objectives.</s>
      </p>
      <p id="16">
        <s id="16:1" lang="en">Recommendation 3</s>
      </p>
      <p id="17">
        <s id="17:1" lang="en">To reiterate that the continued existence of nuclear weapons represents a grave threat to humanity and that the total elimination of nuclear weapons is the only absolute guarantee against the use or threat of use of nuclear weapons, as well as the risk of their unauthorized, unintentional or accidental use.</s>
      </p>
      <p id="18">
        <s id="18:1" lang="en">Recommendation 4</s>
      </p>
      <p id="19">
        <s id="19:1" lang="en">To stress that the full and effective implementation of all obligations under the Treaty on nuclear disarmament and non-proliferation of nuclear weapons, including in particular by the nuclear-weapon States, as well as the implementation of commitments and unequivocal undertakings assumed by them to accomplish the total elimination of their nuclear arsenals leading to nuclear disarmament, is crucial in promoting international peace and security.</s>
      </p>
      <p id="20">
        <s id="20:1" lang="en">Recommendation 5</s>
      </p>
      <p id="21">
        <s id="21:1" lang="en">To reaffirm that each article of the Treaty is binding on all States parties without exception, and that States parties are required to comply strictly with their legal obligations under the Treaty and to implement those commitments agreed by consensus at the Review Conferences of the Treaty, including, in particular, the 1995 Review and Extension Conference and the 2000 and 2010 Review Conferences.</s>
      </p>
      <p id="22">
        <s id="22:1" lang="en">Recommendation 6</s>
      </p>
      <p id="23">
        <s id="23:1" lang="en">To underline that the immediate and unconditional accession to the Treaty by all States not party, as non-nuclear-weapon States, is essential for the full realization of its objectives.</s>
        <s id="23:2" lang="en">All States parties should make every effort to achieve the universality of the Treaty and refrain from taking any actions that could negatively affect prospects for the universality of the Treaty.</s>
      </p>
      <p id="24">
        <s id="24:1" lang="en">Recommendation 7</s>
      </p>
      <p id="25">
        <s id="25:1" lang="en">To strongly call on all States that are not party to the Non-Proliferation Treaty, particularly those States that operate unsafeguarded nuclear facilities, to accede, without any further delay and precondition, to the Treaty as non-nuclear-weapon States.</s>
      </p>
      <p id="26">
        <s id="26:1" lang="en">Recommendation 8</s>
      </p>
      <p id="27">
        <s id="27:1" lang="en">To reaffirm the integrity of article IX, paragraph 3, of the Non-Proliferation Treaty, and the obligation of all States parties not to accord any status or recognition in any form contrary to the provisions of the Treaty to any State not party to the Treaty.</s>
      </p>
      <p id="28">
        <s id="28:1" lang="en">Nuclear disarmament</s>
      </p>
      <p id="29">
        <s id="29:1" lang="en">Recommendation 9</s>
      </p>
      <p id="30">
        <s id="30:1" lang="en">To acknowledge that the strong support for the total elimination of nuclear weapons, expressed at the first-ever high-level meeting of the General Assembly on nuclear disarmament, on 26 September 2013, demonstrated that nuclear disarmament remains the highest priority of the international community.</s>
      </p>
      <p id="31">
        <s id="31:1" lang="en">Recommendation 10</s>
      </p>
      <p id="32">
        <s id="32:1" lang="en">To emphasize that the indefinite extension of the Non-Proliferation Treaty does not imply the indefinite possession of nuclear weapons by the nuclear-weapon States, and that any such assumption is incompatible with the object and purpose of the Treaty, with the integrity and sustainability of the nuclear non-proliferation regime and with the broader objective of maintaining international peace and security.</s>
      </p>
      <p id="33">
        <s id="33:1" lang="en">Recommendation 11</s>
      </p>
      <p id="34">
        <s id="34:1" lang="en">To express deep concern at the continued lack of progress in the field of nuclear disarmament, which could undermine the object and purpose of the Treaty, as well as at the continued inflexible postures of some nuclear-weapon States that have prevented the Conference on Disarmament from establishing an ad hoc committee on nuclear disarmament.</s>
      </p>
      <p id="35">
        <s id="35:1" lang="en">Recommendation 12</s>
      </p>
      <p id="36">
        <s id="36:1" lang="en">To strongly call for the prompt and full implementation of the action plan on nuclear disarmament adopted by the 2010 Review Conference of the Treaty, particularly the commitments made by the nuclear-weapon States under action 5 to accelerate concrete progress on the steps leading to nuclear disarmament.</s>
      </p>
      <p id="37">
        <s id="37:1" lang="en">Recommendation 13</s>
      </p>
      <p id="38">
        <s id="38:1" lang="en">To stress that reductions in deployments and in operational status cannot substitute for irreversible cuts in, and the total elimination of, nuclear weapons and that such reductions are undermined by the modernization of nuclear weapons and their delivery systems, and related infrastructure by the nuclear-weapon States, accordingly, to call upon the nuclear-weapon States to accelerate the reduction in their nuclear arsenals, weapons and their delivery systems, which should involve dismantling them in the fulfilment of their nuclear disarmament obligations.</s>
      </p>
      <p id="39">
        <s id="39:1" lang="en">Recommendation 14</s>
      </p>
      <p id="40">
        <s id="40:1" lang="en">To acknowledge that the development of new types of nuclear weapons and the lack of progress in diminishing the role of nuclear weapons in security policies run counter to the letter and spirit of the Treaty and undermine the realization of its objectives.</s>
      </p>
      <p id="41">
        <s id="41:1" lang="en">Recommendation 15</s>
      </p>
      <p id="42">
        <s id="42:1" lang="en">To urge the nuclear weapon-States to undertake to prohibit completely nuclear weapons research, and to immediately cease all plans to further invest in modernizing, upgrading, refurbishing or extending the lives or other measures regarding the qualitative improvement of their nuclear weapons and related facilities and to end the production of new types of nuclear weapons in compliance with their obligations under article VI of the Treaty, as well as with their commitments under the 13 practical steps for the systematic and progressive efforts to implement article VI of the Treaty and the action plan on nuclear disarmament, agreed in 2000 and 2010, respectively.</s>
      </p>
      <p id="43">
        <s id="43:1" lang="en">Recommendation 16</s>
      </p>
      <p id="44">
        <s id="44:1" lang="en">To reaffirm the importance of the application of the principles of transparency, verifiability and irreversibility by nuclear-weapon States in all measures relating to nuclear disarmament.</s>
      </p>
      <p id="45">
        <s id="45:1" lang="en">Recommendation 17</s>
      </p>
      <p id="46">
        <s id="46:1" lang="en">To support the immediate commencement of negotiations in the Conference on Disarmament on banning the production of fissile materials for nuclear weapons and other nuclear explosive devices, including all practical measures to eliminate the past production and existing stockpiles of fissile materials for nuclear weapons and other nuclear explosive devices, in an irreversible and verifiable manner, taking into account both nuclear disarmament and nuclear non-proliferation objectives, without prejudice to the inalienable right of States parties to the Non-Proliferation Treaty to develop research, production and use of nuclear energy for peaceful purposes, including their past production, existing stockpiles and future production of fissile materials under the International Atomic Energy Agency (IAEA) comprehensive safeguards.</s>
      </p>
      <p id="47">
        <s id="47:1" lang="en">Recommendation 18</s>
      </p>
      <p id="48">
        <s id="48:1" lang="en">To voice concern about the potential for an arms race in outer space and further nuclear proliferation which the implementation of missile defence systems could trigger.</s>
      </p>
      <p id="49">
        <s id="49:1" lang="en">Recommendation 19</s>
      </p>
      <p id="50">
        <s id="50:1" lang="en">To reaffirm that any use or threat of use of nuclear weapons would be in violation of the principles of the Charter of the United Nations and international law, in particular international humanitarian law and that the mere possession of nuclear weapons is inconsistent with the principles of international humanitarian law.</s>
      </p>
      <p id="51">
        <s id="51:1" lang="en">Recommendation 20</s>
      </p>
      <p id="52">
        <s id="52:1" lang="en">To urge the nuclear-weapon States to fully comply with their nuclear disarmament obligations under the Treaty and completely implement their unequivocal nuclear disarmament commitments, including the 13 practical steps, that were agreed and reaffirmed by consensus at the 2000 and 2010 Review Conferences of the Treaty, in order to accomplish the total elimination of their nuclear weapons.</s>
      </p>
      <p id="53">
        <s id="53:1" lang="en">Recommendation 21</s>
      </p>
      <p id="54">
        <s id="54:1" lang="en">To reaffirm that all parties have a legal obligation under article VI of the Treaty to pursue in good faith, and to bring to a conclusion, negotiations leading to nuclear disarmament in all its aspects under strict and effective international control.</s>
      </p>
      <p id="55">
        <s id="55:1" lang="en">Recommendation 22</s>
      </p>
      <p id="56">
        <s id="56:1" lang="en">To fully support and call for the full implementation of resolution 68/32 on the follow-up to the 2013 high-level meeting of the General Assembly on nuclear disarmament, through which the Assembly: (i) called for the urgent commencement of negotiations in the Conference on Disarmament for the early conclusion of a comprehensive convention on nuclear weapons to prohibit their possession, development, production, acquisition, testing, stockpiling, transfer, use or threat of use and to provide for their destruction; (ii) decided to convene, no later than 2018, a United Nations high-level international conference on nuclear disarmament to review the progress made in this regard; and (iii) designated 26 September as the International Day for the Total Elimination of Nuclear Weapons devoted to furthering this objective, including through enhancing public awareness and education about the threat posed to humanity by nuclear weapons and the necessity for their total elimination, in order to mobilize international efforts towards achieving the common goal of a nuclear-weapon-free world.</s>
      </p>
      <p id="57">
        <s id="57:1" lang="en">Recommendation 23</s>
      </p>
      <p id="58">
        <s id="58:1" lang="en">To emphasize the necessity to start negotiations without further delay on a phased programme for the complete elimination of nuclear weapons with a specified framework of time.</s>
      </p>
      <p id="59">
        <s id="59:1" lang="en">Recommendation 24</s>
      </p>
      <p id="60">
        <s id="60:1" lang="en">To establish a standing committee to monitor and verify the fulfilment by the nuclear-weapon States of their nuclear disarmament obligations under the Treaty, as well as the implementation of their unequivocal undertakings agreed at the Review Conferences of the Treaty, and to make recommendations to the Review Conference on the next steps for the full implementation of article VI of the Treaty in realization of the objective of the total elimination of nuclear weapons.</s>
      </p>
      <p id="61">
        <s id="61:1" lang="en">Recommendation 25</s>
      </p>
      <p id="62">
        <s id="62:1" lang="en">To call for the complete exclusion of the use and the threat of use of nuclear weapons from all the military and security policies, concepts and doctrines, including the &quot;Strategic Concept for the Defence and Security of the Members of the North Atlantic Treaty Organization&quot;, which not only set out rationales for the use or threat of use of nuclear weapons, but also maintain unjustifiable concepts on international security based on promoting and developing military alliances that pursue nuclear deterrence policies.</s>
      </p>
      <p id="63">
        <s id="63:1" lang="en">Recommendation 26</s>
      </p>
      <p id="64">
        <s id="64:1" lang="en">To underscore the necessity of the full and non-discriminatory implementation of articles I and II of the Treaty by all States parties, in particular nuclear-weapon States, to prevent the proliferation of nuclear weapons and other nuclear explosive devices, including through nuclear weapon-sharing with other States under any kind of security and military arrangements or alliances.</s>
      </p>
      <p id="65">
        <s id="65:1" lang="en">Nuclear testing</s>
      </p>
      <p id="66">
        <s id="66:1" lang="en">Recommendation 27</s>
      </p>
      <p id="67">
        <s id="67:1" lang="en">To strongly support a comprehensive ban on all forms of nuclear - weapon tests without exception, as well as any nuclear explosion, and reaffirm the importance of such ban in the realization of objectives of the Non-Proliferation Treaty.</s>
      </p>
      <p id="68">
        <s id="68:1" lang="en">Recommendation 28</s>
      </p>
      <p id="69">
        <s id="69:1" lang="en">To support the objectives of the Comprehensive Nuclear-Test-Ban Treaty, which is intended to enforce a comprehensive ban on all nuclear test explosions, and to stop the qualitative development of nuclear weapons and to stress that while the Comprehensive Nuclear-Test-Ban Treaty is a practical step on the road to nuclear disarmament, it cannot substitute for the objective of complete elimination of nuclear weapons.</s>
      </p>
      <p id="70">
        <s id="70:1" lang="en">Recommendation 29</s>
      </p>
      <p id="71">
        <s id="71:1" lang="en">To stress the significance of achieving the entry into force of the Comprehensive Nuclear-Test-Ban Treaty, through its ratification by the remaining States whose ratification is required for its entry into force, including, in particular, by two nuclear-weapon States, thus contributing to the process of nuclear disarmament and towards the enhancement of international peace and security.</s>
      </p>
      <p id="72">
        <s id="72:1" lang="en">Recommendation 30</s>
      </p>
      <p id="73">
        <s id="73:1" lang="en">To stress that the five nuclear-weapon States have a special responsibility to take the lead in realizing the objectives of the Comprehensive Nuclear-Test-Ban Treaty and to underline in this regard the commitments of the nuclear-weapon States under the Final Document of the 2000 Review Conference, in which the ratification of the Comprehensive Nuclear-Test-Ban Treaty is envisaged as the first of 13 practical steps, and accordingly calls for the early ratification of this Treaty, in particular by the remaining nuclear-weapon States and those that are not parties to the Treaty on the Non-Proliferation of Nuclear Weapons.</s>
      </p>
      <p id="74">
        <s id="74:1" lang="en">Recommendation 31</s>
      </p>
      <p id="75">
        <s id="75:1" lang="en">To strongly call for the immediate and unconditional cessation of all nuclear weapon tests and nuclear explosions and to close and dismantle, in a transparent, irreversible and verifiable manner, any remaining sites for nuclear test explosions and their associated infrastructure.</s>
      </p>
      <p id="76">
        <s id="76:1" lang="en">Recommendation 32</s>
      </p>
      <p id="77">
        <s id="77:1" lang="en">To call upon the nuclear-weapon States to refrain from conducting nuclear-weapon test explosions or any other nuclear explosions, or nuclear-weapon tests in alternative ways, as well as the use of new technologies for upgrading the existing nuclear weapons system, as they would undermine the object and purpose of both the Non-Proliferation Treaty and the Comprehensive Nuclear-Test-Ban Treaty.</s>
      </p>
      <p id="78">
        <s id="78:1" lang="en">Negative security assurances</s>
      </p>
      <p id="79">
        <s id="79:1" lang="en">Recommendation 33</s>
      </p>
      <p id="80">
        <s id="80:1" lang="en">To reaffirm that the total elimination of nuclear weapons is the only absolute guarantee against the use or threat of use of nuclear weapons as well as the risk of their unauthorized, unintentional or accidental use.</s>
        <s id="80:2" lang="en">Pending the total elimination of nuclear weapons, the provision of effective, universal, unconditional,</s>
      </p>
      <p id="81">
        <s id="81:1" lang="en">non-discriminatory and irrevocable legally binding security assurances by all five nuclear-weapon States to all the non-nuclear-weapon States parties to the Treaty against the use or threat of use of nuclear weapons under all circumstances, is the legitimate right of all non-nuclear weapons States parties to the Treaty.</s>
        <s id="81:2" lang="en">The provision of such assurances is a commitment, the early fulfilment of which is necessary to strengthen the nuclear non-proliferation regime.</s>
      </p>
      <p id="82">
        <s id="82:1" lang="en">Recommendation 34</s>
      </p>
      <p id="83">
        <s id="83:1" lang="en">To reiterate that military and security policies, concepts and doctrines that allow the use or threat of use of nuclear weapons contravene the existing insufficient negative security assurances provided through unilateral statements made by each of the nuclear-weapon States.</s>
      </p>
      <p id="84">
        <s id="84:1" lang="en">Recommendation 35</s>
      </p>
      <p id="85">
        <s id="85:1" lang="en">To reaffirm that the mere possession or any use or threat of use of nuclear weapons would be in violation of the principles of the Charter of the United Nations and international law, in particular international humanitarian law, and that, pending the total elimination of nuclear weapons, as the only absolute guarantee against the threat or use of nuclear weapons, the nuclear-weapon States shall refrain, under all circumstances, from the use or threat of use of nuclear weapons against any</s>
      </p>
      <p id="86">
        <s id="86:1" lang="en">non-nuclear-weapon State party to the Treaty, including, inter alia, by the complete exclusion of the use or threat of use of nuclear weapons from all their military and security concepts, doctrines and policies.</s>
      </p>
      <p id="87">
        <s id="87:1" lang="en">Recommendation 36</s>
      </p>
      <p id="88">
        <s id="88:1" lang="en">To express concern that, despite longstanding requests by non-nuclear-weapon States parties to the Treaty to receive universal legally binding negative security assurances, no tangible progress has been made in this regard.</s>
      </p>
      <p id="89">
        <s id="89:1" lang="en">Recommendation 37</s>
      </p>
      <p id="90">
        <s id="90:1" lang="en">To strongly support the immediate commencement of negotiations on effective, universal, unconditional, non-discriminatory and irrevocable legally binding security assurances against the use or threat of use of nuclear weapons under all circumstances, by all nuclear-weapon States to all non-nuclear-weapon States parties to the Treaty, pending the realization of the goal of total elimination of nuclear weapons.</s>
      </p>
      <p id="91">
        <s id="91:1" lang="en">Nuclear-weapon-free zones</s>
      </p>
      <p id="92">
        <s id="92:1" lang="en">Recommendation 38</s>
      </p>
      <p id="93">
        <s id="93:1" lang="en">To reaffirm that the establishment of nuclear-weapon-free-zones by the Treaties of Bangkok, Pelindaba, Rarotonga, Semipalatinsk and Tlatelolco, as well as Mongolia&apos;s nuclear-weapon-free status, represent a positive step towards attaining the objectives of the Non-Proliferation Treaty in nuclear disarmament and</s>
      </p>
      <p id="94">
        <s id="94:1" lang="en">non-proliferation of nuclear weapons and enhancing international peace and security.</s>
      </p>
      <p id="95">
        <s id="95:1" lang="en">Recommendation 39</s>
      </p>
      <p id="96">
        <s id="96:1" lang="en">To call for further efforts aimed at establishing nuclear-weapon-free zones in the regions where they do not exist, in particular in the Middle East.</s>
      </p>
      <p id="97">
        <s id="97:1" lang="en">Recommendation 40</s>
      </p>
      <p id="98">
        <s id="98:1" lang="en">To reaffirm that the fulfilment of the obligations of the nuclear-weapon States to provide to all non-nuclear-weapon States parties to the Treaty effective, universal, unconditional, non-discriminatory and irrevocable legally binding security assurances against the use or threat of use of nuclear weapons under all circumstances, is essential in the realization of the objectives of treaties establishing such zones.</s>
      </p>
      <p id="99">
        <s id="99:1" lang="en">Recommendation 41</s>
      </p>
      <p id="100">
        <s id="100:1" lang="en">To stress the importance of the early ratification of the existing treaties establishing nuclear-weapon-free zones, by all States whose ratification is required for the entry into force of such treaties, as well as the early ratification, by all the nuclear-weapon States that have not yet done so, of the relevant protocols to those treaties in order to assure the total absence of nuclear weapons in the respective territories of parties to such treaties, as envisaged in the Non-Proliferation Treaty.</s>
      </p>
      <p id="101">
        <s id="101:1" lang="en">Recommendation 42</s>
      </p>
      <p id="102">
        <s id="102:1" lang="en">To urge the nuclear-weapon States that, having signed or ratified some of the relevant protocols to a treaty establishing a nuclear-weapon-free zone, have done so with reservations or unilateral interpretative declarations that are incompatible with the object and purpose of such treaties and affect the denuclearization status of that zone, to withdraw such reservations or unilateral interpretative declarations and to fulfil their obligations to achieve the objectives of the treaties to establish nuclear-weapon-free zones and their protocols.</s>
      </p>
      <p id="103">
        <s id="103:1" lang="en">Regional issues: Middle East</s>
      </p>
      <p id="104">
        <s id="104:1" lang="en">Recommendation 43</s>
      </p>
      <p id="105">
        <s id="105:1" lang="en">To reaffirm the longstanding strong global support for the speedy establishment of a nuclear-weapon-free zone in the Middle East without any further delay, as it would greatly enhance international peace and security and contribute to the achievement of a nuclear-weapon-free world and, in this context, to reaffirm once again the determination of the State parties to the Treaty to extend fullest cooperation and to exert utmost efforts with a view to ensuring the early establishment of such a zone.</s>
      </p>
      <p id="106">
        <s id="106:1" lang="en">Recommendation 44</s>
      </p>
      <p id="107">
        <s id="107:1" lang="en">To reaffirm that the 1995 Resolution on the Middle East is an essential element and integral part of the outcome of the 1995 Review and Extension Conference and of the basis on which the Non-Proliferation Treaty was indefinitely extended, without a vote, as well as that the 2000 and 2010 Review Conferences reaffirmed the importance of the Resolution and emphasized that the Resolution remains valid until its goals and objectives are achieved.</s>
      </p>
      <p id="108">
        <s id="108:1" lang="en">Recommendation 45</s>
      </p>
      <p id="109">
        <s id="109:1" lang="en">To underscore the importance of the adoption by consensus of a detailed plan of action on &quot;the Middle East, particularly implementation of the 1995 Resolution on the Middle East&quot;, at the 2010 Review Conference, including the convening of a conference in 2012 on the establishment of a Middle East zone free of nuclear weapons and all other weapons of mass destruction.</s>
      </p>
      <p id="110">
        <s id="110:1" lang="en">Recommendation 46</s>
      </p>
      <p id="111">
        <s id="111:1" lang="en">To stress the importance of the prompt and full implementation of the 1995 Resolution and the 2010 plan of action on the Middle East, and to underline that, at the 2010 Review Conference, the States parties renewed their resolve to undertake, individually and collectively, all necessary measures aimed at the prompt implementation of the 1995 Resolution on the Middle East.</s>
      </p>
      <p id="112">
        <s id="112:1" lang="en">Recommendation 47</s>
      </p>
      <p id="113">
        <s id="113:1" lang="en">To express deep concern over the long delay in the implementation of the 1995 Resolution on the Middle East, and also at the lack of progress in the implementation of the plan of action on the Middle East adopted by the 2010 Review Conference, in particular over the failure of the conveners to convene the conference in 2012 as scheduled, which contradicts and violates the conclusions and recommendations for follow-on actions adopted by the 2010 Review Conference of the Treaty, contravenes the letter and spirit of the 1995 Resolution on the Middle East and has negative repercussions on the credibility of the Treaty, its review process and the nuclear disarmament and non-proliferation regime as a whole, and to express deep concern, in this context, that Israel continues to undermine the convening of the Conference by not declaring its intention to participate in it.</s>
      </p>
      <p id="114">
        <s id="114:1" lang="en">Recommendation 48</s>
      </p>
      <p id="115">
        <s id="115:1" lang="en">To urge in particular the three co-sponsors of the 1995 Resolution on the Middle East to fulfil their responsibility in taking all necessary measures to fully implement it without any further delay and to urge also the conveners of the 2012 Conference -- the United Nations Secretary-General, the United States of America, the United Kingdom of Great Britain and Northern Ireland and the Russian Federation -- in accordance with the mandate entrusted to them by the 2010 Review Conference, to convene the Conference without any further delay in order to avoid further negative repercussions on the credibility of the Treaty, its Review process and the nuclear disarmament and non-proliferation regime as a whole.</s>
      </p>
      <p id="116">
        <s id="116:1" lang="en">Recommendation 49</s>
      </p>
      <p id="117">
        <s id="117:1" lang="en">To underscore that efforts related to the 2012 Conference, by its conveners and the Facilitator should be undertaken in accordance with the mandate adopted by the 2010 Review Conference of the Treaty, and should be focused on convening the Conference at the earliest date in 2014 and on seeking out in advance, by the conveners and the Facilitator of the Conference, credible assurances regarding the unconditional participation of Israel, the only country of the region that has not declared its participation in the Conference and that the Conference should lead, without further delay, to the universality of the Treaty in the Middle East and the establishment of a Middle East zone free of nuclear weapons and all other weapons of mass destruction.</s>
      </p>
      <p id="118">
        <s id="118:1" lang="en">Recommendation 50</s>
      </p>
      <p id="119">
        <s id="119:1" lang="en">To express great concern over the acquisition of nuclear capabilities by Israel, which poses a serious and continuing threat to the security of neighbouring and other States, and the fact that Israel continues to develop and stockpile nuclear arsenals, and to reaffirm that stability cannot be achieved in a region where massive imbalances in military capabilities are maintained, particularly through the possession of nuclear weapons, which allows one party to threaten its neighbours and the region, and constitutes a threat to international peace and security; as well as to stress also that the adoption, by the IAEA General Conference, of resolution GC(57)/RES/15 on application of IAEA safeguards in the Middle East and resolution GC(53)/RES/17 on Israeli nuclear capabilities is another manifestation of the threat posed by such capabilities to regional and international peace and security, and that Israeli nuclear Israeli nuclear capabilities remain the main obstacles to the establishment of a nuclear-weapon-free zone in the Middle East.</s>
      </p>
      <p id="120">
        <s id="120:1" lang="en">Recommendation 51</s>
      </p>
      <p id="121">
        <s id="121:1" lang="en">To reaffirm the call, by the States parties to the Non-Proliferation Treaty, at the 1995 Review and Extension Conference and the 2000 and 2010 Review Conferences, on Israel to accede to the Treaty and to place all its nuclear facilities under IAEA comprehensive safeguards; and, while expressing deep concern that Israel has not yet acceded to the Treaty, to underscore the necessity of the immediate and unconditional accession of Israel to the Treaty as a non-nuclear-weapon State, which remains an essential prerequisite for the establishment of a nuclear-weapon-free zone in the Middle East.</s>
      </p>
      <p id="122">
        <s id="122:1" lang="en">Recommendation 52</s>
      </p>
      <p id="123">
        <s id="123:1" lang="en">To demand that Israel renounce possession of nuclear weapons, accede to the Treaty without any precondition or further delay as a non-nuclear-weapon State, place promptly all its nuclear facilities under IAEA comprehensive safeguards in accordance with Security Council resolution 487 (1981) and conduct all its nuclear-related activities in full conformity with the non-proliferation Treaty, in realizing the goal of universal adherence to the Treaty, in particular in the Middle East.</s>
      </p>
      <p id="124">
        <s id="124:1" lang="en">Recommendation 53</s>
      </p>
      <p id="125">
        <s id="125:1" lang="en">To stress the need for an unequivocal commitment by each State party to the Treaty to strictly abide by its legal obligations to prohibit the transfer of any nuclear-related equipment, information, material, facilities, resources or devices, and the extension of know-how or any kind of assistance to and cooperation with Israel in the nuclear fields, as long as it remains a non-party to the Treaty and has not placed all its nuclear facilities under IAEA comprehensive safeguards.</s>
        <s id="125:2" lang="en">States parties to the Treaty should also undertake to disclose all information available to them on the nature and scope of Israeli nuclear capabilities, including information pertaining to previous nuclear transfers to Israel.</s>
      </p>
      <p id="126">
        <s id="126:1" lang="en">Recommendation 54</s>
      </p>
      <p id="127">
        <s id="127:1" lang="en">To reaffirm that the nuclear-weapon States, in conformity with their legal obligations under article I of the Treaty, shall solemnly undertake not to transfer nuclear weapons or other nuclear explosive devices, or control over such weapons or explosive devices directly or indirectly to Israel, and further undertake not, in any way, to assist, encourage or induce Israel to manufacture or otherwise acquire nuclear weapons or other nuclear explosive devices or control over such weapons or explosive devices under any circumstances whatsoever.</s>
      </p>
      <p id="128">
        <s id="128:1" lang="en">Recommendation 55</s>
      </p>
      <p id="129">
        <s id="129:1" lang="en">To recommend the establishment of a standing committee composed of members of the Bureau of the 2015 Review Conference to follow up intersessionally the implementation of the recommendations by the Review Conference concerning Israel&apos;s prompt accession to the Non-Proliferation Treaty and the placement of all its nuclear facilities under the IAEA comprehensive safeguards, and to submit its reports thereon to the 2020 Review Conference and its Preparatory Committee meetings.</s>
      </p>
      <p id="130">
        <s id="130:1" lang="en">Recommendation 56</s>
      </p>
      <p id="131">
        <s id="131:1" lang="en">To recall that the 2000 and 2010 Review Conferences stipulated that all States parties to the Treaty, particularly the nuclear-weapon States, the States of the Middle East and other interested States, should report to the President of the Review Conference, as well as the Chairs of its Preparatory Committee meetings, on the steps that they have taken to promote the establishment of a nuclear-weapon-free zone in the Middle East and the realization of the goals and objectives of the 1995 Resolution, and accordingly to emphasize the importance of submitting the required reports by all States parties to the Treaty, in particular the co-sponsors of the 1995 Resolution, as well as that required of the facilitator of the 2012 conference.</s>
      </p>
      <p id="132">
        <s id="132:1" lang="en">Safeguards and verification</s>
      </p>
      <p id="133">
        <s id="133:1" lang="en">Recommendation 57</s>
      </p>
      <p id="134">
        <s id="134:1" lang="en">To reaffirm that safeguards are accepted for the exclusive purpose of verification of the fulfilment of obligations assumed under the Non-Proliferation Treaty with a view to preventing diversion of nuclear energy from peaceful uses to nuclear weapons or other nuclear explosive devices and accordingly, they shall be implemented without affecting the inalienable rights under article IV of the</s>
      </p>
      <p id="135">
        <s id="135:1" lang="en">Non-Proliferation Treaty, and to avoid hampering the economic or technological development of the parties or international cooperation in the field of peaceful nuclear activities, including the international exchange of nuclear material and equipment for the processing, use or production of nuclear material for peaceful purposes.</s>
      </p>
      <p id="136">
        <s id="136:1" lang="en">Recommendation 58</s>
      </p>
      <p id="137">
        <s id="137:1" lang="en">To stress the importance of achieving the universality of the comprehensive safeguards and to call upon all States parties that have not yet done so to bring into force comprehensive safeguards agreements as soon as possible with a view to consolidating and enhancing the verification system for the nuclear non-proliferation and disarmament regime, through the universalization of comprehensive safeguards and, in this context, to urge all States not parties to the Treaty to accede, without any further delay and any preconditions and as non-nuclear-weapon States, to the Treaty and to bring into force comprehensive safeguards agreements as soon as possible in order to place all their nuclear facilities and activities under IAEA comprehensive safeguards.</s>
      </p>
      <p id="138">
        <s id="138:1" lang="en">Recommendation 59</s>
      </p>
      <p id="139">
        <s id="139:1" lang="en">To acknowledge that it is fundamental to make a distinction between legal obligations and voluntary confidence-building measures, in order to ensure that such voluntary undertakings should not be considered as legal safeguard obligations.</s>
      </p>
      <p id="140">
        <s id="140:1" lang="en">Recommendation 60</s>
      </p>
      <p id="141">
        <s id="141:1" lang="en">To reaffirm that IAEA is the sole competent authority responsible for verifying the fulfilment of safeguards obligations assumed by States parties under the Non-Proliferation Treaty, with a view to preventing diversion of nuclear energy from peaceful uses to nuclear weapons and other nuclear explosive devices, as well as the global focal point for nuclear technical cooperation and that nothing should be done to undermine the authority of IAEA, and in this context to reject attempts by any IAEA member State to use the technical cooperation programme of the Agency as a tool for political purposes in violation of its statute and to call upon all States to avoid any pressure or interference in the Agency&apos;s activities, especially its verification process, that could jeopardize its efficiency and credibility.</s>
      </p>
      <p id="142">
        <s id="142:1" lang="en">Recommendation 61</s>
      </p>
      <p id="143">
        <s id="143:1" lang="en">To confirm that article III of the Treaty on verifying the peaceful nature of nuclear programmes provides credible assurances enabling States parties to engage in the transfer of nuclear equipment, material and technology for peaceful purposes in accordance with article IV and, therefore, States parties to the Treaty shall</s>
      </p>
      <p id="144">
        <s id="144:1" lang="en">refrain from imposing or maintaining any restriction or limitation on the transfer of nuclear equipment, material and technology to States parties with comprehensive safeguards agreements.</s>
      </p>
      <p id="145">
        <s id="145:1" lang="en">Recommendation 62</s>
      </p>
      <p id="146">
        <s id="146:1" lang="en">To emphasize that non-proliferation must be pursued and implemented, without exception, through the strict observance of and adherence to the</s>
      </p>
      <p id="147">
        <s id="147:1" lang="en">Non-Proliferation Treaty and to the IAEA comprehensive safeguards as a condition for any cooperation in the nuclear area with States not parties to the Treaty, or for any supply arrangement with such States for the transfer of source or special fissionable material, or equipment or material specially designed or prepared for the processing, use or production of special fissionable material.</s>
      </p>
      <p id="148">
        <s id="148:1" lang="en">Recommendation 63</s>
      </p>
      <p id="149">
        <s id="149:1" lang="en">To underscore that the principle of balance between the promotional and other statutory activities of the Agency, in particular verification and safeguards-related activities, needs to be strictly observed and that IAEA shall ensure avoiding any ultra vires acts that would jeopardize its integrity and credibility.</s>
      </p>
      <p id="150">
        <s id="150:1" lang="en">Recommendation 64</s>
      </p>
      <p id="151">
        <s id="151:1" lang="en">To underline the importance of and the need for strict observance by IAEA of its statute and relevant comprehensive safeguards agreements in conducting verification activities and the necessity of IAEA reporting on the implementation of safeguards being factual and technically based and reflecting appropriate reference to the relevant provisions of safeguards agreements.</s>
      </p>
      <p id="152">
        <s id="152:1" lang="en">Recommendation 65</s>
      </p>
      <p id="153">
        <s id="153:1" lang="en">To reiterate the essential responsibility of IAEA in maintaining and observing fully the principle of confidentiality regarding all information related to the implementation of safeguards, including reporting, in accordance with the Agency&apos;s statute and safeguards agreements and the need for the regime for the protection of such confidential information to be significantly strengthened; and to urge, in this regard, the IAEA Director General to exercise the highest vigilance in ensuring the proper protection of classified safeguards information and to continue to review and update the established procedure for the protection of classified safeguards information within the secretariat.</s>
      </p>
      <p id="154">
        <s id="154:1" lang="en">Recommendation 66</s>
      </p>
      <p id="155">
        <s id="155:1" lang="en">To support furthering the establishment of safeguarded worldwide nuclear disarmament and the development of appropriate legally binding verification arrangements, within the context of IAEA, to ensure the irreversible removal of fissile material from nuclear weapons or other nuclear explosive devices and to stress the statutory role of IAEA on nuclear disarmament, including applying safeguards on nuclear materials derived from the dismantling of nuclear weapons; to recognize, in this context, the Agency capability of verifying nuclear disarmament agreements; and to call for the full implementation of action 16 of the recommendations and follow-on actions of the 2010 Review Conference and urge the nuclear-weapon States to commit to declaring to IAEA all weapon-grade fissile material and to place such material, as soon as practicable, under the supervision of the Agency or other relevant international verification and arrangements for the use of such material for peaceful purposes, to ensure that such material remains permanently outside military programmes.</s>
      </p>
      <p id="156">
        <s id="156:1" lang="en">Recommendation 67</s>
      </p>
      <p id="157">
        <s id="157:1" lang="en">To call upon all nuclear-weapon States and all States not party to the</s>
      </p>
      <p id="158">
        <s id="158:1" lang="en">Non-Proliferation Treaty to place all their nuclear facilities under IAEA comprehensive safeguards, in order to ensure, inter alia, preventing further diversion of nuclear energy from peaceful uses to nuclear weapons or other nuclear explosive devices, as well as the prohibition of the transfer of all nuclear-related equipment, information, material and facilities and resources or devices and the extension of assistance in the nuclear scientific or technological fields to States not parties to the Treaty without exception.</s>
      </p>
      <p id="159">
        <s id="159:1" lang="en">Recommendation 68</s>
      </p>
      <p id="160">
        <s id="160:1" lang="en">To reiterate the commitment of all States parties to the Non-Proliferation Treaty to prohibit the transfer of all nuclear-related equipment, information, material and facilities and resources or devices, and the extension of know-how or any kind of assistance in the nuclear, scientific or technological fields to Israel, as long as it remains a non-party to the Treaty and has not placed all its nuclear facilities under IAEA comprehensive safeguards.</s>
      </p>
      <p id="161">
        <s id="161:1" lang="en">Peaceful uses of nuclear energy</s>
      </p>
      <p id="162">
        <s id="162:1" lang="en">Recommendation 69</s>
      </p>
      <p id="163">
        <s id="163:1" lang="en">To underscore that nothing in the Non-Proliferation Treaty shall be interpreted as affecting the inalienable right of all the parties to the Treaty to develop, research, produce and use nuclear energy for peaceful purposes, without discrimination, including the development of a full national nuclear fuel cycle, and their right to participate in the fullest possible exchange of equipment, materials and scientific and technological information for the peaceful uses of nuclear energy, as well as technical cooperation among themselves or international organizations,</s>
      </p>
      <p id="164">
        <s id="164:1" lang="en">with due consideration for the needs of the developing areas of the world, and that the realization of these rights constitutes one of the fundamental objectives of</s>
      </p>
      <p id="165">
        <s id="165:1" lang="en">the Treaty.</s>
      </p>
      <p id="166">
        <s id="166:1" lang="en">Recommendation 70</s>
      </p>
      <p id="167">
        <s id="167:1" lang="en">To reaffirm that any measure aiming at hampering, fully or partly, the fullest exercise of the inalienable rights under article IV of the Treaty, would seriously jeopardize the delicate balance between rights and obligations of the States parties, in contravention with the Treaty&apos;s object and purpose, and would widen the gap between developed and developing countries in the use of nuclear energy for peaceful purposes.</s>
      </p>
      <p id="168">
        <s id="168:1" lang="en">Recommendation 71</s>
      </p>
      <p id="169">
        <s id="169:1" lang="en">To reaffirm the sovereign right of each State party to define its national energy and fuel-cycle policies that, inter alia, includes an inalienable right to develop, for peaceful purposes, a full national nuclear fuel cycle, and that such rights of State parties, including expanding their own production capacity in the nuclear fuel cycle, shall not, in any way, be compromised or diminished, including as a result of any possible decision in the context of multilateral approaches to the nuclear fuel cycle.</s>
      </p>
      <p id="170">
        <s id="170:1" lang="en">Recommendation 72</s>
      </p>
      <p id="171">
        <s id="171:1" lang="en">To underline that concerns related to nuclear proliferation shall not, in any way, restrict the inalienable right of any State party to develop all aspects of nuclear science and technology for peaceful purposes, without discrimination, as stipulated in article IV of the Treaty, and, accordingly, to call upon the States parties to refrain from any action that would limit certain peaceful nuclear activities on the grounds of their &quot;sensitivity&quot;, as the Treaty does not prohibit the transfer or use of nuclear technology, equipment or material for peaceful purposes based on their sensitivity but stipulates only that such technology, equipment and material must be subject to IAEA comprehensive safeguards.</s>
      </p>
      <p id="172">
        <s id="172:1" lang="en">Recommendation 73</s>
      </p>
      <p id="173">
        <s id="173:1" lang="en">To express concern that certain unilateral, politically motivated restrictions and/or limitations seriously hamper the exercise by developing States parties of their inalienable rights to develop research, production and use of nuclear energy for peaceful purposes, including to participate in the fullest possible exchange of equipment, materials and scientific and technological information for the peaceful uses of nuclear energy.</s>
      </p>
      <p id="174">
        <s id="174:1" lang="en">Recommendation 74</s>
      </p>
      <p id="175">
        <s id="175:1" lang="en">To express concern that some States parties have set conditions that limit the export of equipment, materials and scientific and technological information for the peaceful uses of nuclear energy to developing States parties, such as concluding and bringing into force an additional protocol.</s>
        <s id="175:2" lang="en">Any such conditions contravenes article IV of the Treaty, which is explicit in that regard, leaving no room</s>
      </p>
      <p id="176">
        <s id="176:1" lang="en">for reinterpretation or setting conditions for the peaceful uses of nuclear energy by non-nuclear-weapon States.</s>
      </p>
      <p id="177">
        <s id="177:1" lang="en">Recommendation 75</s>
      </p>
      <p id="178">
        <s id="178:1" lang="en">To reaffirm that any interpretation that is used as a pretext to prevent the transfer of nuclear technology for peaceful purposes is inconsistent with the object and purpose of the Treaty, and, therefore, to strongly call for the fulfilment of the obligations under article 4 (2) of the Treaty with regard to exports, to other States parties, of nuclear material, equipment and technology for peaceful purposes.</s>
      </p>
      <p id="179">
        <s id="179:1" lang="en">Recommendation 76</s>
      </p>
      <p id="180">
        <s id="180:1" lang="en">To emphasize that non-proliferation control arrangements should be transparent and open to participation by all States and should ensure and facilitate, to the fullest extent possible, the access by developing countries parties to the Treaty to nuclear material, equipment or technology for peaceful purposes in accordance with the provisions of the Non-Proliferation Treaty.</s>
      </p>
      <p id="181">
        <s id="181:1" lang="en">Recommendation 77</s>
      </p>
      <p id="182">
        <s id="182:1" lang="en">To express deep concern over the ability of certain States not party to the Treaty to obtain, in particular from some nuclear-weapon States, nuclear materials, technology and know-how to develop nuclear weapons, and to strongly call for the enforcement, without exception or further delay, of the total and complete prohibition, as stipulated in the Treaty, of the transfer of nuclear-related equipment, information, material and facilities, resources or devices and the extension of assistance in the nuclear, scientific or technological fields to States not party to the Treaty.</s>
      </p>
      <p id="183">
        <s id="183:1" lang="en">Recommendation 78</s>
      </p>
      <p id="184">
        <s id="184:1" lang="en">To underscore the importance of IAEA assistance in particular to its developing member States in planning for and using nuclear science and technology for peaceful purposes, and the need for strengthening this role of the Agency, and, in this regard, to call on IAEA to ensure a balance between technical cooperation and its other activities.</s>
      </p>
      <p id="185">
        <s id="185:1" lang="en">Recommendation 79</s>
      </p>
      <p id="186">
        <s id="186:1" lang="en">To stress that the IAEA Technical Cooperation Programme, as the main vehicle for the transfer of nuclear technology for peaceful purposes, should continue to be formulated and implemented in accordance with the statute of IAEA and the agreed guiding principles as contained in INFCIRC/267 and the decisions of IAEA policymaking organs, as well as under preferential and concessional terms; and to underline that the current guidelines and criteria for the selection of technical cooperation projects are robust and effective, and that no additional criteria should be imposed for fulfilling the above-mentioned objectives.</s>
      </p>
      <p id="187">
        <s id="187:1" lang="en">Recommendation 80</s>
      </p>
      <p id="188">
        <s id="188:1" lang="en">To strongly reject any attempt by any State to politicize the work of IAEA, including the use of its Technical Cooperation Programme as a tool for political purposes, which would be in violation of the statute of the Agency.</s>
      </p>
      <p id="189">
        <s id="189:1" lang="en">Recommendation 81</s>
      </p>
      <p id="190">
        <s id="190:1" lang="en">To stress the importance of full compliance, by the developed countries parties to the Treaty, with the obligations under article IV (2) of the Treaty, which stipulates that parties to the Treaty in a position to do so shall also cooperate in contributing alone or together with other States or international organizations to the further development of the applications of nuclear energy for peaceful purposes, especially in the territories of non-nuclear-weapon States parties to the Treaty, with due consideration for the needs of the developing areas of the world, and to underscore, in this regard, that, as a fundamental principle, in all activities designed to promote the peaceful uses of nuclear energy, preferential treatment shall be given to the</s>
      </p>
      <p id="191">
        <s id="191:1" lang="en">non-nuclear-weapon States parties to the Treaty, particularly taking into account the needs of developing countries.</s>
      </p>
      <p id="192">
        <s id="192:1" lang="en">Recommendation 82</s>
      </p>
      <p id="193">
        <s id="193:1" lang="en">To recognize that the primary responsibility for nuclear safety rests with individual States, to reaffirm the central role of IAEA in nuclear safety-related matters, including through the establishment of nuclear safety standards, owing to its mandatory functions and longstanding expertise; and to stress that any possible review of nuclear safety standards at the global level must be carried out within IAEA in an inclusive, gradual and transparent manner, with the guidance and participation of and in consultation with all member States, that shall incorporate the views of all member States.</s>
      </p>
      <p id="194">
        <s id="194:1" lang="en">Recommendation 83</s>
      </p>
      <p id="195">
        <s id="195:1" lang="en">To recognize that the primary responsibility for nuclear security rests with individual States and that IAEA has the mandate, the authority and the central role in the area of nuclear security; and to reaffirm that any process to develop multilateral norms, guidelines or rules on nuclear security should be pursued within the framework of IAEA, should be driven by Member States, should be negotiated multilaterally in a gradual, inclusive and transparent manner incorporating the views of all Member States and should not encroach upon the mandate, competence and central role of IAEA in the area of nuclear security.</s>
      </p>
      <p id="196">
        <s id="196:1" lang="en">Recommendation 84</s>
      </p>
      <p id="197">
        <s id="197:1" lang="en">To emphasize that measures and initiatives aimed at strengthening nuclear safety and nuclear security must not be used as a pretext or leverage to violate, deny or restrict the inalienable right of States parties to develop research, production and use of nuclear energy for peaceful purposes without discrimination.</s>
      </p>
      <p id="198">
        <s id="198:1" lang="en">Recommendation 85</s>
      </p>
      <p id="199">
        <s id="199:1" lang="en">To strongly emphasize that any decision in the context of multilateral approaches to the nuclear fuel cycle must be consistent with the IAEA statute and the Non-Proliferation Treaty, without any prejudice to the inalienable right of each State party to the Treaty to develop research, production and use of nuclear energy and sciences, in all their aspects, for peaceful purposes, and, if it so decides, to develop a full national nuclear fuel cycle, according to article IV of the Treaty; to underscore that such decisions shall be made by consensus following wide, integral, comprehensive and transparent multilateral consultations, with the participation, and taking into account the interests of all IAEA member States, as well as all technical, legal, political and economic implications and complexities surrounding this sensitive matter; and to underline that every effort should be made to ensure that any related mechanism is sustainable, non-discriminatory, predictable, transparent and economically viable, under the auspices of IAEA.</s>
      </p>
      <p id="200">
        <s id="200:1" lang="en">Recommendation 86</s>
      </p>
      <p id="201">
        <s id="201:1" lang="en">To reiterate a need for caution in thoroughly addressing the associated technical, legal and economic aspects, as well as the underlying political dimensions of the issue of assurances of nuclear fuel supply, and to stress the necessity to ensure that any further consideration of this issue is based on a coherent and comprehensive conceptual framework that adequately addresses the views and concerns of all States parties and that any proposal that eventually emerges in this regard is in full accordance with the Non-Proliferation Treaty and takes into account the respective legal obligations of States parties and the principle of</s>
      </p>
      <p id="202">
        <s id="202:1" lang="en">non-discrimination.</s>
      </p>
      <p id="203">
        <s id="203:1" lang="en">Recommendation 87</s>
      </p>
      <p id="204">
        <s id="204:1" lang="en">To reaffirm the inviolability of peaceful nuclear activities and that any attack or threat of attack against peaceful nuclear facilities -- operational or under construction -- poses a great danger to human lives and the environment, and constitutes a grave violation of international law, the principles and purposes of the Charter of the United Nations and resolutions of IAEA; to recognize the need for a comprehensive multilaterally negotiated legally binding instrument prohibiting attacks and the threat of attacks on nuclear facilities devoted to peaceful uses of nuclear energy; and, pending the conclusion of such an instrument, to strongly urge all States to refrain from attacks or the threat of attacks on such facilities.</s>
      </p>
    </body>
  </text>
</TEI.2>
