<?xml version="1.0" encoding="utf-8"?>
<TEI.2>
  <teiHeader>
    <fileDesc>
      <titleStmt>
        <title>The United Nations Parallel Corpus v1.0 - NPT/CONF.2015/PC.III/WP.14</title>
      </titleStmt>
      <publicationStmt>
        <publisher>United Nations DGACM</publisher>
        <pubPlace>New York</pubPlace>
        <date>20140401</date>
        <idno type="symbol">NPT/CONF.2015/PC.III/WP.14</idno>
        <idno type="jobno">N1428500</idno>
        <availability>
          <p>The following disclaimer, an integral part of the United Nations Parallel Corpus v1.0, 
             shall be respected in regard to the Corpus v1.0 (no other restrictions apply):</p>

          <p>The United Nations Parallel Corpus is made available without warranty of any kind, 
             explicit or implied. The United Nations specifically makes no warranties or 
             representations as to the accuracy or completeness of the information contained in 
             the United Nations corpus.</p>

          <p>Under no circumstances shall the United Nations be liable for any loss, liability,
             injury or damage incurred or suffered that is claimed to have resulted from the use
             of the United Nations Corpus. The use of the United Nations Corpus is at the user's 
             sole risk. The user specifically acknowledges and agrees that the United Nations is 
             not liable for the conduct of any user. If the user is dissatisfied with any of the 
             material provided in the United Nations Corpus, the users's sole and exclusive remedy 
             is to discontinue using the United Nations Corpus.</p>

          <p>When using the United Nations Corpus, the user must acknowledge the United Nations as the
             source of the information. For references, please use this reference:
             Ziemski, M., Junczys-Dowmunt, M., and Pouliquen, B. (2016) The United Nations
             Parallel Corpus, Language Resources and Evaluation (LREC’16), Portorož, Slovenia, 
             May 2016.</p>

          <p>Nothing herein shall constitute or be considered to be a limitation upon or waiver,
             express or implied, of the privileges and immunities of the United Nations, which
             are specifically reserved.</p>
        </availability>
        <distributor>http://conferences.unite.un.org/UNCorpus</distributor>
      </publicationStmt>
      <sourceDesc>
        <p>http://www.un.org/en/official-documents-system-search/index.html</p>
      </sourceDesc>
    </fileDesc>
    <profileDesc>
      <langUsage>
        <language ident="en">English</language>
      </langUsage>
    </profileDesc>
  </teiHeader>
  <text>
    <body>
      <p id="1">
        <s id="1:1" lang="en">Third session</s>
      </p>
      <p id="2">
        <s id="2:1" lang="en">New York, 28 April-9 May 2014</s>
      </p>
      <p id="3">
        <s id="3:1" lang="en">Nuclear-weapon-free zones</s>
      </p>
      <p id="4">
        <s id="4:1" lang="en">Working paper submitted by the members of the Group of</s>
      </p>
      <p id="5">
        <s id="5:1" lang="en">Non-Aligned States Parties to the Treaty on the Non-Proliferation of Nuclear Weapons</s>
      </p>
      <p id="6">
        <s id="6:1" lang="en">1. The Group of Non-Aligned States Parties to the Treaty on the Non-Proliferation of Nuclear Weapons reaffirms that the Treaty recognizes the right of any group of States to conclude regional treaties in order to assure the total absence of nuclear weapons in their respective territories, which the Group considers to be an important step towards strengthening nuclear disarmament and nuclear non-proliferation regimes.</s>
        <s id="6:2" lang="en">The Group is, therefore, of the firm belief that the establishment of nuclear-weapon-free zones is not a substitute for nuclear disarmament and the total elimination of nuclear weapons.</s>
        <s id="6:3" lang="en">In this regard, the Group underlines the importance of the early fulfilment of the legal obligations of and unequivocal undertakings by the nuclear-weapon States to eliminate all their nuclear weapons.</s>
      </p>
      <p id="7">
        <s id="7:1" lang="en">2. The Group of Non-Aligned States Parties to the Treaty continues to consider the nuclear-weapon-free zones created by the treaties of Tlatelolco (Treaty for the Prohibition of Nuclear Weapons in Latin America and the Caribbean), Rarotonga (South Pacific Nuclear Free Zone Treaty), Bangkok (Treaty on the South-East Asia Nuclear Weapon Free Zone), Pelindaba (African Nuclear-Weapon-Free Zone Treaty) and Semipalatinsk (Treaty on a Nuclear-Weapon-Free Zone in Central Asia) to be a positive step and important measure towards attaining the objective of global nuclear disarmament and non-proliferation of nuclear weapons.</s>
        <s id="7:2" lang="en">In this regard, the Group welcomes the efforts aimed at establishing other nuclear-weapon-free zones worldwide and calls for cooperation and broad consultation among the States of the regions concerned to conclude agreements establishing such zones.</s>
      </p>
      <p id="8">
        <s id="8:1" lang="en">3. In this context, the Group of Non-Aligned States Parties to the Treaty strongly supports the establishment of a nuclear-weapon-free zone in the Middle East and calls for the full implementation of the 1995 resolution on the Middle East, which is an integral and essential part of the package of decisions reached without a vote that enabled the indefinite extension of the Treaty on the Non-Proliferation of Nuclear Weapons in 1995.</s>
        <s id="8:2" lang="en">The resolution remains valid until its objectives are achieved.</s>
      </p>
      <p id="9">
        <s id="9:1" lang="en">4. The Group of Non-Aligned States Parties to the Treaty reiterates that, pending the total elimination of nuclear weapons and in order to strengthen the</s>
      </p>
      <p id="10">
        <s id="10:1" lang="en">non-proliferation regime, it is the legitimate right of all non-nuclear-weapon States parties to the Treaty to receive effective, universal, unconditional, non-discriminatory, irrevocable and legally binding security assurances against the use or threat of use of nuclear weapons.</s>
        <s id="10:2" lang="en">The Group reaffirms that, in the context of the nuclear-weapon-free zones, it is also essential that all the nuclear-weapon States provide unconditional, non-discriminatory and concrete legal assurances against the use or threat of use of nuclear weapons to all non-nuclear-weapon States of the zone that are parties to the Treaty on the Non-Proliferation of Nuclear Weapons.</s>
        <s id="10:3" lang="en">In this regard, the Group strongly calls for the withdrawal of any related reservations or unilateral interpretative declarations that are incompatible with the object and purpose of such treaties.</s>
        <s id="10:4" lang="en">The Group further calls upon the nuclear-weapon States to fulfil their obligations to achieve the objectives of the treaties to establish nuclear-weapon-free zones and their protocols.</s>
      </p>
      <p id="11">
        <s id="11:1" lang="en">5. The Group of Non-Aligned States Parties to the Treaty emphasizes the need to strengthen the integrity of the statute of denuclearization provided for in the Treaty of Tlatelolco by reviewing the declarations that were formulated by the nuclear-weapon States parties to Additional Protocols I and II thereto, for possible withdrawal or modification.</s>
      </p>
      <p id="12">
        <s id="12:1" lang="en">6. The Group of Non-Aligned States Parties to the Treaty urges States to conclude agreements with a view to establishing new nuclear-weapon-free zones in regions where they do not exist, in accordance with the relevant paragraphs of the Final Document of the first special session of the General Assembly devoted to disarmament and the principles and guidelines adopted by the United Nations Disarmament Commission at its 1999 substantive session.</s>
        <s id="12:2" lang="en">In this context, the Group considers that the further institutionalization of Mongolia&apos;s nuclear-weapon-free status would be an important step towards strengthening the non-proliferation regime in that region.</s>
      </p>
      <p id="13">
        <s id="13:1" lang="en">7. The Group of Non-Aligned States Parties to the Treaty, while noting with satisfaction the convening of the first preparatory meeting for the Third Conference of States Parties and Signatories of Treaties that Establish Nuclear-Weapon-Free Zones and Mongolia, which was held in Vienna on 27 April 2012, calls upon the States parties and signatories to those treaties to put in place further forms of cooperation among themselves, their treaty agencies and other interested States.</s>
      </p>
      <p id="14">
        <s id="14:1" lang="en">8. The Group of Non-Aligned States Parties to the Treaty stresses the importance of the ratification by the nuclear-weapon States of the relevant protocols to the treaties of Pelindaba, Rarotonga, Semipalatinsk and Bangkok in order to ensure the total absence of nuclear weapons in the territories of the States parties to those treaties, as envisaged in article VII of the Treaty on the Non-Proliferation of Nuclear Weapons.</s>
      </p>
    </body>
  </text>
</TEI.2>
