<?xml version="1.0" encoding="utf-8"?>
<TEI.2>
  <teiHeader>
    <fileDesc>
      <titleStmt>
        <title>The United Nations Parallel Corpus v1.0 - NPT/CONF.2015/PC.III/WP.11</title>
      </titleStmt>
      <publicationStmt>
        <publisher>United Nations DGACM</publisher>
        <pubPlace>New York</pubPlace>
        <date>20140324</date>
        <idno type="symbol">NPT/CONF.2015/PC.III/WP.11</idno>
        <idno type="jobno">N1427350</idno>
        <availability>
          <p>The following disclaimer, an integral part of the United Nations Parallel Corpus v1.0, 
             shall be respected in regard to the Corpus v1.0 (no other restrictions apply):</p>

          <p>The United Nations Parallel Corpus is made available without warranty of any kind, 
             explicit or implied. The United Nations specifically makes no warranties or 
             representations as to the accuracy or completeness of the information contained in 
             the United Nations corpus.</p>

          <p>Under no circumstances shall the United Nations be liable for any loss, liability,
             injury or damage incurred or suffered that is claimed to have resulted from the use
             of the United Nations Corpus. The use of the United Nations Corpus is at the user's 
             sole risk. The user specifically acknowledges and agrees that the United Nations is 
             not liable for the conduct of any user. If the user is dissatisfied with any of the 
             material provided in the United Nations Corpus, the users's sole and exclusive remedy 
             is to discontinue using the United Nations Corpus.</p>

          <p>When using the United Nations Corpus, the user must acknowledge the United Nations as the
             source of the information. For references, please use this reference:
             Ziemski, M., Junczys-Dowmunt, M., and Pouliquen, B. (2016) The United Nations
             Parallel Corpus, Language Resources and Evaluation (LREC’16), Portorož, Slovenia, 
             May 2016.</p>

          <p>Nothing herein shall constitute or be considered to be a limitation upon or waiver,
             express or implied, of the privileges and immunities of the United Nations, which
             are specifically reserved.</p>
        </availability>
        <distributor>http://conferences.unite.un.org/UNCorpus</distributor>
      </publicationStmt>
      <sourceDesc>
        <p>http://www.un.org/en/official-documents-system-search/index.html</p>
      </sourceDesc>
    </fileDesc>
    <profileDesc>
      <langUsage>
        <language ident="en">English</language>
      </langUsage>
    </profileDesc>
  </teiHeader>
  <text>
    <body>
      <p id="1">
        <s id="1:1" lang="en">Third session</s>
      </p>
      <p id="2">
        <s id="2:1" lang="en">New York, 28 April-9 May 2014</s>
      </p>
      <p id="3">
        <s id="3:1" lang="en">Nuclear disarmament</s>
      </p>
      <p id="4">
        <s id="4:1" lang="en">Working paper submitted by Iraq on behalf of the States members of the League of Arab States</s>
      </p>
      <p id="5">
        <s id="5:1" lang="en">1. The Arab States believe that, instead of bringing about regional and international peace and security, the possession, acquisition and development of nuclear weapons will increase instability.</s>
        <s id="5:2" lang="en">They affirm that the complete elimination of nuclear weapons is the only way to avoid the dangers such weapons pose and ensure that they are not used again.</s>
      </p>
      <p id="6">
        <s id="6:1" lang="en">2. The Arab States affirm that the credibility of the Treaty depends on the balanced functioning of its three pillars of disarmament, non-proliferation and the peaceful uses of nuclear energy, and on working to implement those pillars with an equal focus, while striving at the same time to achieve the universality of the Treaty.</s>
      </p>
      <p id="7">
        <s id="7:1" lang="en">3. Although many States have made efforts to achieve nuclear disarmament and ensure that nuclear-weapon States fulfil their obligations under the Treaty on the Non-Proliferation of Nuclear Weapons, nuclear-weapon States continue to give nuclear weapons a prominent place in their defence strategies and they confer upon themselves the right to use such weapons against non-nuclear-weapon States.</s>
        <s id="7:2" lang="en">This is contrary to the unilateral declarations that the nuclear-weapon States made in April 1995 regarding positive and negative assurances to the non-nuclear-weapons States parties to the Non-Proliferation Treaty, as well as Security Council resolutions 255 (1968) and 984 (1995).</s>
      </p>
      <p id="8">
        <s id="8:1" lang="en">4. The Arab States are concerned at the continued stagnation of the United Nations disarmament mechanisms, in particular the Conference on Disarmament, which is the sole international forum for multilateral negotiations on disarmament, and call for practical steps to be taken to revitalize those mechanisms.</s>
      </p>
      <p id="9">
        <s id="9:1" lang="en">5. The Arab States affirm that the aims and objectives of the Treaty can be realized only once accession thereto is universal, with all States not parties to the Treaty acceding as non-nuclear-weapon States.</s>
        <s id="9:2" lang="en">The delay in achieving that objective remains a stumbling block to the strengthening of the nuclear non-proliferation regime.</s>
      </p>
      <p id="10">
        <s id="10:1" lang="en">6. The Arab States recall the advisory opinion issued by the International Court of Justice on 8 July 1996 concerning the legality of the threat of use of nuclear weapons in which the Court found that there exists an obligation to pursue in good faith, and bring to a conclusion, negotiations leading to nuclear disarmament in all its aspects under strict and effective international control.</s>
      </p>
      <p id="11">
        <s id="11:1" lang="en">7. The Arab States reiterate that, as affirmed at the 2010 Review Conference, the 1995 resolution on the Middle East, which was adopted by consensus and is basis for the indefinite extension of the Treaty, shall remain valid until its goals are achieved.</s>
      </p>
      <p id="12">
        <s id="12:1" lang="en">8. The Arab States recall that the Final Document of the 2010 Review Conference provides for the full, effective and urgent implementation of article VI of the Treaty and paragraphs 3 and 4 (c) of the 1995 decision entitled &quot;Principles and objectives for nuclear non-proliferation and disarmament&quot;.</s>
      </p>
      <p id="13">
        <s id="13:1" lang="en">9. The Arab States welcome the efforts made towards the voluntary reduction of the number of nuclear warheads.</s>
        <s id="13:2" lang="en">At the same time, they emphasize that a reduction in the number of nuclear warheads should not be confused with nuclear disarmament efforts; a reduction does not necessarily entail progress towards nuclear disarmament.</s>
      </p>
      <p id="14">
        <s id="14:1" lang="en">10. The Arab States are concerned that certain nuclear States are endeavouring to modernize their nuclear arsenal and develop new nuclear weapons, thereby endangering international peace and security.</s>
        <s id="14:2" lang="en">The letter and the spirit of the Treaty must be respected until such weapons are comprehensively and definitively eliminated.</s>
        <s id="14:3" lang="en">In that regard, the Arab States draw attention to the relevant General Assembly resolutions.</s>
      </p>
      <p id="15">
        <s id="15:1" lang="en">11. The Arab States affirm what was set out in resolutions 23/40-POL, on the strengthening of the security of non-nuclear-weapon States against the use or threat of use of nuclear weapons; 24/40-POL, on evolving a new global consensus on disarmament and non-proliferation; 28/40-POL, on the establishment of a nuclear-weapon-free zone in the Middle East; 29/40-POL, on condemnation of the Zionist regime for possession of nuclear capability to develop nuclear arsenals; and</s>
      </p>
      <p id="16">
        <s id="16:1" lang="en">30/40-POL, on total elimination of nuclear weapons, adopted by the Council of the Ministers for Foreign Affairs of the Organization of Islamic Cooperation at its</s>
      </p>
      <p id="17">
        <s id="17:1" lang="en">40th session held in Conakry, Republic of Guinea, from 9 to 11 December 2013.</s>
      </p>
      <p id="18">
        <s id="18:1" lang="en">12. The Arab States stress that the international conference that was to be convened in 2012 on the establishment of a Middle East zone free of nuclear weapons and all other weapons of mass destruction, in accordance with the practical steps concerning the Middle East set forth in the Final Document of the 2010 Review Conference, would constitute an important step towards realizing regional and international security, contributing to the prevention of nuclear war and bolstering the non-proliferation regime.</s>
      </p>
      <p id="19">
        <s id="19:1" lang="en">13. The Arab States affirm the importance of convening the postponed conference on the establishment of a Middle East zone free of nuclear weapons and all other weapons of mass destruction at the earliest possible opportunity, which must be in 2014.</s>
        <s id="19:2" lang="en">Responsibility for the convening of the conference lies with the whole international community, and if it is not held in due course, that must be considered as a violation of the review process and the related obligations.</s>
        <s id="19:3" lang="en">In that context, there is a direct link between the convening of the conference in 2014 and its realization of perceptible success through the initiation of a negotiation process within a specific time frame to achieve that zone free of weapons of mass destruction, and the success of the 2015 Review Conference and its Preparatory Committee.</s>
        <s id="19:4" lang="en">In that regard, the Arab States recall the detailed position contained in the working paper on the Middle East that was submitted to the third session of the Preparatory Committee.</s>
      </p>
      <p id="20">
        <s id="20:1" lang="en">14. The Arab States welcome General Assembly resolution 68/32, entitled &quot;Follow-up to the 2013 high-level meeting of the General Assembly on nuclear disarmament&quot;, adopted on 5 December 2013.</s>
        <s id="20:2" lang="en">They also welcome the great interest generated by the meeting that was held on 26 September 2013 and recognize its contribution to furthering the objective of the total elimination of nuclear weapons.</s>
      </p>
      <p id="21">
        <s id="21:1" lang="en">15. The Arab States underline the importance of the Second Conference on the Humanitarian Impact of Nuclear Weapons, held in Nayarit, Mexico, on 13 and</s>
      </p>
      <p id="22">
        <s id="22:1" lang="en">14 February 2014, which heard that no party has the capacity to address the aftermath of deliberate or accidental nuclear explosions.</s>
        <s id="22:2" lang="en">The Arab States welcome the offer of Austria to host the next meeting on that topic.</s>
        <s id="22:3" lang="en">The Arab States affirm that the possession, use or threat of use of nuclear weapons is contrary to the principles and rules of international humanitarian law.</s>
      </p>
      <p id="23">
        <s id="23:1" lang="en">Recommendations</s>
      </p>
      <p id="24">
        <s id="24:1" lang="en">16. The Arab States therefore propose that the 2015 Review Conference should consider the following recommendations:</s>
      </p>
      <p id="25">
        <s id="25:1" lang="en">(a) It should be reaffirmed that the Treaty on the Non-Proliferation of Nuclear Weapons is the cornerstone of the non-proliferation regime, and action should be taken to ensure its universality and full application;</s>
      </p>
      <p id="26">
        <s id="26:1" lang="en">(b) Nuclear-weapon States should be encouraged to take genuine measures in order to complete rapidly the implementation of the agreed practical steps contained in the Final Document of the 2000 Review Conference, some of which were reaffirmed as action 5 in the section on disarmament of nuclear weapons in the Final Document of the 2010 Review Conference;</s>
      </p>
      <p id="27">
        <s id="27:1" lang="en">(c) Support for the early convening of the fourth special session of the General Assembly devoted to disarmament should be emphasized;</s>
      </p>
      <p id="28">
        <s id="28:1" lang="en">(d) The nuclear-weapon States should declare that they have ceased modernizing their nuclear arsenals or developing new types of nuclear weapons, until such time as their elimination in a transparent manner may be verified;</s>
      </p>
      <p id="29">
        <s id="29:1" lang="en">(e) The States parties and, in particular, the nuclear-weapon States, should make greater efforts to ensure the universality of the Treaty.</s>
        <s id="29:2" lang="en">Such efforts should include the performance of their undertakings under the Treaty and the outcomes of the Review Conferences, including the imposition of a comprehensive ban on the transfer of all nuclear materials and related technology to States non-parties to the Treaty until such time as they accede thereto.</s>
        <s id="29:3" lang="en">Any attempt to give the stamp of legitimacy to the nuclear status of States non-parties to the Treaty should be decisively rejected, given that it would hasten the complete breakdown of the</s>
      </p>
      <p id="30">
        <s id="30:1" lang="en">non-proliferation regime;</s>
      </p>
      <p id="31">
        <s id="31:1" lang="en">(f) The importance of universalizing the Comprehensive Nuclear-Test-Ban Treaty and facilitating its entry into force should be reaffirmed.</s>
        <s id="31:2" lang="en">States that have yet to ratify that Treaty should be encouraged to do so, particularly nuclear-weapon States, which bear fundamental responsibility in that regard;</s>
      </p>
      <p id="32">
        <s id="32:1" lang="en">(g) The Conference on Disarmament, as the sole multilateral negotiating body on disarmament, should be urged to devise, in accordance with the request of the first special session of the General Assembly devoted to disarmament, a comprehensive and balanced programme of work that will include the commencement of negotiations concerning:</s>
      </p>
      <p id="33">
        <s id="33:1" lang="en">:: A comprehensive treaty that would prohibit the possession, development, production, acquisition, testing, stockpiling, transport and use or threat of use of nuclear weapons, and provide for their destruction.</s>
        <s id="33:2" lang="en">The Treaty would provide for nuclear disarmament through the gradual eradication of nuclear weapons, within a specified time frame, resulting in their complete,</s>
      </p>
      <p id="34">
        <s id="34:1" lang="en">non-discriminatory and verifiable elimination;</s>
      </p>
      <p id="35">
        <s id="35:1" lang="en">:: A ban on the use and future production of fissile materials for military purposes that also addresses the stockpiling of those materials by nuclear-weapon States, with a view to ensuring that non-proliferation issues do not overshadow efforts to promote disarmament;</s>
      </p>
      <p id="36">
        <s id="36:1" lang="en">:: International arrangements to provide non-nuclear-weapon States parties with unconditional and legally enforceable security assurances that they will not be subject to the use or threat of use of nuclear weapons against them by the five nuclear Powers, until such time as nuclear weapons have been completely eliminated.</s>
      </p>
    </body>
  </text>
</TEI.2>
