<?xml version="1.0" encoding="utf-8"?>
<TEI.2>
  <teiHeader>
    <fileDesc>
      <titleStmt>
        <title>The United Nations Parallel Corpus v1.0 - NPT/CONF.2015/PC.III/WP.25</title>
      </titleStmt>
      <publicationStmt>
        <publisher>United Nations DGACM</publisher>
        <pubPlace>New York</pubPlace>
        <date>20140417</date>
        <idno type="symbol">NPT/CONF.2015/PC.III/WP.25</idno>
        <idno type="jobno">N1430391</idno>
        <availability>
          <p>The following disclaimer, an integral part of the United Nations Parallel Corpus v1.0, 
             shall be respected in regard to the Corpus v1.0 (no other restrictions apply):</p>

          <p>The United Nations Parallel Corpus is made available without warranty of any kind, 
             explicit or implied. The United Nations specifically makes no warranties or 
             representations as to the accuracy or completeness of the information contained in 
             the United Nations corpus.</p>

          <p>Under no circumstances shall the United Nations be liable for any loss, liability,
             injury or damage incurred or suffered that is claimed to have resulted from the use
             of the United Nations Corpus. The use of the United Nations Corpus is at the user's 
             sole risk. The user specifically acknowledges and agrees that the United Nations is 
             not liable for the conduct of any user. If the user is dissatisfied with any of the 
             material provided in the United Nations Corpus, the users's sole and exclusive remedy 
             is to discontinue using the United Nations Corpus.</p>

          <p>When using the United Nations Corpus, the user must acknowledge the United Nations as the
             source of the information. For references, please use this reference:
             Ziemski, M., Junczys-Dowmunt, M., and Pouliquen, B. (2016) The United Nations
             Parallel Corpus, Language Resources and Evaluation (LREC’16), Portorož, Slovenia, 
             May 2016.</p>

          <p>Nothing herein shall constitute or be considered to be a limitation upon or waiver,
             express or implied, of the privileges and immunities of the United Nations, which
             are specifically reserved.</p>
        </availability>
        <distributor>http://conferences.unite.un.org/UNCorpus</distributor>
      </publicationStmt>
      <sourceDesc>
        <p>http://www.un.org/en/official-documents-system-search/index.html</p>
      </sourceDesc>
    </fileDesc>
    <profileDesc>
      <langUsage>
        <language ident="en">English</language>
      </langUsage>
    </profileDesc>
  </teiHeader>
  <text>
    <body>
      <p id="1">
        <s id="1:1" lang="en">Third session</s>
      </p>
      <p id="2">
        <s id="2:1" lang="en">New York, 28 April-9 May 2014</s>
      </p>
      <p id="3">
        <s id="3:1" lang="en">Nuclear disarmament</s>
      </p>
      <p id="4">
        <s id="4:1" lang="en">Working paper submitted by Ireland on behalf of Brazil, Egypt, Mexico, New Zealand and South Africa, as members of the</s>
      </p>
      <p id="5">
        <s id="5:1" lang="en">New Agenda Coalition</s>
      </p>
      <p id="6">
        <s id="6:1" lang="en">Background</s>
      </p>
      <p id="7">
        <s id="7:1" lang="en">1. The Treaty on the Non-Proliferation of Nuclear Weapons is the foundation of the nuclear disarmament and nuclear non-proliferation regime.</s>
        <s id="7:2" lang="en">Since 1998, the New Agenda Coalition has been working relentlessly towards the fulfilment of the bargain of the Treaty by championing the cause of nuclear disarmament, urging the nuclear-weapon States to intensify the pace of implementation of their nuclear disarmament obligations and advocating for universal adherence to the Treaty.</s>
        <s id="7:3" lang="en">Nuclear disarmament and nuclear non-proliferation are mutually reinforcing processes that flow from the Treaty&apos;s central premise, namely, that the nuclear-weapon States have legally committed themselves to the pursuit of nuclear disarmament and the elimination of their nuclear arsenals, in return for which the non-nuclear-weapon States have legally committed themselves not to receive, manufacture or otherwise acquire nuclear weapons, while the Treaty also asserts the inalienable right of States to the peaceful uses of nuclear energy.</s>
      </p>
      <p id="8">
        <s id="8:1" lang="en">2. States parties to the Treaty are equally bound by each of its provisions at all times and in all circumstances.</s>
        <s id="8:2" lang="en">All States parties must, therefore, be held accountable with regard to compliance with their obligations under the Treaty.</s>
        <s id="8:3" lang="en">Selective approaches towards the implementation of certain provisions of the Treaty serve only to undermine the nuclear disarmament and nuclear non-proliferation regime.</s>
        <s id="8:4" lang="en">The deep concerns expressed by New Agenda Coalition ministers in 1998 about the reluctance and lack of urgency on the part of the nuclear-weapon States in fulfilling their Treaty obligations remain regrettably all too relevant.</s>
      </p>
      <p id="9">
        <s id="9:1" lang="en">3. Any justification for the continued retention of nuclear weapons or any presumption of a right to indefinite possession of nuclear weapons by the nuclear-weapon States is incompatible with Treaty obligations, with the integrity and sustainability of the nuclear disarmament and nuclear non-proliferation regime and with the broader goal of pursuing international peace and security.</s>
        <s id="9:2" lang="en">As long as some States continue to possess nuclear weapons, citing security reasons for doing so, others do and will aspire to acquire them.</s>
        <s id="9:3" lang="en">As a result, the continued possession of nuclear weapons serves as a potential driver of proliferation.</s>
      </p>
      <p id="10">
        <s id="10:1" lang="en">4. By limiting the horizontal proliferation of nuclear weapons, significant progress has been achieved on the non-proliferation objective of the Treaty.</s>
        <s id="10:2" lang="en">While the non-proliferation measures have been strengthened over the years, nuclear disarmament as envisaged in the Treaty has yet to be achieved.</s>
        <s id="10:3" lang="en">The international community must, therefore, redouble its efforts to ensure that the nuclear-weapon States and countries outside the Treaty take the requisite steps towards the speedy, final and total elimination of their nuclear weapons.</s>
        <s id="10:4" lang="en">The reaffirmation of the commitment to the total elimination of nuclear weapons was fundamental to decision 3 of the 1995 Review and Extension Conference of the Parties to the Treaty on the Non-Proliferation of Nuclear Weapons, adopted without a vote, to extend the Treaty indefinitely (see NPT/CONF.1995/32 (Part I)). That agreement to extend the Treaty indefinitely was part of an interlinked series of measures that included decision 1, on strengthening the review process for the Treaty, decision 2, on principles and objectives for nuclear non-proliferation and disarmament and the resolution entitled &quot;Resolution on the Middle East&quot;.</s>
      </p>
      <p id="11">
        <s id="11:1" lang="en">5. At the 2000 Review Conference of the Parties to the Treaty on the</s>
      </p>
      <p id="12">
        <s id="12:1" lang="en">Non-Proliferation of Nuclear Weapons, States parties agreed upon a Final Document that included practical steps for systematic and progressive efforts to implement article VI of the Treaty.</s>
        <s id="12:2" lang="en">The nuclear-weapon States provided an unequivocal undertaking in that Final Document to accomplish the total elimination of their nuclear arsenals leading to nuclear disarmament.</s>
      </p>
      <p id="13">
        <s id="13:1" lang="en">6. In 2000, States parties to the Treaty also agreed that the &quot;principle of irreversibility [applies] to nuclear disarmament, nuclear and other related arms control and reduction measures&quot;.</s>
        <s id="13:2" lang="en">The 2000 Review Conference also agreed on &quot;the further development of the verification capabilities that will be required to provide assurance of compliance with nuclear disarmament agreements for the achievement and maintenance of a nuclear-weapon-free world&quot;.</s>
        <s id="13:3" lang="en">The New Agenda Coalition presented its views on &quot;Multilateral nuclear disarmament verification: applying the principles of irreversibility, verifiability and transparency&quot; (NPT/CONF.2015/PC.I/ WP.30) to the Preparatory Committee for the 2015 Review Conference at its first session, and on &quot;Applying the principle of transparency in nuclear disarmament&quot; (NPT/CONF.2015/PC.11/WP.26) at the Committee&apos;s second session.</s>
      </p>
      <p id="14">
        <s id="14:1" lang="en">2010 Review Conference</s>
      </p>
      <p id="15">
        <s id="15:1" lang="en">7. The action plan agreed at the 2010 Review Conference reaffirmed both the unequivocal undertaking by the nuclear-weapon States to the total elimination of their nuclear arsenals and the continued validity of the practical steps agreed to in the Final Document of the 2000 Review Conference.</s>
        <s id="15:2" lang="en">The 2010 action plan included concrete steps for the total elimination of nuclear weapons comprising 22 follow-on actions which reaffirm and build upon the decisions taken in 1995 and 2000.</s>
        <s id="15:3" lang="en">Taking those concrete steps would contribute to the implementation of article VI of the Treaty.</s>
        <s id="15:4" lang="en">The 2010 Review Conference also emphasized the importance of a process leading to the full implementation of the 1995 resolution on the Middle East and, in this context, endorsed the convening in 2012 of a conference, to be attended by all States of the Middle East, on the establishment of a Middle East zone free of nuclear weapons and all other weapons of mass destruction, on the basis of agreements freely arrived at by the States of the region.</s>
      </p>
      <p id="16">
        <s id="16:1" lang="en">8. Importantly, the Conference also re-emphasized the commitment to apply the principles of irreversibility, verifiability and transparency in relation to nuclear disarmament measures.</s>
        <s id="16:2" lang="en">Through action 5 of its consensus action plan, the Conference also provided for undertakings by the nuclear-weapon States to take specific measures on nuclear disarmament and for them to report back on those undertakings at the 2014 session of the Preparatory Committee.</s>
        <s id="16:3" lang="en">The New Agenda Coalition looks forward to the nuclear-weapon States&apos; reporting.</s>
      </p>
      <p id="17">
        <s id="17:1" lang="en">9. The 2010 Review Conference expressed its deep concern at the catastrophic humanitarian consequences of any use of nuclear weapons and asserted the need for all States at all times to comply with applicable international law, including international humanitarian law.</s>
        <s id="17:2" lang="en">In this way, the recognition of the devastation that would be visited on all humanity by a nuclear war was central to the agreement of the Treaty.</s>
        <s id="17:3" lang="en">In a working paper to this session of the Preparatory Committee, the New Agenda Coalition presents its views on the centrality to the Treaty of the consideration of the effects of nuclear weapons.</s>
      </p>
      <p id="18">
        <s id="18:1" lang="en">Progress since the adoption by the 2010 Review Conference of the nuclear disarmament action plan</s>
      </p>
      <p id="19">
        <s id="19:1" lang="en">10. A welcome development since the adoption of the action plan on nuclear disarmament is the reduction in the overall number of operationally deployed strategic nuclear weapons as a result of the entry into force of the Treaty between the Russian Federation and the United States of America on Measures for the Further Reduction and Limitation of Strategic Offensive Arms (New START).</s>
        <s id="19:2" lang="en">Follow-on bilateral measures are now required.</s>
        <s id="19:3" lang="en">Further efforts are expected from the other nuclear-weapon States to reduce their nuclear arsenals and to increase transparency about steps taken.</s>
        <s id="19:4" lang="en">All types of nuclear weapons, irrespective of their size and location, must be included in future reduction agreements with a view to their total elimination.</s>
      </p>
      <p id="20">
        <s id="20:1" lang="en">11. Since 2010, the continued modernization of nuclear arsenals and the development of advanced and new types of nuclear weapons has run counter to the undertakings given by the nuclear-weapon States.</s>
        <s id="20:2" lang="en">Progress has not been evident in reducing and eliminating nuclear weapons stationed outside the territories of the nuclear-weapon States.</s>
        <s id="20:3" lang="en">Current information available on security doctrines suggest continued reliance on nuclear weapons as an integral part of national security, thereby undermining previous commitments made under the Treaty.</s>
        <s id="20:4" lang="en">Information on reducing the role of nuclear weapons in all military and security concepts, doctrines and policies on which the nuclear-weapon States were called to engage in 2010 is awaited.</s>
        <s id="20:5" lang="en">Regrettably, nuclear deterrence policies remain a defining characteristic of the military doctrines of nuclear-weapon States and the military alliances to which they are party.</s>
        <s id="20:6" lang="en">At this meeting of the Preparatory Committee, information is awaited on actions taken since 2010 to reduce the operational readiness of nuclear-weapon systems.</s>
      </p>
      <p id="21">
        <s id="21:1" lang="en">12. The action plan on nuclear disarmament agreed at the 2010 Review Conference included calls for nuclear-weapon States to discuss policies that could prevent the use of nuclear weapons and reduce the risk of accidental use of nuclear weapons and to report on such discussions to this Preparatory Committee meeting.</s>
        <s id="21:2" lang="en">Given the impact of nuclear weapons, the only complete defence against the use of nuclear weapons, by accident or design, is their total elimination and the assurance that they will never be produced again.</s>
      </p>
      <p id="22">
        <s id="22:1" lang="en">13. The information which has been provided to date by some nuclear-weapon States on their nuclear arsenals and the progress made in the implementation of New START represent important confidence-building measures.</s>
        <s id="22:2" lang="en">The series of meetings between the five nuclear-weapon States to engage on these matters since the 2010 Review Conference is a welcome development, but further information is needed about the efforts of the nuclear-weapon States to enhance transparency and increase mutual confidence as between the nuclear-weapon States and the non-nuclear-weapon States.</s>
        <s id="22:3" lang="en">The New Agenda Coalition regrets that, to date, no information has been made available on the publicly accessible repository mandated by the 2010 action plan for this purpose.</s>
      </p>
      <p id="23">
        <s id="23:1" lang="en">14. Despite intensive efforts since 2010, including the submission of draft programmes of work, the Conference on Disarmament has not been able to implement the three specific recommendations of the 2010 action plan on nuclear disarmament owing to the continued lack of consensus.</s>
      </p>
      <p id="24">
        <s id="24:1" lang="en">15. The absence of the establishment in the Middle East of a nuclear-weapon-free zone, including the failure to hold a Conference in 2012 on the establishment in the Middle East of a zone free of nuclear weapons and all other weapons of mass destruction, continues to be a serious concern.</s>
        <s id="24:2" lang="en">Thus, it is of crucial importance that a date be fixed by the Secretary-General and co-convenors, together with the Facilitator, for the convening of the Conference in 2014.</s>
        <s id="24:3" lang="en">The convening of the Conference is among the practical steps endorsed by consensus at the 2010 Review Conference.</s>
        <s id="24:4" lang="en">The 2010 Review Conference emphasized the importance of a process leading to the full implementation of the 1995 resolution on the Middle East, which has also not been implemented to date, despite being an essential element of the outcome of the 1995 Conference and of the basis on which the Treaty was indefinitely extended without a vote.</s>
      </p>
      <p id="25">
        <s id="25:1" lang="en">16. Further progress is urgently required to facilitate the entry into force of the Comprehensive Nuclear-Test-Ban Treaty.</s>
        <s id="25:2" lang="en">By raising the threshold for the acquisition of nuclear weapons, preventing a qualitative arms race and reducing the reliance on nuclear weapons in national security strategies, the Comprehensive Nuclear-Test-Ban Treaty constitutes a core element of the international</s>
      </p>
      <p id="26">
        <s id="26:1" lang="en">non-proliferation and disarmament regime.</s>
        <s id="26:2" lang="en">The entry into force of the Comprehensive Nuclear-Test-Ban Treaty would also strengthen confidence in the international security system by establishing an effective verification mechanism.</s>
        <s id="26:3" lang="en">In this regard, all Comprehensive Nuclear-Test-Ban Treaty undertakings listed in the 2010 Review Conference action plan should be duly fulfilled.</s>
        <s id="26:4" lang="en">Some positive progress has been made towards the entry into force of the Comprehensive Nuclear-Test-Ban Treaty with the ratification by Indonesia, the first Annex 2 State to ratify since the 2010 Review Conference.</s>
      </p>
      <p id="27">
        <s id="27:1" lang="en">17. The entry into force in July 2011 of the Protocol between the Governments of the Russian Federation and the United States to update the 2000 Agreement concerning the Management and Disposition of Plutonium Designated as No Longer Required for Defence Purposes and Related Cooperation represents progress since the adoption of the action plan, though further information is awaited on progress made on the verification role for the International Atomic Energy Agency (IAEA) under the Agreement and Protocol.</s>
        <s id="27:2" lang="en">No further progress has been made in the development of appropriate legally binding verification arrangements, in the context of IAEA, to ensure the irreversible removal of fissile material, particularly weapons-grade highly enriched uranium, designated as no longer required for military purposes, as foreseen in actions 16 and 17 of the 2010 Review Conference action plan.</s>
      </p>
      <p id="28">
        <s id="28:1" lang="en">18. The urgency and importance of achieving the universality of the Treaty on the Non-Proliferation of Nuclear Weapons was reiterated in 2010, and States parties were called upon to make all efforts to promote universal adherence and not to undertake any actions that could negatively affect the prospects for its universality.</s>
        <s id="28:2" lang="en">No progress has been made in this regard.</s>
      </p>
      <p id="29">
        <s id="29:1" lang="en">The way forward: the 2015 Treaty review cycle</s>
      </p>
      <p id="30">
        <s id="30:1" lang="en">19. While there has been progress in implementing some of the concrete steps agreed at successive review conferences since 1995, including through the reduction of the number of nuclear weapons in the arsenals of some nuclear-weapon States and increased transparency measures by some nuclear-weapon States, the threat posed by nuclear weapons remains and the objectives of article VI of the Treaty on the Non-Proliferation of Nuclear Weapons have not yet been met.</s>
        <s id="30:2" lang="en">The continued existence of nuclear weapons and the threat of their proliferation 44 years after the entry into force of the Treaty contradicts commitments made under the Treaty.</s>
        <s id="30:3" lang="en">Accordingly, the 2015 Treaty review cycle should decisively tackle these challenges and address the confidence deficit among States parties to the Treaty.</s>
        <s id="30:4" lang="en">The implementation of disarmament commitments aimed at achieving and sustaining a world free from nuclear weapons cannot be postponed again.</s>
      </p>
      <p id="31">
        <s id="31:1" lang="en">20. This review cycle should be devoted to concrete action, moving beyond the conclusions and recommendations for follow-on actions set out in the Final Document of the 2010 Review Conference.</s>
        <s id="31:2" lang="en">The nuclear-weapon States must, without further delay, fulfil their obligations flowing from article VI through systematic and progressive efforts.</s>
      </p>
      <p id="32">
        <s id="32:1" lang="en">21. Furthermore, all States parties to the Treaty, particularly the nuclear-weapon States and the States in the region, must take concrete actions to implement the 1995 resolution on the Middle East, thereby building upon the 2010 action plan.</s>
      </p>
      <p id="33">
        <s id="33:1" lang="en">22. The convening of the Conference on the establishment of a Middle East zone free of nuclear weapons and all other weapons of mass destruction, as mandated by the 2010 Review Conference, is an essential element of the 2015 Treaty review cycle.</s>
        <s id="33:2" lang="en">The Secretary-General and depository States are thus called upon to continue to make efforts to assist the Facilitator in convening the Conference without further delay.</s>
        <s id="33:3" lang="en">As mandated, the Facilitator will also assist in the implementation of the follow-on steps to be agreed to by the participating regional States at the Conference towards the full implementation of the 1995 resolution on the Middle East, and will submit reports on this to the 2015 Review Conference and its Preparatory Committee.</s>
      </p>
      <p id="34">
        <s id="34:1" lang="en">23. As part of the 2010 action plan on nuclear disarmament, all States parties committed to apply the principles of irreversibility, verifiability and transparency in relation to the implementation of their Treaty obligations.</s>
        <s id="34:2" lang="en">Irreversibility is a cardinal principle of the nuclear disarmament process and can only be guaranteed through the strict and transparent implementation of relevant legal and technical commitments.</s>
        <s id="34:3" lang="en">Technical approaches have been developed in the context of the implementation by the nuclear-weapon States of agreements concerning nuclear weapon reductions, particularly the work undertaken on dismantling warheads and disposing of fissile material under agreements between the Russian Federation and the United States.</s>
        <s id="34:4" lang="en">The development of such approaches may contribute to the demonstration of irreversibility in multilateral nuclear disarmament.</s>
        <s id="34:5" lang="en">In any future multilateral process, such technical approaches would need to be supplemented by appropriate legally binding transparency and verification measures in order to provide assurance of the irreversibility of that process.</s>
      </p>
      <p id="35">
        <s id="35:1" lang="en">24. As a short-term demonstration of the irreversibility of nuclear disarmament actions taken, all nuclear-weapon States must initiate or accelerate, and conclude, the development of multilateral arrangements for placing fissile material no longer required for military purposes, including weapons-grade plutonium and weapons-grade uranium, under IAEA verification, and make arrangements for the disposition of such material for peaceful purposes, ensuring that this material remains permanently outside military programmes in a verifiable manner.</s>
        <s id="35:2" lang="en">Adequate, legally binding and efficient nuclear disarmament verification arrangements are urgently required to promote confidence in the permanence and irreversibility of the removal of such material from military programmes.</s>
      </p>
      <p id="36">
        <s id="36:1" lang="en">25. Beyond the requisite actions and reporting set out in the 2010 Review Conference action plan, nuclear-weapon States should commit at the 2015 Review Conference to take additional measures to implement their nuclear disarmament obligations under article VI, their unequivocal undertaking to accomplish the total elimination of their nuclear arsenals and to apply the principles of transparency, verifiability and irreversibility to nuclear disarmament measures.</s>
        <s id="36:2" lang="en">In addition, all States that are part of military alliances that include nuclear-weapon States should commit to reducing and eliminating the role of nuclear weapons in collective security doctrines.</s>
      </p>
      <p id="37">
        <s id="37:1" lang="en">26. Building on the agreements reached at the 2000 and 2010 Review Conferences, further concrete measures must be taken to decrease the operational readiness of nuclear weapon systems, with a view to ensuring that all nuclear weapons are removed from high-alert status.</s>
      </p>
      <p id="38">
        <s id="38:1" lang="en">27. Since the 2010 Review Conference, awareness has been steadily growing about the humanitarian consequences and ever-present risk of a nuclear detonation, whether by accident, miscalculation or design.</s>
        <s id="38:2" lang="en">This was illustrated by the Conferences on the Humanitarian Impact of Nuclear Weapons, held in Oslo in 2013 and Nayarit, Mexico, in 2014, and will be further discussed in Vienna in late 2014.</s>
        <s id="38:3" lang="en">Given the indiscriminate and catastrophic effects of nuclear weapons, humanitarian concerns should be central to all actions and decisions during the 2015 review cycle and beyond.</s>
      </p>
      <p id="39">
        <s id="39:1" lang="en">28. Furthermore, the 2015 Review Conference should call for the elaboration of a clear, legally binding, multilateral commitment to achieving nuclear disarmament, which would underpin and guide all future efforts towards nuclear disarmament.</s>
        <s id="39:2" lang="en">What is needed is a comprehensive and legally binding framework committing all States to a world free of nuclear weapons, which the New Agenda Coalition has consistently advocated for, comprising the aforementioned mutually reinforcing components, implemented in an unconditional manner and backed by clearly defined timelines, benchmarks and a strong system of verification.</s>
      </p>
      <p id="40">
        <s id="40:1" lang="en">29. States parties to the Treaty should take into account that failure to fulfil agreements and undertakings reached at successive Review Conferences diminishes the credibility of the Treaty and may pose a threat to the long-term sustainability of the non-proliferation regime.</s>
        <s id="40:2" lang="en">All States parties to the Treaty must continue to be committed to ensuring the full and effective implementation of article VI without delay.</s>
        <s id="40:3" lang="en">The New Agenda Coalition looks forward to working with all States parties to develop a robust, effective and ambitious action plan at the 2015 Review Conference that will reinforce the ability of the Treaty to deliver on its promise of a world without nuclear weapons.</s>
      </p>
    </body>
  </text>
</TEI.2>
