<?xml version="1.0" encoding="utf-8"?>
<TEI.2>
  <teiHeader>
    <fileDesc>
      <titleStmt>
        <title>The United Nations Parallel Corpus v1.0 - NPT/CONF.2015/PC.III/WP.20</title>
      </titleStmt>
      <publicationStmt>
        <publisher>United Nations DGACM</publisher>
        <pubPlace>New York</pubPlace>
        <date>20140415</date>
        <idno type="symbol">NPT/CONF.2015/PC.III/WP.20</idno>
        <idno type="jobno">N1429997</idno>
        <availability>
          <p>The following disclaimer, an integral part of the United Nations Parallel Corpus v1.0, 
             shall be respected in regard to the Corpus v1.0 (no other restrictions apply):</p>

          <p>The United Nations Parallel Corpus is made available without warranty of any kind, 
             explicit or implied. The United Nations specifically makes no warranties or 
             representations as to the accuracy or completeness of the information contained in 
             the United Nations corpus.</p>

          <p>Under no circumstances shall the United Nations be liable for any loss, liability,
             injury or damage incurred or suffered that is claimed to have resulted from the use
             of the United Nations Corpus. The use of the United Nations Corpus is at the user's 
             sole risk. The user specifically acknowledges and agrees that the United Nations is 
             not liable for the conduct of any user. If the user is dissatisfied with any of the 
             material provided in the United Nations Corpus, the users's sole and exclusive remedy 
             is to discontinue using the United Nations Corpus.</p>

          <p>When using the United Nations Corpus, the user must acknowledge the United Nations as the
             source of the information. For references, please use this reference:
             Ziemski, M., Junczys-Dowmunt, M., and Pouliquen, B. (2016) The United Nations
             Parallel Corpus, Language Resources and Evaluation (LREC’16), Portorož, Slovenia, 
             May 2016.</p>

          <p>Nothing herein shall constitute or be considered to be a limitation upon or waiver,
             express or implied, of the privileges and immunities of the United Nations, which
             are specifically reserved.</p>
        </availability>
        <distributor>http://conferences.unite.un.org/UNCorpus</distributor>
      </publicationStmt>
      <sourceDesc>
        <p>http://www.un.org/en/official-documents-system-search/index.html</p>
      </sourceDesc>
    </fileDesc>
    <profileDesc>
      <langUsage>
        <language ident="en">English</language>
      </langUsage>
    </profileDesc>
  </teiHeader>
  <text>
    <body>
      <p id="1">
        <s id="1:1" lang="en">Third session</s>
      </p>
      <p id="2">
        <s id="2:1" lang="en">New York, 28 April-9 May 2014</s>
      </p>
      <p id="3">
        <s id="3:1" lang="en">The inalienable right to develop research, production and uses of nuclear energy for peaceful purposes</s>
      </p>
      <p id="4">
        <s id="4:1" lang="en">Working paper submitted by the Islamic Republic of Iran</s>
      </p>
      <p id="5">
        <s id="5:1" lang="en">1. In order to establish a balance between security concerns and the socioeconomic requirements for development, especially for developing countries, article IV of the Treaty on the Non-Proliferation of Nuclear Weapons guarantees &quot;the inalienable right of all the Parties to the Treaty to develop research, production and use of nuclear energy for peaceful purposes without discrimination and in conformity with Articles I and II of this Treaty&quot; and provides for an undertaking by all the parties to the Treaty &quot;to facilitate, and have the right to participate in, the fullest possible exchange of equipment, materials and scientific and technological information for the peaceful uses of nuclear energy&quot;.</s>
        <s id="5:2" lang="en">Article IV also plays a crucial role as the main incentive set forth to encourage the non-nuclear-weapon States to join the Treaty and thereby foster the non-proliferation regime.</s>
      </p>
      <p id="6">
        <s id="6:1" lang="en">2. This main pillar of the Treaty has been underscored in the light of the increasing need of the world for nuclear energy in the third millennium.</s>
        <s id="6:2" lang="en">We have recently witnessed this promising trend in our region.</s>
        <s id="6:3" lang="en">The Islamic Republic of Iran welcomes the initiatives of its brotherly neighbours to move towards the peaceful application of nuclear energy.</s>
        <s id="6:4" lang="en">This trend confirms once again the long-standing position of the Islamic Republic of Iran concerning the need to diversify energy resources in order to guarantee its future requirements.</s>
      </p>
      <p id="7">
        <s id="7:1" lang="en">3. The inalienable right of all States parties to nuclear technology for peaceful purposes without discrimination indeed constitutes the very foundation of the Treaty.</s>
        <s id="7:2" lang="en">This inalienable right in itself emanates from two broader propositions.</s>
        <s id="7:3" lang="en">First, scientific and technological achievements are the common heritage of humanity, and second, the requisite balance between rights and obligations is the basis of any sound legal instrument.</s>
        <s id="7:4" lang="en">This balance guarantees the longevity of the legal regime by providing incentives for membership and compliance.</s>
      </p>
      <p id="8">
        <s id="8:1" lang="en">4. Article III, while providing for the undertaking by each non-nuclear-weapon State party to the Treaty to conclude safeguards agreements with the International Atomic Energy Agency (IAEA), is equally explicit in articulating that the implementation of such safeguards shall be &quot;in a manner designed to comply with Article IV of this Treaty, and to avoid hampering the economic or technological development of the Parties or international cooperation in the field of peaceful nuclear activities, including the international exchange of nuclear material and equipment for the processing, use or production of nuclear material for peaceful purposes in accordance with the provisions of this Article and the principle of safeguarding set forth in the Preamble of the Treaty.&quot;</s>
      </p>
      <p id="9">
        <s id="9:1" lang="en">5. This notion was duly noted in the Review Conferences of the Parties to the Treaty on the Non-Proliferation of Nuclear Weapons, particularly in the Final Document of the 2000 Review Conference when considering that &quot;the strengthening of IAEA safeguards should not adversely affect the resources available for technical assistance and cooperation.</s>
        <s id="9:2" lang="en">The allocation of resources should take into account all of the Agency&apos;s statutory functions, including that of encouraging and assisting the development and practical application of atomic energy for peaceful uses with adequate technology transfer.&quot;</s>
      </p>
      <p id="10">
        <s id="10:1" lang="en">6. Given the importance of the peaceful applications of nuclear energy and nuclear technologies for human health, medical, industrial, agriculture, environmental protection and sustainable development, especially in developing countries, the statute of IAEA recognizes its role in encouraging and assisting &quot;research on, and development and practical application of, atomic energy for peaceful uses throughout the world&quot; and fostering &quot;the exchange of scientific and technical information on peaceful uses of atomic energy&quot;.</s>
      </p>
      <p id="11">
        <s id="11:1" lang="en">7. The attempts, including through the involvement of the Security Council, to turn confidence-building measures into mandatory ones, are a matter of grave concern.</s>
        <s id="11:2" lang="en">Such actions, which are in full contravention of article IV of the Treaty, violate the inalienable right of States parties to use nuclear energy for peaceful purposes.</s>
        <s id="11:3" lang="en">In fact, by adopting such actions, the balance of rights and obligations of States parties would be disturbed, the existing discrimination and gap between the haves and have-nots in the Treaty would be widened and, finally, the very basis of the fundamental bargain of the Treaty would be destroyed.</s>
      </p>
      <p id="12">
        <s id="12:1" lang="en">8. Furthermore, the fundamental role of IAEA in the promotion of nuclear energy for peaceful purposes has been increasingly undermined by shortcomings in resources and restrictions imposed by some States on the Agency.</s>
        <s id="12:2" lang="en">Since the establishment of IAEA, developing countries have continually expressed serious concerns about the policy for funding technical cooperation, based on voluntary contributions that are unpredictable, unsecured and subject to the political motivations of the donors.</s>
        <s id="12:3" lang="en">Safeguards activities are, however, funded from the regular budget.</s>
        <s id="12:4" lang="en">Such a discriminatory policy with respect to two pillars of the statute of the Agency and the Treaty has to be abandoned.</s>
        <s id="12:5" lang="en">In accordance with actions 53 and 54 of the conclusions and recommendations for follow-on actions contained in the Final Document of the 2010 Review Conference, States parties are called upon to strengthen the IAEA technical cooperation programme by assisting developing States parties in taking practical steps to ensure that IAEA resources in this area are sufficient, assured and predictable.</s>
      </p>
      <p id="13">
        <s id="13:1" lang="en">9. Moreover, measures taken by States parties to prevent nuclear proliferation should facilitate rather than hamper the exercise of the recognized rights of developing States parties to the Treaty to peaceful applications of nuclear energy.</s>
        <s id="13:2" lang="en">Imposition of restrictions as a cover for the implementation of the foreign policy objectives of certain States is a clear violation of article IV obligations, and challenges both the integrity and credibility of the Treaty.</s>
      </p>
      <p id="14">
        <s id="14:1" lang="en">10. Consistent with action 51 of the conclusions and recommendations for follow-on actions of the Final Document of the 2010 Review Conference, undue restrictions on the transfer of nuclear materials, equipment and technologies for the peaceful uses of nuclear energy should be swiftly removed.</s>
        <s id="14:2" lang="en">Bilateral and multilateral cooperation among States parties to the Treaty under the supervision of IAEA on the peaceful uses of nuclear energy should never be restricted or confined, either by other States or by ad hoc export control regimes, such as the Nuclear Suppliers Group, the exclusive and non-transparent group that claims to have been established to strengthen the non-proliferation regime.</s>
        <s id="14:3" lang="en">The application of unilaterally enforced export control regimes, in contravention of the letter and the spirit of the Treaty, has hampered the access of developing countries to nuclear materials, equipment and technologies for peaceful purposes.</s>
        <s id="14:4" lang="en">It is essential to note the fact that, in the statute of the Agency and the Treaty, as well as in the comprehensive safeguards agreement and even the most intrusive, but voluntary, instrument, that is, the additional protocol to the comprehensive safeguards agreement, there is no provision to prohibit or restrict enrichment and reprocessing activities.</s>
        <s id="14:5" lang="en">The function of the Agency is merely to verify the declarations of member States.</s>
      </p>
      <p id="15">
        <s id="15:1" lang="en">11. In this context, the decision of the Nuclear Suppliers Group on nuclear cooperation with a non-party has severely damaged the Treaty.</s>
        <s id="15:2" lang="en">The decision of the Group is a clear violation of article III (2), which stipulates that each State party to the Treaty should undertake not to provide equipment or material for peaceful purposes &quot;unless the source or special fissionable material shall be subject to the safeguards required by&quot; the Treaty.</s>
      </p>
      <p id="16">
        <s id="16:1" lang="en">12. The aforementioned decision, which has been taken under pressure by the United States of America, is also a violation of the commitment of the nuclear-weapon States under the 1995 decision on principles and objectives for nuclear</s>
      </p>
      <p id="17">
        <s id="17:1" lang="en">non-proliferation and disarmament and the Final Document of the 2000 Review Conference to promote the universality of the Treaty.</s>
        <s id="17:2" lang="en">Such a decision is another manifestation of double standards and discrimination in implementing the provisions of the Treaty.</s>
        <s id="17:3" lang="en">The Review Conference and its preparatory committees need to address this very important issue.</s>
      </p>
      <p id="18">
        <s id="18:1" lang="en">13. Measures need to be taken to ensure that the inalienable rights of all States parties under the provisions of the preamble and articles of the Treaty are all fully protected.</s>
        <s id="18:2" lang="en">No State party should be limited in exercising its rights under the Treaty based on allegations of non-compliance.</s>
        <s id="18:3" lang="en">The inalienable rights of the States parties, as stipulated in the Treaty, cover all aspects of peaceful technologies and are not limited to specific areas.</s>
        <s id="18:4" lang="en">In this connection, the outcome documents of the 2000 and 2010 Review Conferences have reiterated that each country&apos;s choices and decisions in the field of the peaceful uses of nuclear energy should be respected without jeopardizing its policies or international cooperation agreements and arrangements for the peaceful uses of nuclear energy and its fuel-cycle policies.</s>
        <s id="18:5" lang="en">Unfortunately, for the first time in the history of IAEA, the promotional statutory pillar of the statute has been put in serious jeopardy through politically motivated decisions of the Security Council, which is trying to dictate to the Agency whether, how and when to deprive a developing member State of technical cooperation that is solely intended for humanitarian and peaceful uses.</s>
        <s id="18:6" lang="en">The authority of IAEA as the sole competent technical international organization in respect of this issue has been seriously undermined.</s>
        <s id="18:7" lang="en">We strongly believe that there should be a balance between the promotional and safeguards activities of IAEA, and IAEA should not be turned into a one-dimensional agency.</s>
      </p>
      <p id="19">
        <s id="19:1" lang="en">14. It should be once again reiterated that arbitrary and self-serving criteria and thresholds regarding proliferation-proof and proliferation-prone technologies can and will only undermine the Treaty.</s>
        <s id="19:2" lang="en">The Islamic Republic of Iran, for its part, is determined to pursue all areas of nuclear technology, including fuel cycle and enrichment technology, exclusively for peaceful purposes.</s>
        <s id="19:3" lang="en">However, no one should be under the illusion that guarantees can theoretically or practically amount to cessation, or even suspension, of a legal activity that has been and will continue to be carried out under the fullest and most intrusive IAEA supervision.</s>
      </p>
      <p id="20">
        <s id="20:1" lang="en">15. The Islamic Republic of Iran is of the view that, in order to strengthen the effectiveness and credibility of the Treaty and to put an end to the selective and discriminatory implementation of the articles of the Treaty, the 2015 Review Conference should intensify its work in order to prevent further non-compliance of developed States parties with undertakings under article IV. To ensure the adoption of tangible measures to promote the implementation of the inalienable rights of all States parties, particularly developing countries, to enjoy their established rights under the Treaty and to have full access to nuclear materials, technologies, equipment and scientific and technological information for peaceful purposes and, in doing so, preserve the delicate balance between the rights and obligations arising from the Treaty, any new division among the States parties and interpretations incompatible with the letter of the Treaty should be strictly avoided.</s>
      </p>
      <p id="21">
        <s id="21:1" lang="en">16. According to article IV of the Treaty, nothing in the Treaty shall be interpreted as affecting the inalienable right of all the parties to the Treaty to develop research, production and use of nuclear energy for peaceful purposes without discrimination and in conformity with articles I and II of the Treaty.</s>
      </p>
      <p id="22">
        <s id="22:1" lang="en">17. It also stipulates that all the parties to the Treaty undertake to facilitate, and have the right to participate in, the fullest possible exchange of equipment, materials and scientific and technological information for the peaceful uses of nuclear energy.</s>
        <s id="22:2" lang="en">Parties to the Treaty in a position to do so shall also cooperate in contributing alone, or together with other States or international organizations, to the further development of applications of nuclear energy for peaceful purposes, especially in the territories of non-nuclear-weapon States parties to the Treaty, with due consideration for the needs of the developing areas of the world.</s>
      </p>
      <p id="23">
        <s id="23:1" lang="en">18. The safeguards required by article III shall also be implemented in a manner designed to comply with article IV of the Treaty and to avoid hampering the economic or technological development of the parties or international cooperation in the field of peaceful nuclear activities, including the international exchange of nuclear material and equipment for the processing, use or production of nuclear material for peaceful purposes, in accordance with the provisions of article III and the principle of safeguarding set forth in the preamble of the Treaty.</s>
      </p>
      <p id="24">
        <s id="24:1" lang="en">19. The recent proposals and decisions on limitations or restrictions on the inalienable right of States parties to develop a national fuel cycle are a matter of serious concern.</s>
        <s id="24:2" lang="en">In this regard, the 2015 Review Conference should reaffirm this right and decide that any explicit or implicit decision or act that is intended to hamper the nuclear policies of States parties to develop a national fuel cycle shall be avoided.</s>
      </p>
      <p id="25">
        <s id="25:1" lang="en">20. On the other hand, certain countries have used the Board of Governors of IAEA and the Security Council as tools for advancing their political intentions and to interrupt the peaceful activities of a State party.</s>
      </p>
      <p id="26">
        <s id="26:1" lang="en">21. To this end, they may commit numerous breaches of their obligations, which can in turn result in the infliction of damages on a State party.</s>
        <s id="26:2" lang="en">Some of the breaches and consequential damages are as follows:</s>
      </p>
      <p id="27">
        <s id="27:1" lang="en">(a) Imposing unnecessary costs on the Agency;</s>
      </p>
      <p id="28">
        <s id="28:1" lang="en">(b) Violation of article IV of the Treaty by hampering the peaceful nuclear activities of a State party;</s>
      </p>
      <p id="29">
        <s id="29:1" lang="en">(c) Interrupting peaceful nuclear activities of a State party through extensive inspections and releasing confidential information (the continued presence of the inspectors in nuclear facilities can hinder the scientists and the personnel of the facilities from doing their jobs in a tranquil environment, while the safeguards shall be implemented in a manner to avoid undue interference in a State party&apos;s peaceful nuclear activities and in particular in the operation of facilities);</s>
      </p>
      <p id="30">
        <s id="30:1" lang="en">(d) Imposing measures beyond the boundaries of existing legal commitments of a State party, including suspension of peaceful nuclear activities, which can cause many human, financial and political damages;</s>
      </p>
      <p id="31">
        <s id="31:1" lang="en">(e) Breach of article XI of the statute of IAEA on facilitating technical cooperation projects;</s>
      </p>
      <p id="32">
        <s id="32:1" lang="en">(f) Involving the Security Council unlawfully;</s>
      </p>
      <p id="33">
        <s id="33:1" lang="en">(g) Interrupting the technical cooperation of the Agency with a State party, while the raison d&apos;être of the Agency is to help the member States in this field;</s>
      </p>
      <p id="34">
        <s id="34:1" lang="en">(h) Damage to the prestige of the Agency;</s>
      </p>
      <p id="35">
        <s id="35:1" lang="en">(i) Intellectual damages, particularly damage to the reputation of a State party.</s>
      </p>
      <p id="36">
        <s id="36:1" lang="en">22. Given the above-mentioned points, the question arises as to who should compensate for these damages and how the compensation should be made.</s>
      </p>
      <p id="37">
        <s id="37:1" lang="en">23. Owing to the importance of the issue, and since no mechanism is designed under the Treaty in this regard, the Islamic Republic of Iran proposes the establishment of a mechanism by the 2015 Review Conference to examine cases of non-compliance with article IV and the consequential damages inflicted on States parties through the violation of this article by any State party.</s>
      </p>
      <p id="38">
        <s id="38:1" lang="en">24. In such a mechanism, the implementation of the provisions of article IV and compliance with the obligations of the nuclear technology owners, including the facilitation of international cooperation, should be duly verified, and those countries that are responsible for the violation of article IV should compensate for the damages inflicted on States parties resulting from their actions.</s>
      </p>
    </body>
  </text>
</TEI.2>
