<?xml version="1.0" encoding="utf-8"?>
<TEI.2>
  <teiHeader>
    <fileDesc>
      <titleStmt>
        <title>The United Nations Parallel Corpus v1.0 - NPT/CONF.2015/PC.III/WP.28</title>
      </titleStmt>
      <publicationStmt>
        <publisher>United Nations DGACM</publisher>
        <pubPlace>New York</pubPlace>
        <date>20140423</date>
        <idno type="symbol">NPT/CONF.2015/PC.III/WP.28</idno>
        <idno type="jobno">N1430700</idno>
        <availability>
          <p>The following disclaimer, an integral part of the United Nations Parallel Corpus v1.0, 
             shall be respected in regard to the Corpus v1.0 (no other restrictions apply):</p>

          <p>The United Nations Parallel Corpus is made available without warranty of any kind, 
             explicit or implied. The United Nations specifically makes no warranties or 
             representations as to the accuracy or completeness of the information contained in 
             the United Nations corpus.</p>

          <p>Under no circumstances shall the United Nations be liable for any loss, liability,
             injury or damage incurred or suffered that is claimed to have resulted from the use
             of the United Nations Corpus. The use of the United Nations Corpus is at the user's 
             sole risk. The user specifically acknowledges and agrees that the United Nations is 
             not liable for the conduct of any user. If the user is dissatisfied with any of the 
             material provided in the United Nations Corpus, the users's sole and exclusive remedy 
             is to discontinue using the United Nations Corpus.</p>

          <p>When using the United Nations Corpus, the user must acknowledge the United Nations as the
             source of the information. For references, please use this reference:
             Ziemski, M., Junczys-Dowmunt, M., and Pouliquen, B. (2016) The United Nations
             Parallel Corpus, Language Resources and Evaluation (LREC’16), Portorož, Slovenia, 
             May 2016.</p>

          <p>Nothing herein shall constitute or be considered to be a limitation upon or waiver,
             express or implied, of the privileges and immunities of the United Nations, which
             are specifically reserved.</p>
        </availability>
        <distributor>http://conferences.unite.un.org/UNCorpus</distributor>
      </publicationStmt>
      <sourceDesc>
        <p>http://www.un.org/en/official-documents-system-search/index.html</p>
      </sourceDesc>
    </fileDesc>
    <profileDesc>
      <langUsage>
        <language ident="en">English</language>
      </langUsage>
    </profileDesc>
  </teiHeader>
  <text>
    <body>
      <p id="1">
        <s id="1:1" lang="en">Third session</s>
      </p>
      <p id="2">
        <s id="2:1" lang="en">New York, 28 April-9 May 2014</s>
      </p>
      <p id="3">
        <s id="3:1" lang="en">Strengthening international nuclear non-proliferation</s>
      </p>
      <p id="4">
        <s id="4:1" lang="en">Working paper submitted by Japan</s>
      </p>
      <p id="5">
        <s id="5:1" lang="en">1. To achieve the goal of &quot;a world free of nuclear weapons&quot;, the spread of nuclear weapons must be prevented.</s>
        <s id="5:2" lang="en">Specifically, efforts for nuclear non-proliferation are essential.</s>
        <s id="5:3" lang="en">These efforts are designed to prevent the emergence of new nuclear-weapon States as well as the circumstances that lead to the emergence of such countries.</s>
      </p>
      <p id="6">
        <s id="6:1" lang="en">2. In this context, as a new concept in the policy of the Government of Japan in the field of nuclear non-proliferation, we have introduced &quot;three preventions&quot;:</s>
      </p>
      <p id="7">
        <s id="7:1" lang="en">(a) prevention of the emergence of new nuclear-weapon States; (b) prevention of the proliferation of nuclear-weapons-related materials and technologies; and</s>
      </p>
      <p id="8">
        <s id="8:1" lang="en">(c) prevention of nuclear terrorism.</s>
      </p>
      <p id="9">
        <s id="9:1" lang="en">Prevention of the emergence of new nuclear-weapon States</s>
      </p>
      <p id="10">
        <s id="10:1" lang="en">3. The first pillar of this new concept is the prevention of the emergence of new nuclear-weapon States.</s>
        <s id="10:2" lang="en">Preventing the emergence of new nuclear-weapon States is one of the most important pillars of Japan&apos;s non-proliferation policy.</s>
      </p>
      <p id="11">
        <s id="11:1" lang="en">4. The continued development by the Democratic People&apos;s Republic of Korea of nuclear and missile programmes poses a grave threat to regional and global peace and stability.</s>
        <s id="11:2" lang="en">In coordination with the United States of America, the Republic of Korea and other countries concerned, Japan strongly urges the Democratic People&apos;s Republic of Korea to take concrete actions towards its denuclearization.</s>
        <s id="11:3" lang="en">We will never accept possession of nuclear weapons by the Democratic People&apos;s Republic of Korea under any circumstances.</s>
      </p>
      <p id="12">
        <s id="12:1" lang="en">5. The Iranian nuclear issue is also a matter of concern for Japan.</s>
        <s id="12:2" lang="en">Japan, in various diplomatic exchanges, has strongly urged the Islamic Republic of Iran to ratify the Additional Protocol to the Comprehensive Safeguards Agreement of the International Atomic Energy Agency (IAEA) as well as the Comprehensive Nuclear-Test-Ban Treaty, and to fully cooperate with IAEA to remove international concerns regarding its nuclear activities.</s>
        <s id="12:3" lang="en">Japan will, in coordination with the international community, continue to be actively engaged in international efforts in the pursuit of a final and comprehensive resolution to the issue.</s>
      </p>
      <p id="13">
        <s id="13:1" lang="en">6. The IAEA safeguards, which serve as practical measures to detect the diversion of peaceful nuclear activities to military uses as well as to detect clandestine nuclear activities, are a fundamental component in the international</s>
      </p>
      <p id="14">
        <s id="14:1" lang="en">non-proliferation regime.</s>
      </p>
      <p id="15">
        <s id="15:1" lang="en">7. As the country receiving the greatest number of IAEA inspections in the world and one of the pioneers in the peaceful uses of nuclear energy, with this long-standing knowledge and experience, we will continue to work with the international community so that all concerned countries conclude the Additional Protocol in order for safeguards to be further strengthened.</s>
      </p>
      <p id="16">
        <s id="16:1" lang="en">Prevention of the proliferation of nuclear-weapons-related materials</s>
      </p>
      <p id="17">
        <s id="17:1" lang="en">and technologies</s>
      </p>
      <p id="18">
        <s id="18:1" lang="en">8. The second pillar of this policy is the prevention of the proliferation of materials and technologies that could contribute to nuclear-weapons development.</s>
        <s id="18:2" lang="en">In order to prevent the emergence of new nuclear-weapon States, it is important to implement, in addition to the above, export controls for the prevention of the procurement of nuclear-related materials by parties pursuing the possession of nuclear weapons.</s>
      </p>
      <p id="19">
        <s id="19:1" lang="en">9. In recent years, along with their economic development, Asian countries have been acquiring the capacity to produce materials and technologies that could be diverted to the development of nuclear weapons as well as missiles as a means of delivery.</s>
      </p>
      <p id="20">
        <s id="20:1" lang="en">10. Meanwhile, illegal procurement activities are becoming increasingly sophisticated, utilizing front companies and making use of transit points in Asia.</s>
        <s id="20:2" lang="en">Therefore, there is an increased risk that these countries might export such materials and technologies to countries of concern without recognizing that they could be diverted to nuclear-weapons development.</s>
      </p>
      <p id="21">
        <s id="21:1" lang="en">11. It is also a fact, however, that there is still recognition among Asian countries that export controls could impede trade and investment, and that non-proliferation efforts may, therefore, pose obstacles to economic growth.</s>
        <s id="21:2" lang="en">With this in mind, Japan is determined to reinforce the international non-proliferation network by strengthening diplomatic cooperation with like-minded countries, such as the United States and Australia.</s>
        <s id="21:3" lang="en">Japan will work tirelessly to explain to Asian countries that the strengthening of export controls fosters confidence in the reliability of trade or investment partners, and creates a favourable environment for further economic growth rather than impeding trade and investment.</s>
      </p>
      <p id="22">
        <s id="22:1" lang="en">Prevention of nuclear terrorism</s>
      </p>
      <p id="23">
        <s id="23:1" lang="en">12. The third pillar is the prevention of nuclear terrorism.</s>
        <s id="23:2" lang="en">Along with the above-mentioned measures, it is also extremely important to prevent &quot;nuclear terrorism&quot;, which is an act of terror by non-State actors, such as terrorist organizations, utilizing nuclear and other radioactive materials.</s>
      </p>
      <p id="24">
        <s id="24:1" lang="en">13. Strengthening nuclear security is important from the following three perspectives: (a) Japan&apos;s national security; (b) maintaining public order; and (c) promoting the peaceful uses of nuclear energy.</s>
        <s id="24:2" lang="en">If many countries build and strengthen their capacity to counter nuclear terrorism, confidence-building among nations will be promoted in the field of international security.</s>
      </p>
      <p id="25">
        <s id="25:1" lang="en">14. Japan will continue to contribute actively to strengthening global nuclear security and counter-terrorism activities as one of the countries with the most advanced nuclear technology through various international forums, including IAEA.</s>
      </p>
    </body>
  </text>
</TEI.2>
