<?xml version="1.0" encoding="utf-8"?>
<TEI.2>
  <teiHeader>
    <fileDesc>
      <titleStmt>
        <title>The United Nations Parallel Corpus v1.0 - NPT/CONF.2015/PC.III/WP.24</title>
      </titleStmt>
      <publicationStmt>
        <publisher>United Nations DGACM</publisher>
        <pubPlace>New York</pubPlace>
        <date>20140421</date>
        <idno type="symbol">NPT/CONF.2015/PC.III/WP.24</idno>
        <idno type="jobno">N1430519</idno>
        <availability>
          <p>The following disclaimer, an integral part of the United Nations Parallel Corpus v1.0, 
             shall be respected in regard to the Corpus v1.0 (no other restrictions apply):</p>

          <p>The United Nations Parallel Corpus is made available without warranty of any kind, 
             explicit or implied. The United Nations specifically makes no warranties or 
             representations as to the accuracy or completeness of the information contained in 
             the United Nations corpus.</p>

          <p>Under no circumstances shall the United Nations be liable for any loss, liability,
             injury or damage incurred or suffered that is claimed to have resulted from the use
             of the United Nations Corpus. The use of the United Nations Corpus is at the user's 
             sole risk. The user specifically acknowledges and agrees that the United Nations is 
             not liable for the conduct of any user. If the user is dissatisfied with any of the 
             material provided in the United Nations Corpus, the users's sole and exclusive remedy 
             is to discontinue using the United Nations Corpus.</p>

          <p>When using the United Nations Corpus, the user must acknowledge the United Nations as the
             source of the information. For references, please use this reference:
             Ziemski, M., Junczys-Dowmunt, M., and Pouliquen, B. (2016) The United Nations
             Parallel Corpus, Language Resources and Evaluation (LREC’16), Portorož, Slovenia, 
             May 2016.</p>

          <p>Nothing herein shall constitute or be considered to be a limitation upon or waiver,
             express or implied, of the privileges and immunities of the United Nations, which
             are specifically reserved.</p>
        </availability>
        <distributor>http://conferences.unite.un.org/UNCorpus</distributor>
      </publicationStmt>
      <sourceDesc>
        <p>http://www.un.org/en/official-documents-system-search/index.html</p>
      </sourceDesc>
    </fileDesc>
    <profileDesc>
      <langUsage>
        <language ident="en">English</language>
      </langUsage>
    </profileDesc>
  </teiHeader>
  <text>
    <body>
      <p id="1">
        <s id="1:1" lang="en">Third session</s>
      </p>
      <p id="2">
        <s id="2:1" lang="en">New York, 28 April-9 May 2014</s>
      </p>
      <p id="3">
        <s id="3:1" lang="en">De-alerting</s>
      </p>
      <p id="4">
        <s id="4:1" lang="en">Working paper submitted by Chile, Malaysia, Nigeria,</s>
      </p>
      <p id="5">
        <s id="5:1" lang="en">New Zealand and Switzerland (the De-alerting Group)</s>
      </p>
      <p id="6">
        <s id="6:1" lang="en">I. Background</s>
      </p>
      <p id="7">
        <s id="7:1" lang="en">1. Although the cold war ended more than two decades ago, today almost 2,000 warheads remain deployed and ready for use within a matter of minutes.</s>
        <s id="7:2" lang="en">Even a small percentage of those warheads, if used, could kill hundreds of millions of people.</s>
        <s id="7:3" lang="en">Their continuing high state of readiness represents a common danger to humanity.</s>
        <s id="7:4" lang="en">The international community has repeatedly and overwhelmingly called upon the nuclear-weapon States to abandon such cold war postures.</s>
      </p>
      <p id="8">
        <s id="8:1" lang="en">2. De-alerting, or the removal of nuclear warheads from the high alert status described above, is an example of a &quot;practical&quot; or &quot;pragmatic&quot; nuclear disarmament step.</s>
        <s id="8:2" lang="en">De-alerting formed part of the &quot;thirteen practical steps&quot; contained in the Final Document of the 2000 Review Conference of the Parties to the Treaty on the NonProliferation of Nuclear Weapons, figures prominently in action 5 of the 2010 Review Conference action plan and was a recommendation of the Weapons of Mass Destruction Commission under the chairmanship of Hans Blix in 2006 and the International Commission on Nuclear Non-proliferation and Disarmament, which concluded its work in 2010.</s>
        <s id="8:3" lang="en">States parties have continued to emphasize the importance of de-alerting during this review cycle.</s>
      </p>
      <p id="9">
        <s id="9:1" lang="en">3. In 2007, Chile, Malaysia, New Zealand, Nigeria and Switzerland introduced in the First Committee of the General Assembly, a draft resolution on decreasing the operational readiness of nuclear weapons systems, which was adopted as resolution 62/36 (generally known as the de-alerting resolution).</s>
        <s id="9:2" lang="en">In that resolution and subsequent others (see resolutions 63/41, 65/71 and 67/46), the Assembly calls for further practical steps with a view to ensuring that all nuclear weapons are removed from high alert status.</s>
        <s id="9:3" lang="en">The resolution has received increasing support over time.</s>
      </p>
      <p id="10">
        <s id="10:1" lang="en">II. Implications of high alert levels</s>
      </p>
      <p id="11">
        <s id="11:1" lang="en">A. Risk dimension</s>
      </p>
      <p id="12">
        <s id="12:1" lang="en">4. High alert levels and their related nuclear posture are based on the maintenance of &quot;prompt launch&quot; capabilities.</s>
        <s id="12:2" lang="en">Such a posture requires that a nuclear retaliatory strike be able to be launched upon receiving a warning regarding an incoming strategic nuclear attack.</s>
        <s id="12:3" lang="en">In practice, this means that a massive, retaliatory nuclear strike is able to be launched while incoming missiles are still in the air (namely, before a detonation has occurred).</s>
        <s id="12:4" lang="en">Proponents of a nuclear posture based on high alert levels argue that this is necessary because it guarantees a retaliatory deterrent capability (as outlined below, however, maintaining such a capability is possible with de-alerted forces).</s>
      </p>
      <p id="13">
        <s id="13:1" lang="en">5. Such an approach implies that a decision maker would only have a few minutes to assess the plausibility, reliability and accuracy of a warning in order to decide whether to order a nuclear retaliatory strike.</s>
        <s id="13:2" lang="en">It depends heavily on automated warning systems that are not infallible.</s>
        <s id="13:3" lang="en">In practice, it may lead to rushed nuclear decision-making that could be compromised by reliance on false data or by insufficient time provided for consultations regarding the possible use of nuclear weapons.</s>
      </p>
      <p id="14">
        <s id="14:1" lang="en">6. Such alert levels significantly multiply the risks posed by nuclear weapons.</s>
        <s id="14:2" lang="en">For example:</s>
      </p>
      <p id="15">
        <s id="15:1" lang="en">:: High alert levels increase the probability of an inadvertent launch owing to technical failure or operator error.</s>
      </p>
      <p id="16">
        <s id="16:1" lang="en">:: Reliance on early warning systems for evidence of an incoming attack vastly increases the consequences of any misinterpretation of early warning data leading to an intentional, but erroneous launch.</s>
        <s id="16:2" lang="en">There are numerous past examples of failures and false reports in such early warning systems.</s>
      </p>
      <p id="17">
        <s id="17:1" lang="en">:: The maintenance of nuclear forces on a high level of alert -- coupled with the attendant doctrine which overemphasizes the risks of a decapitating first strike -- greatly decreases the decision-making time available to national leadership in the event of a nuclear crisis and could create a &quot;use it or lose it&quot; mindset that reinforces the likely use of nuclear weapons.</s>
      </p>
      <p id="18">
        <s id="18:1" lang="en">7. High alert levels also increase the risk of the use of nuclear weapons by unauthorized actors, such as rogue military units or terrorists.</s>
        <s id="18:2" lang="en">In this regard, newly emerging types of risks (namely, related to cyberattacks aimed at the highly automated nuclear military command infrastructure) could further heighten the threat.</s>
      </p>
      <p id="19">
        <s id="19:1" lang="en">8. The recent international focus on the catastrophic humanitarian consequences of nuclear weapons, and the threat that the destructive capacity of nuclear weapons poses to the survival of humanity, has only served to highlight the unacceptability of these risks.</s>
      </p>
      <p id="20">
        <s id="20:1" lang="en">B. Disarmament dimension</s>
      </p>
      <p id="21">
        <s id="21:1" lang="en">9. The maintenance of high alert levels has a negative impact on the process of nuclear disarmament.</s>
        <s id="21:2" lang="en">High alert levels are incompatible with commitments entered into by all Non-Proliferation Treaty States parties to reduce the role of nuclear weapons and to take concrete steps towards the eventual elimination of nuclear weapons.</s>
        <s id="21:3" lang="en">Specifically, high alert levels:</s>
      </p>
      <p id="22">
        <s id="22:1" lang="en">:: Reinforce the perceived military value of nuclear weapons and imply a readiness to use nuclear weapons as a war-fighting tool</s>
      </p>
      <p id="23">
        <s id="23:1" lang="en">:: Perpetuate outdated, cold war-era nuclear doctrines, making deeper cuts in existing arsenals more difficult to achieve</s>
      </p>
      <p id="24">
        <s id="24:1" lang="en">:: Fuel excessive and expensive nuclear force requirements and modernizations.</s>
      </p>
      <p id="25">
        <s id="25:1" lang="en">C. Deterrence dimension</s>
      </p>
      <p id="26">
        <s id="26:1" lang="en">10. Proponents of high alert levels claim that they are necessary from the point of view of maintaining stable nuclear deterrence.</s>
        <s id="26:2" lang="en">Those claims have, however, been refuted by numerous experts, including former senior military officials, who have made the case that maintaining a retaliatory capability (in other words, maintaining credible nuclear deterrence by ensuring that an adversary&apos;s surprise first strike would not go unpunished), is possible with an arsenal that is removed from alert.</s>
        <s id="26:3" lang="en">Even if all intercontinental ballistic missiles were removed from high alert, the presence of ballistic missile submarines at sea in a de-alerted state would still provide more than sufficient retaliatory capability to deter a nuclear attack.</s>
        <s id="26:4" lang="en">In other words, if all United States of America and Russian Federation nuclear forces were de-alerted and one side secretly re-alerted, the aggressor could not be confident in carrying out a &quot;disarming first strike&quot; because a sufficient number of highly capable forces would survive the initial attack and could launch a devastating retaliation.</s>
        <s id="26:5" lang="en">It bears noting in this context that guidance issued by the United States Administration in June 2013 conceded that &quot;the potential for a surprise, disarming nuclear attack is exceedingly remote&quot;.</s>
      </p>
      <p id="27">
        <s id="27:1" lang="en">11. Experts have also dismissed the argument that removing weapons from high alert is destabilizing (because it could lead to a &quot;re-alerting race&quot;) as a &quot;straw man&quot; argument that overplays de-alerting risks, downplays its benefits and ignores the fact that current alert postures already include plans to increase operational readiness and alert rates in a crisis.</s>
        <s id="27:2" lang="en">A de-alerted nuclear posture that still provides a sufficient retaliatory capability would give national leaders time to carefully weigh their decisions, rather than be forced to choose within a matter of minutes from a list of predesignated responses with catastrophic consequences.</s>
      </p>
      <p id="28">
        <s id="28:1" lang="en">III. De-alerting and the 2015 Review Conference</s>
      </p>
      <p id="29">
        <s id="29:1" lang="en">12. Lowering alert levels is an integral element of the nuclear disarmament process.</s>
        <s id="29:2" lang="en">Decreasing alert levels is required by key nuclear disarmament decisions of previous review conferences, including the thirteen practical steps of the 2000 Review Conference and the 2010 Review Conference action plan.</s>
      </p>
      <p id="30">
        <s id="30:1" lang="en">13. Lowering alert levels would be an essential contribution to making nuclear weapons less desirable as security tools; in other words, it would be a concrete measure that contributes also to non-proliferation.</s>
      </p>
      <p id="31">
        <s id="31:1" lang="en">14. For these reasons, review conferences have called for concrete agreed measures to further reduce the operational status of nuclear weapons.</s>
        <s id="31:2" lang="en">In the outcome of the 2010 Review Conference, the nuclear-weapon States undertook to consider the legitimate interest of non-nuclear weapon States in further reducing the operational readiness of nuclear weapons systems.</s>
      </p>
      <p id="32">
        <s id="32:1" lang="en">15. The reporting provision set forth in action 5 of the 2010 action plan will enable States parties to assess whether, and to what extent, that undertaking has been acted upon and, consequently, whether progress has been made in lowering the operational readiness of nuclear weapons.</s>
        <s id="32:2" lang="en">Based on accessible information as of 12 April 2014, no further progress has been achieved.</s>
      </p>
      <p id="33">
        <s id="33:1" lang="en">16. The De-alerting Group suggests that, if no significant further progress is achieved before 2015, the 2015 Review Conference should agree on concrete action steps on de-alerting.</s>
      </p>
      <p id="34">
        <s id="34:1" lang="en">17. In recognizing the link between high alert levels and the catastrophic humanitarian consequences posed by nuclear weapons, the 2015 Review Conference should, inter alia:</s>
      </p>
      <p id="35">
        <s id="35:1" lang="en">:: Reaffirm de-alerting as a practical disarmament measure contained in the thirteen practical steps of 2000 and the 2010 action plan</s>
      </p>
      <p id="36">
        <s id="36:1" lang="en">:: Acknowledge that concrete agreed measures to further reduce the operational status of nuclear weapons systems would increase human and international security and would represent an interim nuclear disarmament step</s>
      </p>
      <p id="37">
        <s id="37:1" lang="en">:: Receive undertakings from the nuclear-weapon States, to be achieved during the next review cycle:</s>
      </p>
      <p id="38">
        <s id="38:1" lang="en">- To address de-alerting comprehensively within the context of their collective engagement concerning the implementation of article VI</s>
      </p>
      <p id="39">
        <s id="39:1" lang="en">- To reduce alert levels (unilaterally, bilaterally or otherwise) in a concrete and measurable way and within a specified time frame</s>
      </p>
      <p id="40">
        <s id="40:1" lang="en">- To report to the States parties on measures taken regarding operational readiness/alert levels</s>
      </p>
    </body>
  </text>
</TEI.2>
