<?xml version="1.0" encoding="utf-8"?>
<TEI.2>
  <teiHeader>
    <fileDesc>
      <titleStmt>
        <title>The United Nations Parallel Corpus v1.0 - NPT/CONF.2015/PC.III/WP.21</title>
      </titleStmt>
      <publicationStmt>
        <publisher>United Nations DGACM</publisher>
        <pubPlace>New York</pubPlace>
        <date>20140415</date>
        <idno type="symbol">NPT/CONF.2015/PC.III/WP.21</idno>
        <idno type="jobno">N1430003</idno>
        <availability>
          <p>The following disclaimer, an integral part of the United Nations Parallel Corpus v1.0, 
             shall be respected in regard to the Corpus v1.0 (no other restrictions apply):</p>

          <p>The United Nations Parallel Corpus is made available without warranty of any kind, 
             explicit or implied. The United Nations specifically makes no warranties or 
             representations as to the accuracy or completeness of the information contained in 
             the United Nations corpus.</p>

          <p>Under no circumstances shall the United Nations be liable for any loss, liability,
             injury or damage incurred or suffered that is claimed to have resulted from the use
             of the United Nations Corpus. The use of the United Nations Corpus is at the user's 
             sole risk. The user specifically acknowledges and agrees that the United Nations is 
             not liable for the conduct of any user. If the user is dissatisfied with any of the 
             material provided in the United Nations Corpus, the users's sole and exclusive remedy 
             is to discontinue using the United Nations Corpus.</p>

          <p>When using the United Nations Corpus, the user must acknowledge the United Nations as the
             source of the information. For references, please use this reference:
             Ziemski, M., Junczys-Dowmunt, M., and Pouliquen, B. (2016) The United Nations
             Parallel Corpus, Language Resources and Evaluation (LREC’16), Portorož, Slovenia, 
             May 2016.</p>

          <p>Nothing herein shall constitute or be considered to be a limitation upon or waiver,
             express or implied, of the privileges and immunities of the United Nations, which
             are specifically reserved.</p>
        </availability>
        <distributor>http://conferences.unite.un.org/UNCorpus</distributor>
      </publicationStmt>
      <sourceDesc>
        <p>http://www.un.org/en/official-documents-system-search/index.html</p>
      </sourceDesc>
    </fileDesc>
    <profileDesc>
      <langUsage>
        <language ident="en">English</language>
      </langUsage>
    </profileDesc>
  </teiHeader>
  <text>
    <body>
      <p id="1">
        <s id="1:1" lang="en">Third session</s>
      </p>
      <p id="2">
        <s id="2:1" lang="en">New York, 28 April-9 May 2014</s>
      </p>
      <p id="3">
        <s id="3:1" lang="en">Non-compliance with articles I, III, IV and VI of the Treaty on the Non-Proliferation of Nuclear Weapons</s>
      </p>
      <p id="4">
        <s id="4:1" lang="en">Working paper submitted by the Islamic Republic of Iran</s>
      </p>
      <p id="5">
        <s id="5:1" lang="en">1. Among the major challenges facing the Treaty on the Non-Proliferation of Nuclear Weapons are the cases of non-compliance by certain nuclear-weapon States with their Treaty obligations, for which there is no verification and enforcement mechanism.</s>
        <s id="5:2" lang="en">While there is an established mechanism to verify the obligations under articles II and III of the Treaty for the non-nuclear-weapon States, no similar mechanism has been designed to address non-compliance by the nuclear-weapon States with their obligations under articles I, III (2), IV and VI of the Treaty.</s>
        <s id="5:3" lang="en">One of the main tasks of the 2015 Review Conference of the Parties to the Treaty on the Non-Proliferation of Nuclear Weapons is to identify such cases and to find ways and means to address them fully.</s>
        <s id="5:4" lang="en">In this regard, the Islamic Republic of Iran would like to elaborate its views on this issue below.</s>
      </p>
      <p id="6">
        <s id="6:1" lang="en">2. As agreed at the 1995 Review Conference of the Parties to the Treaty on the Non-Proliferation of Nuclear Weapons, the Preparatory Committee meetings have the mandate to consider principles, objectives and ways in order to promote the full implementation of the Treaty and to make recommendations thereon to the Review Conference.</s>
        <s id="6:2" lang="en">Doing so requires a thorough review of the implementation of Treaty provisions related to nuclear disarmament, non-proliferation and the promotion of cooperation on the peaceful uses of nuclear energy, namely articles I, II, III, IV and VI, and of the objectives set out in the preamble to the Treaty.</s>
      </p>
      <p id="7">
        <s id="7:1" lang="en">3. In order to deal with the question of nuclear disarmament, a review is needed of the unfulfilled commitments, considering actual disarmament measures and new initiatives aimed at the total elimination of nuclear weapons.</s>
        <s id="7:2" lang="en">In this respect, the nuclear-weapon States have the main responsibility and Treaty obligation to, in particular, implement the relevant provisions of the Treaty aimed at creating a world completely free from the existence and horror of nuclear weapons.</s>
      </p>
      <p id="8">
        <s id="8:1" lang="en">4. Some significant developments during the past decade have served as a serious setback for the objectives of the Treaty with respect to nuclear disarmament.</s>
        <s id="8:2" lang="en">Given the lofty goal of the Treaty to create a world free from the existence of nuclear weapons, and considering the letter and spirit of the Treaty, it is unfortunate that there has been a claim by some that the nuclear-weapon States do not have any legal or even political obligation for nuclear disarmament under the Treaty.</s>
        <s id="8:3" lang="en">In response to such claims, it should be indicated that the International Court of Justice has consensually provided an interpretation of article VI of the Treaty, holding that it requires the nuclear-weapon States &quot;to pursue in good faith, and bring to a conclusion, negotiations leading to nuclear disarmament in all its aspects under strict and effective international control&quot;.</s>
        <s id="8:4" lang="en">Moreover, the &quot;unequivocal undertaking&quot; by the nuclear-weapon States to eliminate their nuclear arsenals, as reflected in the consensual Final Document of the 2000 Review Conference of the Parties to the Treaty on the Non-Proliferation of Nuclear Weapons, has already clarified the meaning of article VI of the Treaty.</s>
      </p>
      <p id="9">
        <s id="9:1" lang="en">5. Despite the high expectations of the international community for real change in the United States Nuclear Posture Review, in a manner that removes existing concerns on the role of nuclear weapons, the current nuclear doctrine of the United States of America has not lived up to the expectations of the international community.</s>
        <s id="9:2" lang="en">A review of the United States nuclear policy reveals the continuation of a disturbing trend.</s>
        <s id="9:3" lang="en">The continued emphasis of the new Nuclear Posture Review on maintaining nuclear weapons, relying on the obsolete deterrence policy, allocating billions of dollars to the modernization of the United States arsenals, limiting the reduction of nuclear weapons to decommissioning them and, by doing so, evading the obligation to eliminate them, and coming up with new excuses for keeping nuclear weapons in the new Nuclear Posture Review are clear indications of the continued non-compliance of the United States with its obligations under article VI of the Treaty.</s>
      </p>
      <p id="10">
        <s id="10:1" lang="en">6. There is no doubt that the decision to modernize nuclear weapons and spend billions of dollars to construct new nuclear facilities runs counter to the obligation of the nuclear-weapon States to systematically reduce their nuclear weapons and represents obvious non-compliance with article VI of the Treaty.</s>
        <s id="10:2" lang="en">Despite the major concerns expressed by the international community, in particular the Non-Aligned Movement, the United States has not responded to the concerns expressed over the modernization of its nuclear arsenals and has continued the construction of new installations under the pretext of securing more reliable nuclear weapons.</s>
      </p>
      <p id="11">
        <s id="11:1" lang="en">7. Moreover, the nuclear-weapon States should engage immediately and in good faith in substantive work for the speedy and meaningful implementation of their obligations under the Treaty, in particular article VI, and their commitments made at the 1995, 2000 and 2010 Review Conferences.</s>
        <s id="11:2" lang="en">In accordance with the commitment reflected in the Final Document of the 2000 Review Conference and action 2 of the action plan of the 2010 Review Conference, any reduction of nuclear weapons, whether strategic or non-strategic, should be done in a transparent, verifiable and irreversible manner.</s>
        <s id="11:3" lang="en">It is a matter of concern that the reductions under the Treaty between the United States of America and the Russian Federation on Measures for the Further Reduction and Limitation of Strategic Offensive Arms (New START Treaty) are not internationally verifiable and thus have not removed the concerns of the States parties to the Treaty on the Non-Proliferation of Nuclear Weapons.</s>
      </p>
      <p id="12">
        <s id="12:1" lang="en">8. The United States&apos; nuclear cooperation with the Zionist regime of Israel, as evidenced by the agreement reached during the visit of the Secretary of Energy of the United States to the occupied territories in February 2000, is in fact a violation of article I obligations by the United States, and a source of concern for all States parties to the Treaty, especially in the Middle East, because it assists the Zionist regime in its secret nuclear weapons programme.</s>
        <s id="12:2" lang="en">This agreement, which was claimed to be for peaceful purposes, is also a clear violation of article III (2), which stipulates that the cooperation of each State party to the Treaty in providing equipment or material for peaceful purposes is not possible unless the source or special fissionable material shall be subject to the safeguards required by the Treaty.</s>
        <s id="12:3" lang="en">Moreover, the disclosed &quot;top secret document dated 23 August 1974&quot; clearly shows the role of the United States in equipping the Zionist regime with nuclear weapons.</s>
        <s id="12:4" lang="en">The Zionist regime&apos;s unsafeguarded nuclear weapons facilities and nuclear arsenal pose a real threat to all countries of the region and to international peace and security.</s>
      </p>
      <p id="13">
        <s id="13:1" lang="en">9. Furthermore, on the issue of nuclear sharing, the nuclear-weapon States are committed to complying with their commitment to the full implementation of</s>
      </p>
      <p id="14">
        <s id="14:1" lang="en">article I. They should refrain from nuclear sharing, under any kind of security arrangements, among themselves, with non-nuclear-weapon States parties and those not parties to the Treaty.</s>
      </p>
      <p id="15">
        <s id="15:1" lang="en">10. The transfer of nuclear-related equipment, information, material, facilities, resources or devices, and the extension of assistance in the nuclear, scientific or technological fields to the nuclear weapons capability of States not parties to the Treaty without exception and in particular to the Zionist regime, whose unsafeguarded nuclear facilities endanger security and stability in the Middle East, are in violation of the Treaty obligations and therefore must be stopped immediately and legally banned.</s>
        <s id="15:2" lang="en">In this regard, the Preparatory Committee should recommend to the 2015 Review Conference to make a clear decision to call strongly for putting an end to any kind of nuclear-weapon sharing and to cut any cooperation between the States parties and any State not party to the Treaty that is in violation of their Treaty obligations.</s>
        <s id="15:3" lang="en">The Chemical Weapons Convention could set an example in this regard.</s>
      </p>
      <p id="16">
        <s id="16:1" lang="en">11. In the context of article III, the decision of the Nuclear Suppliers Group, an exclusive and non-transparent group that claims to have been established to strengthen the non-proliferation regime, on nuclear cooperation with a State not party to the Treaty has severely damaged the Treaty.</s>
        <s id="16:2" lang="en">The decision of this Group is a clear violation of article III (2), which stipulates that the cooperation of each State party to the Treaty in providing equipment or material for peaceful purposes is not possible unless the source or special fissionable material shall be subject to the safeguards required by the Treaty.</s>
      </p>
      <p id="17">
        <s id="17:1" lang="en">12. The said decision, which was taken under pressure from the United States, is also a violation of the commitment of the nuclear-weapon States under the 1995 decision on the principles and objectives for nuclear non-proliferation and disarmament and the Final Document adopted at the 2000 Review Conference to promote the universality of the Treaty.</s>
        <s id="17:2" lang="en">The decision of the Nuclear Supplier Group is in contravention of the obligation of its members regarding the promotion of the universality of the Treaty and has seriously jeopardized its credibility and integrity.</s>
        <s id="17:3" lang="en">Such a decision is another manifestation of double standards and discrimination in implementing the provisions of the Treaty.</s>
      </p>
      <p id="18">
        <s id="18:1" lang="en">13. By transferring hundreds of nuclear weapons to certain non-nuclear-weapon States under the umbrella of the North Atlantic Treaty Organization (NATO), the United States, for a long time, has been in noncompliance with its obligations under the Treaty, which provides in its article I &quot;not to transfer to any recipient whatsoever nuclear weapons&quot;.</s>
        <s id="18:2" lang="en">The deployed nuclear weapons of the United States in other countries are extremely integrated into the military infrastructure of the hosting countries.</s>
        <s id="18:3" lang="en">This case of non-compliance should not be overlooked during the discussion at the upcoming Review Conference and its Preparatory Committee meetings.</s>
      </p>
      <p id="19">
        <s id="19:1" lang="en">14. Joint research on nuclear warheads between two nuclear-weapon States is a matter of grave concern for non-nuclear-weapon States parties and represents serious non-compliance with article I of the Treaty.</s>
        <s id="19:2" lang="en">According to data published on 9 February 2009, the United States military has been using the atomic weapons facility of the United Kingdom of Great Britain and Northern Ireland to carry out research for its own warhead programme.</s>
        <s id="19:3" lang="en">In this regard, defence officials of the United States have declared that &quot;very valuable&quot; warhead research has taken place at the Atomic Weapons Establishment at Aldermaston in Berkshire as part of an ongoing and secretive deal between the British and American Governments.</s>
      </p>
      <p id="20">
        <s id="20:1" lang="en">15. The efforts to modernize nuclear weapons by clinging to outdated cold war arrangements and justifications raise serious questions for public opinion.</s>
        <s id="20:2" lang="en">Deploying hundreds of nuclear weapons in non-nuclear-weapon States and training the fighter bomber pilots of the hosting countries to prepare for handling and delivering the nuclear bombs of the United States against the nuclear and the</s>
      </p>
      <p id="21">
        <s id="21:1" lang="en">non-nuclear weapon States contravene both the letter and the spirit of the Treaty and constitute clear non-compliance with the Treaty by both the United States and the European Union member States.</s>
        <s id="21:2" lang="en">It is noteworthy that the existing Nuclear Posture Review of the United States has clearly confessed the occurrence of such clear noncompliance with the Treaty and declared that the deployed nuclear weapons would remain in the European Union territories.</s>
        <s id="21:3" lang="en">The Preparatory Committee meetings and the 2015 Review Conference cannot and should not be indifferent to this obvious case of non-compliance.</s>
        <s id="21:4" lang="en">Furthermore, the danger of nuclear incidents by terrorist activities requires a viable solution to deal with such transferred weapons.</s>
        <s id="21:5" lang="en">This has compelled many, including parliaments in these countries, to request compliance with the Treaty obligations and the withdrawal of nuclear forces from their territories.</s>
      </p>
      <p id="22">
        <s id="22:1" lang="en">16. The United States and some other nuclear-weapon States are still dangerously persisting in the application of the outdated doctrine of &quot;nuclear deterrence&quot;.</s>
        <s id="22:2" lang="en">Since the first atomic bombs dropped on Hiroshima and Nagasaki in August 1945, killing more than 200,000 civilians, the United States has designed and built thermonuclear bombs a thousand times more destructive than fission bombs.</s>
        <s id="22:3" lang="en">The continued existence of thousands of such bombs in the stockpiles of the United States and other nuclear-weapon States has kept the fate of civilization and of humanity itself under horror and panic.</s>
        <s id="22:4" lang="en">By insisting on keeping nuclear bombs or merely decommissioning part of them, the nuclear-weapon States themselves are the source of proliferation.</s>
        <s id="22:5" lang="en">As long as one nuclear-weapon State or a nuclear power outside the Treaty insists on maintaining the nuclear option, the other nuclear-weapon States will do the same, and this vicious circle will never end.</s>
        <s id="22:6" lang="en">Thus, the non-nuclear weapon States parties to the Treaty that have already forgone the nuclear option are rightly asking why these terrible weapons continue to exist and under what circumstances and for what purposes could the use or threat of use of the world&apos;s most destructive weapons ever be justified.</s>
      </p>
      <p id="23">
        <s id="23:1" lang="en">17. The President of France has been quoted as saying that French nuclear forces are a key element in Europe&apos;s security.</s>
        <s id="23:2" lang="en">In defiance of its international obligations to diminish the role of nuclear weapons in security policies, France is seeking to find and define new roles and missions for its nuclear forces in order to justify the continued retention of those forces in the post-cold war era.</s>
        <s id="23:3" lang="en">In so doing, it has even resorted to irresponsible methods such as the manipulation of intelligence and fear to promote programmes that its people would otherwise not support.</s>
      </p>
      <p id="24">
        <s id="24:1" lang="en">18. Furthermore, French officials recently announced that they will develop new nuclear plans to modernize nuclear arsenals and the army, and will spend</s>
      </p>
      <p id="25">
        <s id="25:1" lang="en">Euro377 billion on this plan until 2020.</s>
        <s id="25:2" lang="en">This policy is in clear disregard of France&apos;s obligations to respect the practical steps agreed to at the 2000 Review Conference and the object and purpose of the Comprehensive Nuclear-Test-Ban Treaty.</s>
        <s id="25:3" lang="en">This development is a matter of grave concern and should be seriously addressed at the Preparatory Committee meetings and the next Review Conference.</s>
      </p>
      <p id="26">
        <s id="26:1" lang="en">19. The decision of the United Kingdom to renew and further develop its nuclear weapons capability by approving the Trident programme is in full contravention of article VI of the Treaty and in defiance of the unanimous decision of the 2000 Review Conference.</s>
        <s id="26:2" lang="en">The Trident programme can generate, and in fact expand, the nuclear arms race beyond the traditional rivalry between the two major nuclear-weapon States, and is thus a special source of concern for the international community and a clear setback in the global efforts to bolster nuclear disarmament and non-proliferation.</s>
        <s id="26:3" lang="en">Despite all calls by the international community and public opinion to stop this project, officials of the United Kingdom announced that billions of pounds would be allocated to a programme to replace Britain&apos;s Trident nuclear submarines.</s>
      </p>
      <p id="27">
        <s id="27:1" lang="en">20. Non-compliance with the Treaty obligations is not limited to the violations of articles I, III and VI by the United States and its allies; these States have also constantly violated the provisions of article IV of the Treaty, which provides for international cooperation and the transfer of peaceful nuclear technologies to the States parties to the Treaty.</s>
        <s id="27:2" lang="en">Contrary to such obligations, the United States has been at the forefront of the imposition of unilateral restrictions against the States parties to the Treaty, in particular the developing countries.</s>
        <s id="27:3" lang="en">Such non-compliance with article IV merits thorough consideration at the Preparatory Committee meetings.</s>
      </p>
      <p id="28">
        <s id="28:1" lang="en">21. All non-nuclear-weapon States parties to the Treaty consider the pursuit and the development of nuclear technology for peaceful purposes as their inalienable right and thus can invest human and material resources in this field.</s>
        <s id="28:2" lang="en">Restrictions imposed by nuclear suppliers that have targeted peaceful nuclear programmes can affect the entire industry and all possible sources of supply of material and equipment to the States parties to the Treaty, thus seriously affecting their development plans, in particular in developing countries.</s>
        <s id="28:3" lang="en">Clear violations of article IV obligations by certain States, by depriving States parties of the exercise of their inalienable rights and imposing illegal and unilateral sanctions, are a matter of great concern to developing countries.</s>
        <s id="28:4" lang="en">This issue should be followed seriously at the Preparatory Committee meetings and at the 2015 Review Conference.</s>
      </p>
    </body>
  </text>
</TEI.2>
