<?xml version="1.0" encoding="utf-8"?>
<TEI.2>
  <teiHeader>
    <fileDesc>
      <titleStmt>
        <title>The United Nations Parallel Corpus v1.0 - NPT/CONF.2015/PC.III/WP.29</title>
      </titleStmt>
      <publicationStmt>
        <publisher>United Nations DGACM</publisher>
        <pubPlace>New York</pubPlace>
        <date>20140423</date>
        <idno type="symbol">NPT/CONF.2015/PC.III/WP.29</idno>
        <idno type="jobno">N1430706</idno>
        <availability>
          <p>The following disclaimer, an integral part of the United Nations Parallel Corpus v1.0, 
             shall be respected in regard to the Corpus v1.0 (no other restrictions apply):</p>

          <p>The United Nations Parallel Corpus is made available without warranty of any kind, 
             explicit or implied. The United Nations specifically makes no warranties or 
             representations as to the accuracy or completeness of the information contained in 
             the United Nations corpus.</p>

          <p>Under no circumstances shall the United Nations be liable for any loss, liability,
             injury or damage incurred or suffered that is claimed to have resulted from the use
             of the United Nations Corpus. The use of the United Nations Corpus is at the user's 
             sole risk. The user specifically acknowledges and agrees that the United Nations is 
             not liable for the conduct of any user. If the user is dissatisfied with any of the 
             material provided in the United Nations Corpus, the users's sole and exclusive remedy 
             is to discontinue using the United Nations Corpus.</p>

          <p>When using the United Nations Corpus, the user must acknowledge the United Nations as the
             source of the information. For references, please use this reference:
             Ziemski, M., Junczys-Dowmunt, M., and Pouliquen, B. (2016) The United Nations
             Parallel Corpus, Language Resources and Evaluation (LREC’16), Portorož, Slovenia, 
             May 2016.</p>

          <p>Nothing herein shall constitute or be considered to be a limitation upon or waiver,
             express or implied, of the privileges and immunities of the United Nations, which
             are specifically reserved.</p>
        </availability>
        <distributor>http://conferences.unite.un.org/UNCorpus</distributor>
      </publicationStmt>
      <sourceDesc>
        <p>http://www.un.org/en/official-documents-system-search/index.html</p>
      </sourceDesc>
    </fileDesc>
    <profileDesc>
      <langUsage>
        <language ident="en">English</language>
      </langUsage>
    </profileDesc>
  </teiHeader>
  <text>
    <body>
      <p id="1">
        <s id="1:1" lang="en">Third session</s>
      </p>
      <p id="2">
        <s id="2:1" lang="en">New York, 28 April-9 May 2014</s>
      </p>
      <p id="3">
        <s id="3:1" lang="en">Joint ministerial statement released at the eighth Ministerial Meeting of the Non-Proliferation and Disarmament Initiative held in Hiroshima, Japan, on 11 and 12 April 2014</s>
      </p>
      <p id="4">
        <s id="4:1" lang="en">Working paper submitted by the members of the Non-Proliferation and Disarmament Initiative (Australia, Canada, Chile, Germany, Japan, Mexico, Netherlands, Nigeria, Philippines, Poland, Turkey and United Arab Emirates)</s>
      </p>
      <p id="5">
        <s id="5:1" lang="en">The members of the Non-Proliferation and Disarmament Initiative -- Australia, Canada, Chile, Germany, Japan, Mexico, the Netherlands, Nigeria, the Philippines, Poland, Turkey and the United Arab Emirates -- have the honour to submit the joint ministerial statement adopted at the eighth Ministerial Meeting of the NonProliferation and Disarmament Initiative held in Hiroshima, Japan, on 11 and 12 April 2014.</s>
      </p>
      <p id="6">
        <s id="6:1" lang="en">Eighth Ministerial Meeting of the</s>
      </p>
      <p id="7">
        <s id="7:1" lang="en">Non-Proliferation and Disarmament Initiative: joint ministerial statement</s>
      </p>
      <p id="8">
        <s id="8:1" lang="en">Hiroshima, Japan</s>
      </p>
      <p id="9">
        <s id="9:1" lang="en">(12 April 2014)</s>
      </p>
      <p id="10">
        <s id="10:1" lang="en">1. We, the Ministers for Foreign Affairs of the Non-Proliferation and Disarmament Initiative countries -- Australia, Canada, Chile, Germany, Japan, Mexico, the Netherlands, Nigeria, the Philippines, Poland, Turkey and the United Arab Emirates -- are gathered here in Hiroshima, where an atomic bomb was dropped for the first time in human history and which witnessed first-hand the catastrophic humanitarian consequences of an atomic bombing that last even to the present day.</s>
        <s id="10:2" lang="en">We were very deeply touched by the testimonies of atomic bomb survivors (hibakushas) and reinforce our commitment to achieving the goal of a world free of nuclear weapons.</s>
        <s id="10:3" lang="en">With this in mind, we invite the world&apos;s political leaders to visit Hiroshima and Nagasaki, Japan, to witness the consequences with their own eyes.</s>
      </p>
      <p id="11">
        <s id="11:1" lang="en">2. We are committed to the Treaty on the Non-Proliferation of Nuclear Weapons as the essential foundation for the achievement of nuclear disarmament, as the cornerstone of the global nuclear non-proliferation regime and as the basis for the development of the peaceful uses of nuclear technology.</s>
        <s id="11:2" lang="en">We stress the importance of universal adherence to the Treaty and call upon all States not parties to the Treaty to accede to it immediately as non-nuclear-weapon States.</s>
      </p>
      <p id="12">
        <s id="12:1" lang="en">3. We reaffirm our commitment and shared purpose as declared in our first ministerial statement in September 2010, which is to take forward the consensus outcome of the 2010 Review Conference of the Parties to the Treaty on the</s>
      </p>
      <p id="13">
        <s id="13:1" lang="en">Non-Proliferation of Nuclear Weapons and to jointly advance the nuclear disarmament and non-proliferation agendas as mutually reinforcing processes.</s>
        <s id="13:2" lang="en">We reaffirm our commitment to contributing actively to the 2015 Review Conference, including the upcoming third session of the Preparatory Committee, by submitting working papers to promote discussion and understanding on the following subjects: nuclear disarmament in the era following the signing of the Treaty between the United States of America and the Russian Federation on Measures for the Further Reduction and Limitation of Strategic Offensive Arms (New START Treaty), increased transparency in nuclear disarmament, de-alerting, nuclear security, a Middle East zone free of weapons of mass destruction and withdrawal from the Treaty on the Non-Proliferation of Nuclear Weapons.</s>
      </p>
      <p id="14">
        <s id="14:1" lang="en">4. With the 2015 Review Conference fast approaching, we urge all States parties to comply fully with the obligations and commitments, particularly the full and prompt implementation of all the actions in the 2010 action plan.</s>
        <s id="14:2" lang="en">For its part, the Non-Proliferation and Disarmament Initiative has been devoting, and will continue to devote, attention to elements for consideration in a consensus outcome document for the 2015 Review Conference.</s>
        <s id="14:3" lang="en">In our view, the 2015 Review Conference should review the implementation of the 2010 action plan and, with an eye towards the next 2020 review cycle, seek to strengthen all three pillars of the Treaty -- nuclear disarmament, nuclear non-proliferation and the peaceful uses of nuclear energy.</s>
        <s id="14:4" lang="en">As a diverse cross-regional group of non-nuclear-weapon States, we can play a constructive and proactive role in bridging diverse positions to help craft a successful outcome at the 2015 Review Conference, with progress across all the pillars of the Treaty.</s>
      </p>
      <p id="15">
        <s id="15:1" lang="en">5. We reaffirm that the only absolute guarantee against the use or threat of use of nuclear weapons is their total elimination.</s>
        <s id="15:2" lang="en">In this regard, we stress the need for a systematic and continued reduction of all types of nuclear weapons, including</s>
      </p>
      <p id="16">
        <s id="16:1" lang="en">non-strategic and non-deployed nuclear weapons, by all States possessing nuclear weapons, in a pragmatic and step-by-step approach, with a view to their total elimination.</s>
      </p>
      <p id="17">
        <s id="17:1" lang="en">6. We recall that the nuclear-weapon States made an unequivocal undertaking at the 2000 Review Conference to accomplish the total elimination of their nuclear arsenals, thereby generating a process that would lead to their elimination.</s>
        <s id="17:2" lang="en">At the 2010 Review Conference, the nuclear-weapon States reaffirmed their commitment to unequivocally accomplishing the total elimination of their nuclear arsenals, leading to nuclear disarmament in accordance with article VI of the Treaty, and committed themselves to accelerating progress on the steps leading to nuclear disarmament.</s>
      </p>
      <p id="18">
        <s id="18:1" lang="en">7. In this regard, we welcome bilateral disarmament measures by the Russian Federation and the United States of America, such as those contained in their New START Treaty, and encourage them to continue discussions on follow-on measures to the New START Treaty to achieve even deeper reductions in their nuclear arsenals, towards achieving the goal of a world free of nuclear weapons.</s>
        <s id="18:2" lang="en">We were encouraged by the proposals of the President of the United States, Barack Obama, in his speech in Berlin in June 2013, in which he stated the intention of the United States to seek additional negotiated cuts with the Russian Federation and move beyond cold war nuclear postures.</s>
        <s id="18:3" lang="en">We expect the proposals to lead to progress in negotiations on comprehensive reductions of all types of nuclear weapons.</s>
      </p>
      <p id="19">
        <s id="19:1" lang="en">8. While recognizing the positive impact of unilateral and bilateral reductions, we believe that they do not replace multilateral negotiations towards the ultimate elimination of all types of nuclear weapons.</s>
      </p>
      <p id="20">
        <s id="20:1" lang="en">9. We are deeply concerned about the reported build-up of nuclear arsenals, against the clear intent of the international community to achieve the goal of a world free of nuclear weapons.</s>
        <s id="20:2" lang="en">We urge those not yet engaged in nuclear disarmament efforts to reduce their arsenals with the objective of their total elimination.</s>
      </p>
      <p id="21">
        <s id="21:1" lang="en">10. Increasing the transparency of information about nuclear forces has also been an issue of great importance to the Non-Proliferation and Disarmament Initiative.</s>
        <s id="21:2" lang="en">Without transparency, nuclear disarmament cannot be verified nor would States parties to the Treaty on the Non-Proliferation of Nuclear Weapons have complete confidence that nuclear disarmament measures have been accomplished in an irreversible manner.</s>
        <s id="21:3" lang="en">We urge the nuclear-weapon States to use an agreed standard reporting form to meet their obligations to report their disarmament undertakings to the upcoming third session of the Preparatory Committee.</s>
        <s id="21:4" lang="en">We urge them to build upon this effort by submitting further substantive, timely and meaningful reports at future Treaty meetings on their nuclear disarmament undertakings to fulfil their commitments under article VI of the Treaty.</s>
      </p>
      <p id="22">
        <s id="22:1" lang="en">11. Quantitative reductions should be accompanied by steps towards reducing the role and significance of nuclear weapons in security strategies and military doctrines.</s>
        <s id="22:2" lang="en">These steps are important contributions towards the goal of complete nuclear disarmament and will be mutually reinforcing with further quantitative reductions.</s>
        <s id="22:3" lang="en">While we acknowledge the steps that have been taken in this regard, we urge nuclear-weapon States to reduce further the role of nuclear weapons and urge others who have not done so to start reducing the role of nuclear weapons in their security strategies and military doctrines.</s>
      </p>
      <p id="23">
        <s id="23:1" lang="en">12. De-alerting nuclear forces is also important, not only as a step towards a world free of nuclear weapons but also to avoid and reduce the risk of catastrophic humanitarian consequences from any unauthorized or accidental launch of nuclear weapons.</s>
        <s id="23:2" lang="en">We urge all nuclear-weapon States to take concrete and meaningful steps, whether unilaterally, bilaterally or regionally, to implement actions 5(e) and 5(f) of the 2010 action plan, which, inter alia, call for reducing the risk of accidental use of nuclear weapons.</s>
      </p>
      <p id="24">
        <s id="24:1" lang="en">13. We are deeply concerned and frustrated with the continued stalemate in the Conference on Disarmament.</s>
        <s id="24:2" lang="en">We regret that the Conference has failed to fulfil its mandate as the single multilateral disarmament negotiation forum of the international community for more than 18 years.</s>
        <s id="24:3" lang="en">It is time for the Conference&apos;s member States to take bold steps towards fulfilling the Conference&apos;s mandate and resume negotiations.</s>
      </p>
      <p id="25">
        <s id="25:1" lang="en">14. As an essential step towards a world free of nuclear weapons, the immediate commencement of negotiations on a non-discriminatory, multilateral and universally and effectively verifiable treaty to ban the production of fissile material for nuclear weapons or other nuclear explosive devices (fissile material cut-off treaty) that serves both disarmament and non-proliferation purposes remains a priority.</s>
        <s id="25:2" lang="en">We welcome and look forward to the work of the Group of Governmental Experts on this issue, which ended its first session on 11 April 2014 in Geneva.</s>
        <s id="25:3" lang="en">We urge the Conference to launch negotiations on a fissile material cut-off treaty as soon as possible.</s>
        <s id="25:4" lang="en">Pending the conclusion of such negotiations, all nuclear-weapon States and other States in possession of nuclear weapons should declare and maintain a moratorium on the production of fissile material for use in nuclear weapons.</s>
      </p>
      <p id="26">
        <s id="26:1" lang="en">15. The Comprehensive Nuclear-Test-Ban Treaty is also an essential component for achieving nuclear disarmament.</s>
        <s id="26:2" lang="en">We welcome the recent ratification of the Treaty by Brunei Darussalam, Chad, Guinea-Bissau, Iraq and Niue, bringing the total number of ratifications to 162.</s>
        <s id="26:3" lang="en">Although the Treaty, 18 years after opening up for signatories, has yet to come into force, we believe that the prohibition of nuclear tests as envisioned by the Treaty has become a de facto international norm.</s>
        <s id="26:4" lang="en">However, without the legally-binding effect of the entry into force of the Treaty, such a norm remains fragile.</s>
        <s id="26:5" lang="en">We therefore urge those remaining States whose signatures and ratifications are necessary for the entry into force of the Treaty to sign and ratify it without delay.</s>
      </p>
      <p id="27">
        <s id="27:1" lang="en">16. We are committed to strengthening the effectiveness and efficiency of the Safeguards System of the International Atomic Energy Agency (IAEA).</s>
        <s id="27:2" lang="en">We consider the IAEA Comprehensive Safeguards Agreement, in combination with an Additional Protocol, to be the international verification standard and call upon all States that have not yet done so to conclude and implement an Additional Protocol without delay.</s>
        <s id="27:3" lang="en">We stand ready to share our experiences and best practices, as well as legal and practical assistance, in cooperation with IAEA.</s>
      </p>
      <p id="28">
        <s id="28:1" lang="en">17. Furthermore, we underscore the crucial role of export controls to support the fulfilment of nuclear non-proliferation obligations under paragraph 2 of article III of the Treaty on the Non-Proliferation of Nuclear Weapons.</s>
        <s id="28:2" lang="en">We encourage all States to establish, develop and maintain appropriate and effective national export controls for nuclear and nuclear-related dual-use goods, equipment and technology.</s>
        <s id="28:3" lang="en">We stand ready to share our individual experiences in the field of export control with other States.</s>
      </p>
      <p id="29">
        <s id="29:1" lang="en">18. Recognizing the serious threat of nuclear terrorism, we reaffirm our commitment to working together to strengthen nuclear security, including by fully implementing relevant international requirements.</s>
        <s id="29:2" lang="en">We welcome The Hague Communiqué adopted at the third Nuclear Security Summit, which was held in the Netherlands on 24 and 25 March 2014.</s>
        <s id="29:3" lang="en">The members of the Non-Proliferation and Disarmament Imitative fully support the objectives of the Nuclear Security Summit, which are to strengthen nuclear security and reduce the threat of nuclear terrorism.</s>
        <s id="29:4" lang="en">We also reaffirm the essential responsibility and the central role of IAEA in the international nuclear security architecture.</s>
      </p>
      <p id="30">
        <s id="30:1" lang="en">19. We strongly condemn the nuclear and ballistic missile programmes of the Democratic People&apos;s Republic of Korea, which undermine the Treaty and the global non-proliferation regime, as well as pose a great threat to regional and global peace and stability.</s>
        <s id="30:2" lang="en">We condemn and express grave concern at the ballistic missile launches conducted by the Democratic People&apos;s Republic of Korea on 26 March 2014 (local time), following the launches on 3 March 2014.</s>
        <s id="30:3" lang="en">These launches are clear violations of the relevant Security Council resolutions.</s>
        <s id="30:4" lang="en">We strongly urge the Democratic People&apos;s Republic of Korea to comply with its commitments under the 2005 Six-Party Talks joint statement and with its obligations under all the relevant Security Council resolutions, to abandon all nuclear weapons and existing nuclear programmes and to return to compliance with its IAEA Safeguards Agreement and the Treaty on the Non-Proliferation of Nuclear Weapons.</s>
        <s id="30:5" lang="en">Furthermore, we urge the Democratic People&apos;s Republic of Korea to refrain from further provocative actions, including ballistic missile launches, nuclear tests or the threat of the use of nuclear weapons.</s>
        <s id="30:6" lang="en">We also deplore the announcement and the efforts by the Democratic People&apos;s Republic of Korea to readjust and restart the nuclear facilities at Yongbyon and urge the country to cease all nuclear activities immediately.</s>
      </p>
      <p id="31">
        <s id="31:1" lang="en">20. We welcome the start of the implementation of the first steps of the joint plan of action agreed with the Islamic Republic of Iran and hope that the ongoing negotiations of the Governments of France, Germany, the People&apos;s Republic of China, the Russian Federation, the United Kingdom of Great Britain and Northern Ireland and the United States of America (E3+3) with the Islamic Republic of Iran will lead to the final and comprehensive resolution of the Islamic Republic of Iran&apos;s nuclear issue.</s>
        <s id="31:2" lang="en">In particular, we urge the Islamic Republic of Iran to swiftly and steadily implement measures such as the ratification and implementation of its Additional Protocol, with a view to removing international concerns regarding its nuclear activities.</s>
        <s id="31:3" lang="en">In addition, we urge the Islamic Republic of Iran to fulfil the requirements of the relevant Security Council resolutions and the decisions of the IAEA Board of Governors.</s>
        <s id="31:4" lang="en">In this context, we welcome the Framework for Cooperation and the steps implemented to date, and fully support the efforts of the E3+3 Governments and IAEA.</s>
        <s id="31:5" lang="en">In particular, while respecting the right of the Islamic Republic of Iran to use nuclear energy for peaceful purposes in conformity with the Treaty on the Non-Proliferation of Nuclear Weapons and other relevant obligations, we support the efforts of IAEA to resolve international concerns and all outstanding issues regarding Iranian nuclear activities, including possible military dimensions, and we call on the Islamic Republic of Iran to cooperate fully with IAEA in this respect.</s>
      </p>
      <p id="32">
        <s id="32:1" lang="en">21. The Non-Proliferation and Disarmament Initiative, as a group of</s>
      </p>
      <p id="33">
        <s id="33:1" lang="en">non-nuclear-weapon States committed to promoting nuclear disarmament and</s>
      </p>
      <p id="34">
        <s id="34:1" lang="en">non-proliferation, is following with grave concern the situation in Ukraine, which has been the subject of intensive discussions among ourselves as well as at the General Assembly.</s>
        <s id="34:2" lang="en">The Non-Proliferation and Disarmament Initiative expects international obligations and commitments to be respected, including the 1994 Memorandum on Security Assurances in Connection with Ukraine&apos;s accession to the Treaty on the Non-Proliferation of Nuclear Weapons (Budapest Memorandum).</s>
      </p>
      <p id="35">
        <s id="35:1" lang="en">22. We emphasize that the establishment of nuclear-weapon-free zones, on the basis of arrangements freely arrived at among States of the region concerned, is an important measure in strengthening the nuclear non-proliferation and disarmament process.</s>
        <s id="35:2" lang="en">We therefore call on all nuclear-weapon States to recognize the value of nuclear-weapon-free zones, such as those established by the Treaties of Pelindaba, Rarotonga, Semipalatinsk and Bangkok, by securing ratifications of relevant protocols without reservations contrary to the object and purpose of those Treaties.</s>
      </p>
      <p id="36">
        <s id="36:1" lang="en">23. We regret that the conference on the establishment of a Middle East zone free of nuclear weapons and all other weapons of mass destruction, which is an essential and integral part of the final outcomes of the 1995, 2000 and 2010 review conferences, has still not been held.</s>
        <s id="36:2" lang="en">We welcome the ongoing consultations among the relevant parties to address outstanding issues and call for the earliest possible convening of a successful conference with the participation of all the States of the region on the basis of arrangements freely arrived at.</s>
        <s id="36:3" lang="en">We support the facilitator in his efforts to realize this outcome and call upon the States in the region to engage in a spirit of constructive cooperation that will lead to an inclusive, substantive and goal-oriented conference and follow-up steps.</s>
      </p>
      <p id="37">
        <s id="37:1" lang="en">24. The testimonies of hibakushas serve as a reminder to us all of why a nuclear war should never be fought.</s>
        <s id="37:2" lang="en">The devastating impact of nuclear weapons</s>
      </p>
      <p id="38">
        <s id="38:1" lang="en">has motivated humanity&apos;s aspirations to achieve and sustain the goal of a</s>
      </p>
      <p id="39">
        <s id="39:1" lang="en">nuclear-weapon-free world, which is reflected in the first resolution passed by the General Assembly in 1946.</s>
        <s id="39:2" lang="en">The humanitarian consequences of nuclear weapons have been reflected in numerous multilaterally negotiated instruments, including the Treaty on the Non-Proliferation of Nuclear Weapons and the Tlatelolco Treaty, as well as in the final document of the first special session of the General Assembly devoted to disarmament.</s>
      </p>
      <p id="40">
        <s id="40:1" lang="en">25. We urge all States to reiterate their deep concern at the catastrophic humanitarian consequences of any use of nuclear weapons, as expressed in the Final Document of the 2010 Review Conference.</s>
        <s id="40:2" lang="en">In view of such consequences, it is in the interest of all nations that the nearly 69-year record of the non-use of nuclear weapons be extended forever.</s>
      </p>
      <p id="41">
        <s id="41:1" lang="en">26. The catastrophic humanitarian impact of nuclear weapons fundamentally underpins all work aimed at succeeding in our non-proliferation efforts and at achieving nuclear disarmament in pursuit of a more secure world, particularly through the Treaty on the Non-Proliferation of Nuclear Weapons.</s>
        <s id="41:2" lang="en">The ongoing discussion on the humanitarian impact of nuclear weapons should be inclusive and universal as well as a catalyst for united global action towards the goal of a world free of nuclear weapons.</s>
        <s id="41:3" lang="en">For this purpose, we encourage all States to contribute actively and constructively in all forums to pursue practical and effective measures that will strengthen the international nuclear disarmament and non-proliferation regime based on the Treaty, while dealing with diverse nuclear risks.</s>
      </p>
      <p id="42">
        <s id="42:1" lang="en">27. In order to foster further momentum for achieving a world free of nuclear weapons, we stress the significance of spreading awareness of the humanitarian impact of nuclear weapons across borders and generations.</s>
        <s id="42:2" lang="en">Through disarmament, non-proliferation education and the translation of the testimonies of hibakushas into multiple languages, messages have been sent to the world about the consequences of nuclear weapons.</s>
        <s id="42:3" lang="en">Such endeavours should continue.</s>
        <s id="42:4" lang="en">Efforts to deepen our understanding further of the humanitarian consequences of nuclear weapons based on facts-based scientific studies are important.</s>
        <s id="42:5" lang="en">We welcome all such recent efforts, including the conferences on the humanitarian impact of nuclear weapons held in Oslo in March 2013 and in Nayarit, Mexico, in February 2014.</s>
        <s id="42:6" lang="en">In this regard, we take note of the offer of the Government of Austria and are looking forward to further discussions on the Government&apos;s plans for the next conference on this issue, which is to be held in Vienna later in 2014.</s>
      </p>
      <p id="43">
        <s id="43:1" lang="en">28. We recognize the significant role of civil society, and accordingly, the importance of disarmament and non-proliferation education.</s>
        <s id="43:2" lang="en">On the margins of the Ministerial Meeting held in Hiroshima, we had a welcome opportunity to engage with civil society, including non-governmental organizations, students from</s>
      </p>
      <p id="44">
        <s id="44:1" lang="en">Non-Proliferation and Disarmament Initiative member States, academics and the media.</s>
        <s id="44:2" lang="en">We will continue our engagement with civil society in pursuit of our common objectives.</s>
      </p>
      <p id="45">
        <s id="45:1" lang="en">29. We call upon all States parties to the Treaty on the Non-Proliferation of Nuclear Weapons to take part in the third Preparatory Committee in a spirit of cooperation and good faith, which would maintain the constructive atmosphere created at the previous sessions of the Preparatory Committees, and to carry that spirit forward to the 2015 Review Conference.</s>
        <s id="45:2" lang="en">It is the responsibility of all States parties to fulfil their commitments and obligations under the Treaty regime and to work to uphold and strengthen that regime, including by achieving a successful outcome at the 2015 Review Conference.</s>
      </p>
    </body>
  </text>
</TEI.2>
