<?xml version="1.0" encoding="utf-8"?>
<TEI.2>
  <teiHeader>
    <fileDesc>
      <titleStmt>
        <title>The United Nations Parallel Corpus v1.0 - NPT/CONF.2015/PC.III/WP.27</title>
      </titleStmt>
      <publicationStmt>
        <publisher>United Nations DGACM</publisher>
        <pubPlace>New York</pubPlace>
        <date>20140422</date>
        <idno type="symbol">NPT/CONF.2015/PC.III/WP.27</idno>
        <idno type="jobno">N1430648</idno>
        <availability>
          <p>The following disclaimer, an integral part of the United Nations Parallel Corpus v1.0, 
             shall be respected in regard to the Corpus v1.0 (no other restrictions apply):</p>

          <p>The United Nations Parallel Corpus is made available without warranty of any kind, 
             explicit or implied. The United Nations specifically makes no warranties or 
             representations as to the accuracy or completeness of the information contained in 
             the United Nations corpus.</p>

          <p>Under no circumstances shall the United Nations be liable for any loss, liability,
             injury or damage incurred or suffered that is claimed to have resulted from the use
             of the United Nations Corpus. The use of the United Nations Corpus is at the user's 
             sole risk. The user specifically acknowledges and agrees that the United Nations is 
             not liable for the conduct of any user. If the user is dissatisfied with any of the 
             material provided in the United Nations Corpus, the users's sole and exclusive remedy 
             is to discontinue using the United Nations Corpus.</p>

          <p>When using the United Nations Corpus, the user must acknowledge the United Nations as the
             source of the information. For references, please use this reference:
             Ziemski, M., Junczys-Dowmunt, M., and Pouliquen, B. (2016) The United Nations
             Parallel Corpus, Language Resources and Evaluation (LREC’16), Portorož, Slovenia, 
             May 2016.</p>

          <p>Nothing herein shall constitute or be considered to be a limitation upon or waiver,
             express or implied, of the privileges and immunities of the United Nations, which
             are specifically reserved.</p>
        </availability>
        <distributor>http://conferences.unite.un.org/UNCorpus</distributor>
      </publicationStmt>
      <sourceDesc>
        <p>http://www.un.org/en/official-documents-system-search/index.html</p>
      </sourceDesc>
    </fileDesc>
    <profileDesc>
      <langUsage>
        <language ident="en">English</language>
      </langUsage>
    </profileDesc>
  </teiHeader>
  <text>
    <body>
      <p id="1">
        <s id="1:1" lang="en">Third session</s>
      </p>
      <p id="2">
        <s id="2:1" lang="en">New York, 28 April-9 May 2014</s>
      </p>
      <p id="3">
        <s id="3:1" lang="en">Implementation of the 1995 resolution on the Middle East</s>
      </p>
      <p id="4">
        <s id="4:1" lang="en">Working paper submitted by Iraq on behalf of the States members of the League of Arab States</s>
      </p>
      <p id="5">
        <s id="5:1" lang="en">I. Background and developments</s>
      </p>
      <p id="6">
        <s id="6:1" lang="en">1. The 2010 Review Conference of the Parties to the Treaty on the NonProliferation of Nuclear Weapons adopted an action plan for the implementation of the 1995 resolution on the Middle East through a mechanism that included three main approaches:</s>
      </p>
      <p id="7">
        <s id="7:1" lang="en">(a) The Secretary-General of the United Nations and the three co-sponsors of the 1995 resolution, in consultation with the States of the region, would convene a conference in 2012 on the establishment of a Middle East zone free of nuclear weapons and all other weapons of mass destruction (the postponed 2012 conference);</s>
      </p>
      <p id="8">
        <s id="8:1" lang="en">(b) That conference would be the first step in a process leading to full implementation of the 1995 resolution on the Middle East;</s>
      </p>
      <p id="9">
        <s id="9:1" lang="en">(c) A facilitator would be appointed in order to prepare the conference, and a host Government would be designated.</s>
      </p>
      <p id="10">
        <s id="10:1" lang="en">2. The Arab States viewed that mandate arising from the 2010 Review Conference as a positive development, the first since the 1995 resolution.</s>
      </p>
      <p id="11">
        <s id="11:1" lang="en">3. However, immediately following the 2010 document on the Middle East, it became clear that some of the organizing parties were reluctant to honour their obligations; they made negative statements that were inconsistent with the responsibilities that they had accepted.</s>
        <s id="11:2" lang="en">The Arab States wish to highlight a number of negative developments that eventually led to the present unacceptable situation:</s>
      </p>
      <p id="12">
        <s id="12:1" lang="en">(a) It took over 16 months to select the facilitator and the host Government.</s>
        <s id="12:2" lang="en">That time was wasted without justification or benefit, whereas the choice could have been made within the first month.</s>
      </p>
      <p id="13">
        <s id="13:1" lang="en">(b) Since the 2010 document was adopted, some of the organizers began to repeat that Israel had not participated in negotiating the document and was not a party to the Treaty; that it was therefore not a concerned party and had no obligation under the agreements; and that the Arab States should make concessions in order to persuade Israel to participate.</s>
      </p>
      <p id="14">
        <s id="14:1" lang="en">The Arab States are surprised at that negative stance of some of the organizers.</s>
        <s id="14:2" lang="en">It is as though they had suddenly discovered, after the document was adopted, that Israel was not a party to the Treaty and that that situation impeded the fulfilment of their obligations.</s>
        <s id="14:3" lang="en">If that was the case, why did the parties accept responsibility for implementing those steps?</s>
        <s id="14:4" lang="en">Indeed, why did they present the 1995 resolution on the Middle East as the cornerstone for the deal to extend the Treaty indefinitely?</s>
      </p>
      <p id="15">
        <s id="15:1" lang="en">(c) Some of the organizers focused on the need to add new elements and topics to the agenda of the conference, thereby removing it from the agreed context and contravening the clear mandate and terms of reference adopted by the 2010 Conference.</s>
        <s id="15:2" lang="en">That would open the door to renegotiating all previous agreements, all on the pretext that Israel was not a party to the original Treaty.</s>
      </p>
      <p id="16">
        <s id="16:1" lang="en">(d) The Arab States were surprised at the organizers&apos; announcement that the conference would be postponed, an announcement made without consulting them or setting an alternative date.</s>
        <s id="16:2" lang="en">The Arab States were also puzzled by the conflicting statements made by each organizer.</s>
      </p>
      <p id="17">
        <s id="17:1" lang="en">(e) Since the end of the second session of the Preparatory Committee, the facilitator and the organizers have convened consultative meetings with the relevant regional actors in order to prepare for the conference.</s>
        <s id="17:2" lang="en">The Arab States deplored the delay.</s>
        <s id="17:3" lang="en">The consultative meetings (Glion, Glion 2 and Glion 3) took place in unclear circumstances: they lacked a specific agenda and were held outside the United Nations framework.</s>
        <s id="17:4" lang="en">Nevertheless, the Arab States decided to participate constructively in order to prevent any party from holding them responsible for the failure of the talks at any stage.</s>
      </p>
      <p id="18">
        <s id="18:1" lang="en">(f) After the conclusion of the three Glion meetings on 4 and 5 February 2014, the facilitator announced that two preparatory meetings would be held in Geneva before the third session of the Preparatory Committee for the 2015 Review Conference.</s>
        <s id="18:2" lang="en">The Arab States were puzzled by the facilitator&apos;s announcement that the meetings would be postponed until after the third session of the Preparatory Committee, with the pretext that too many other meetings and conferences on disarmament and security were scheduled in March and April.</s>
        <s id="18:3" lang="en">That would imply that the mission of the facilitator and the organizers was merely to organize an international meeting among numerous others, that this particular meeting was not a priority for them, and that their primary mission did not take precedence over any other engagements or meetings.</s>
      </p>
      <p id="19">
        <s id="19:1" lang="en">(g) Despite the delay in convening the postponed 2012 conference, the Arab States took the initiative of writing letters to the Secretary-General of the United Nations endorsing the declaration of the Middle East as a zone free of nuclear weapons and other weapons of mass destruction.</s>
        <s id="19:2" lang="en">Iran followed suit, meaning that Israel, alone in the Middle East region, has not sent such a letter.</s>
        <s id="19:3" lang="en">The Secretary-General of the United Nations informed the General Assembly of this matter in a letter dated 6 March 2014.</s>
      </p>
      <p id="20">
        <s id="20:1" lang="en">II. The Arab position</s>
      </p>
      <p id="21">
        <s id="21:1" lang="en">4. In the context of the foregoing, the Arab States wish to make the following points clear for the last time before the 2015 Review Conference:</s>
      </p>
      <p id="22">
        <s id="22:1" lang="en">:: In the last three years, the Arab States have made a number of concessions and contributed positively to attempts to ensure the success of preparations to convene the postponed 2012 conference.</s>
        <s id="22:2" lang="en">For this reason, under no circumstances will the Arab States be held responsible for the failure of others.</s>
        <s id="22:3" lang="en">Nor will they accept any assertion that the failure was caused by the inability of the States of the region to arrive at an understanding or to compromise.</s>
      </p>
      <p id="23">
        <s id="23:1" lang="en">:: The Arab States will continue to cooperate with the facilitator and the organizing parties in the period leading up to the 2015 Review Conference, which the Arab States consider to be a crossroads in the process, so long as the preparatory process remains within the context of the mandate and terms of reference adopted by the 2010 Review Conference.</s>
      </p>
      <p id="24">
        <s id="24:1" lang="en">:: If the postponed 2012 conference is not convened and serious negotiations on the implementation of the resolution on the Middle East have not begun before the 2015 Review Conference, the Arab States will take the necessary measures to protect their interests.</s>
      </p>
      <p id="25">
        <s id="25:1" lang="en">III. Recommendations</s>
      </p>
      <p id="26">
        <s id="26:1" lang="en">5. The Arab States therefore call upon the third session of Preparatory Committee and the States Parties to the Treaty to affirm the following points:</s>
      </p>
      <p id="27">
        <s id="27:1" lang="en">(a) That the delay in the preparations to convene the postponed 2012 conference is deplorable;</s>
      </p>
      <p id="28">
        <s id="28:1" lang="en">(b) That convening the postponed 2012 conference is no longer a regional demand, but rather has become an international responsibility, and that the decision to convene the conference was arrived at by consensus at the 2010 Review Conference;</s>
      </p>
      <p id="29">
        <s id="29:1" lang="en">(c) That the organizers are obligated to abide by the mandate and terms of reference stipulated in the action plan adopted at the 2010 Review Conference, and that no issues extraneous to negotiations on the establishment of a zone free of nuclear weapons and weapons of mass destruction in the Middle East are to be introduced;</s>
      </p>
      <p id="30">
        <s id="30:1" lang="en">(d) That the postponed 2012 conference must be convened as soon as possible, so that the implementation of its outcomes can be reviewed and a comprehensive report can be submitted 2015 NPT Review Conference;</s>
      </p>
      <p id="31">
        <s id="31:1" lang="en">(e) That implementation of the agreements reached in 2010 regarding the Middle East is one of the essential keys to the success of the 2015 Review Conference.</s>
      </p>
    </body>
  </text>
</TEI.2>
