<?xml version="1.0" encoding="utf-8"?>
<TEI.2>
  <teiHeader>
    <fileDesc>
      <titleStmt>
        <title>The United Nations Parallel Corpus v1.0 - NPT/CONF.2015/PC.III/WP.22</title>
      </titleStmt>
      <publicationStmt>
        <publisher>United Nations DGACM</publisher>
        <pubPlace>New York</pubPlace>
        <date>20140415</date>
        <idno type="symbol">NPT/CONF.2015/PC.III/WP.22</idno>
        <idno type="jobno">N1430009</idno>
        <availability>
          <p>The following disclaimer, an integral part of the United Nations Parallel Corpus v1.0, 
             shall be respected in regard to the Corpus v1.0 (no other restrictions apply):</p>

          <p>The United Nations Parallel Corpus is made available without warranty of any kind, 
             explicit or implied. The United Nations specifically makes no warranties or 
             representations as to the accuracy or completeness of the information contained in 
             the United Nations corpus.</p>

          <p>Under no circumstances shall the United Nations be liable for any loss, liability,
             injury or damage incurred or suffered that is claimed to have resulted from the use
             of the United Nations Corpus. The use of the United Nations Corpus is at the user's 
             sole risk. The user specifically acknowledges and agrees that the United Nations is 
             not liable for the conduct of any user. If the user is dissatisfied with any of the 
             material provided in the United Nations Corpus, the users's sole and exclusive remedy 
             is to discontinue using the United Nations Corpus.</p>

          <p>When using the United Nations Corpus, the user must acknowledge the United Nations as the
             source of the information. For references, please use this reference:
             Ziemski, M., Junczys-Dowmunt, M., and Pouliquen, B. (2016) The United Nations
             Parallel Corpus, Language Resources and Evaluation (LREC’16), Portorož, Slovenia, 
             May 2016.</p>

          <p>Nothing herein shall constitute or be considered to be a limitation upon or waiver,
             express or implied, of the privileges and immunities of the United Nations, which
             are specifically reserved.</p>
        </availability>
        <distributor>http://conferences.unite.un.org/UNCorpus</distributor>
      </publicationStmt>
      <sourceDesc>
        <p>http://www.un.org/en/official-documents-system-search/index.html</p>
      </sourceDesc>
    </fileDesc>
    <profileDesc>
      <langUsage>
        <language ident="en">English</language>
      </langUsage>
    </profileDesc>
  </teiHeader>
  <text>
    <body>
      <p id="1">
        <s id="1:1" lang="en">Third session</s>
      </p>
      <p id="2">
        <s id="2:1" lang="en">New York, 28 April-9 May 2014</s>
      </p>
      <p id="3">
        <s id="3:1" lang="en">Non-proliferation in all its aspects</s>
      </p>
      <p id="4">
        <s id="4:1" lang="en">Working paper submitted by the Islamic Republic of Iran</s>
      </p>
      <p id="5">
        <s id="5:1" lang="en">1. The non-compliance by certain nuclear-weapon States with their obligations under articles I and VI of the Treaty on the Non-Proliferation of Nuclear Weapons has posed serious challenges to the Treaty.</s>
        <s id="5:2" lang="en">Certain nuclear-weapon States, in contravention of their commitments under article VI, have continued to resort to nuclear deterrence as their defence and security doctrine and accelerated the nuclear arms race.</s>
        <s id="5:3" lang="en">By maintaining their nuclear arsenals and their horizontal proliferation through the transfer of nuclear technologies and weapons-grade materials to</s>
      </p>
      <p id="6">
        <s id="6:1" lang="en">non-parties to the Treaty, these nuclear-weapon States have also contributed to the emergence of new nuclear weapons possessors.</s>
        <s id="6:2" lang="en">It is in clear violation of their</s>
      </p>
      <p id="7">
        <s id="7:1" lang="en">non-proliferation obligations under article I of the Non-Proliferation Treaty.</s>
      </p>
      <p id="8">
        <s id="8:1" lang="en">2. A few countries have attempted to suggest that proliferation concerns are attributable only to non-nuclear-weapon States parties to the Treaty.</s>
        <s id="8:2" lang="en">This campaign of misinformation has been pursued, while all the nuclear activities of the non-nuclear weapon States parties to the Treaty, which have already foregone the nuclear option and therefore pose no threat to others, are under the full-scope safeguards of the International Atomic Energy Agency (IAEA).</s>
      </p>
      <p id="9">
        <s id="9:1" lang="en">3. The Review Conference of the Parties to the Treaty cannot easily overlook that certain nuclear-weapon States, in contravention of their legal undertakings, promote the role and status of nuclear weapons in their defence and security doctrines and proliferate these weapons to others.</s>
        <s id="9:2" lang="en">Non-compliance with article I and the lack of any mechanism for verification of the obligations of the nuclear-weapon States have given rise to serious concern.</s>
        <s id="9:3" lang="en">Under the provisions of the Treaty, the nuclear weapon States have undertaken to eliminate their nuclear arsenals and have committed not to develop or transfer nuclear weapons or nuclear-weapon technology and materials to others.</s>
        <s id="9:4" lang="en">In the long term, the maintenance of these inhumane weapons, and the threat to use them, would weaken the integrity and credibility of the Treaty and jeopardize international peace and security.</s>
      </p>
      <p id="10">
        <s id="10:1" lang="en">4. In the past few years, some efforts have been made to undermine the main principles of the Treaty in order to change it to a one-dimensional treaty.</s>
        <s id="10:2" lang="en">In this context, unfortunately, the nuclear disarmament obligations have been totally overlooked, and access to peaceful nuclear materials and technologies for</s>
      </p>
      <p id="11">
        <s id="11:1" lang="en">non-nuclear-weapon States parties to the Treaty has been denied.</s>
        <s id="11:2" lang="en">At the same time, the obligations of the non-nuclear-weapon States parties to the Treaty concerning</s>
      </p>
      <p id="12">
        <s id="12:1" lang="en">non-proliferation have been overemphasized as if the Treaty had no other provisions.</s>
        <s id="12:2" lang="en">With such an approach, certain countries have tried to impose more extreme and more severe restrictions on access to peaceful nuclear technology and sought to monopolize such technology for only the nuclear-weapon States and a few staunch allies, even in some cases non-parties to the Treaty.</s>
        <s id="12:3" lang="en">In this regard, the clear examples are the nuclear cooperation between the United States of America and Israeli regimes and the decision of the Nuclear Suppliers Group on nuclear cooperation with a non-party to the Treaty.</s>
        <s id="12:4" lang="en">These cases regrettably have shown that being a non-party to the Treaty is more privileged than being a non-nuclear State party to the Non-Proliferation Treaty.</s>
      </p>
      <p id="13">
        <s id="13:1" lang="en">5. The unprecedented decision of the Nuclear Suppliers Group, an exclusive and non-transparent club that claims to have been established so as to strengthen the non-proliferation regime, has already damaged the Non-Proliferation Treaty.</s>
        <s id="13:2" lang="en">Such a decision, by facilitating the transfer of nuclear material to a non-party that has an active nuclear-weapons programme, is a clear violation of article III (2) of the Treaty. under which &quot;each State Party to the Treaty undertakes not to provide:</s>
      </p>
      <p id="14">
        <s id="14:1" lang="en">(a) source or special fissionable material, or (b) equipment or material especially designed or prepared for the processing, use or production of special fissionable material, to any non-nuclear-weapon State for peaceful purposes, unless the source or special fissionable material shall be subject to the safeguards required by this Article&quot;.</s>
        <s id="14:2" lang="en">The decision of the Nuclear Suppliers Group, which was taken under pressure from the United States, is also a violation of the commitment of the nuclear-weapon States under the decision on principles and objectives for nuclear non-proliferation and disarmament of the 1995 Review and Extension Conference of the Parties to the Treaty and the Final Document of the 2000 Review Conference for promoting universalization of the Treaty.</s>
        <s id="14:3" lang="en">When a country outside the Treaty easily and unconditionally enjoys nuclear assistance from Nuclear Suppliers Group members, it will never have incentives to accede to the Treaty.</s>
        <s id="14:4" lang="en">Thus, the decision of the Nuclear Suppliers Group is in clear contravention of the obligations on the promotion of the universality of the Treaty and has seriously jeopardized the credibility and integrity of the Treaty.</s>
        <s id="14:5" lang="en">Such a decision is another manifestation of double standards and discrimination in implementing the provisions of the Treaty.</s>
        <s id="14:6" lang="en">The 2015 Review Conference needs to address this case of non-compliance and make a decision on the prohibition of any nuclear assistance to non-parties to the Treaty.</s>
      </p>
      <p id="15">
        <s id="15:1" lang="en">6. Furthermore, it seems that in the view of the United States and its allies, clandestine development of nuclear weapons by those outside the Treaty is justifiable, and worse still that such a nuclear programme can be supported through cooperation and transferring nuclear technology, material and equipment.</s>
        <s id="15:2" lang="en">It is a matter of serious concern that such an approach has been applied to the nuclear weapons programme of the Israeli regime, which is a staunch ally of the United States.</s>
        <s id="15:3" lang="en">Permitting such a regime to continue to produce nuclear weapons with impunity is a matter of grave concern.</s>
      </p>
      <p id="16">
        <s id="16:1" lang="en">7. The Review Conference of the Treaty should seriously address the proliferation of nuclear weapons by these nuclear-weapon States.</s>
        <s id="16:2" lang="en">It is essential that all proliferation cases committed by certain nuclear-weapon States be identified and examined thoroughly.</s>
        <s id="16:3" lang="en">The Non-Proliferation Treaty could continue to sustain and enjoy the support of its States parties, if the nuclear-weapon States fulfil their obligations under the Treaty.</s>
      </p>
      <p id="17">
        <s id="17:1" lang="en">8. The current challenges of the non-proliferation regime require the establishment of a new arrangement and a robust strategy to prevent the arbitrary measures of some nuclear-weapon States in proliferating nuclear weapons.</s>
        <s id="17:2" lang="en">It is indispensable for the Review Conference to adopt a new approach towards</s>
      </p>
      <p id="18">
        <s id="18:1" lang="en">non-proliferation and emphasize its basic and primary principles and norms.</s>
        <s id="18:2" lang="en">Full materialization of non-proliferation provisions requires full, verifiable and transparent implementation of article I of the Treaty by the nuclear-weapon States.</s>
        <s id="18:3" lang="en">Therefore, the Review Conference needs to establish a strong mechanism to verify the implementation of article I by the nuclear-weapon States.</s>
        <s id="18:4" lang="en">Moreover, the failure to comply with the nuclear disarmament obligations increases the risk of proliferation of nuclear weapons.</s>
        <s id="18:5" lang="en">Thus, the Review Conference should also call upon the nuclear-weapon States to fully implement their obligations under article VI of the Treaty.</s>
      </p>
      <p id="19">
        <s id="19:1" lang="en">9. To this effect, the outcome of the 2015 Review Conference, based on the full implementation of the obligations of the nuclear-weapon States on non-proliferation, should be designed in a way to cover the following key issues:</s>
      </p>
      <p id="20">
        <s id="20:1" lang="en">(a) The proliferation by certain nuclear-weapon States is the most immediate and essential risk threatening the non-proliferation regime;</s>
      </p>
      <p id="21">
        <s id="21:1" lang="en">(b) Article I of the Treaty and its implementation by the nuclear-weapon States should be strengthened by establishing a verification mechanism similar to the one under article III of the Treaty;</s>
      </p>
      <p id="22">
        <s id="22:1" lang="en">(c) It is essential that all proliferation cases made by certain nuclear-weapon States be thoroughly examined;</s>
      </p>
      <p id="23">
        <s id="23:1" lang="en">(d) In order to take measures to strengthen non-proliferation and promote the universality of the Non-Proliferation Treaty, the nuclear-weapon States must also refrain from cooperating with non-parties to the Treaty and undertake not to transfer any nuclear material, equipment, information, knowledge and technology to them;</s>
      </p>
      <p id="24">
        <s id="24:1" lang="en">(e) The only solution to remove concerns originating from proliferation and threats of the possible use of nuclear weapons is the total abolition of nuclear deterrence through the conclusion of a universal, legally binding nuclear weapons convention;</s>
      </p>
      <p id="25">
        <s id="25:1" lang="en">(f) In the current circumstances, IAEA should demonstrate, more than before, its commitment and dedication not only to the implementation of the safeguards, but also to the facilitation of the development of nuclear energy as its main and primary purpose.</s>
      </p>
      <p id="26">
        <s id="26:1" lang="en">10. In conclusion, the Islamic Republic of Iran believes that IAEA, as the sole competent authority in verifying nuclear programmes of the States parties, has an important and sensitive role in dealing with the nuclear activities of the member States.</s>
        <s id="26:2" lang="en">In this regard, IAEA should act within the boundaries of its mandate, in full conformity with the IAEA statute and the relevant safeguards agreements of the States parties.</s>
        <s id="26:3" lang="en">IAEA should preserve its credibility by adhering to a high level of professionalism and impartiality and avoiding politicization of technical issues.</s>
        <s id="26:4" lang="en">The Agency should also strengthen its confidentiality policies in order to prevent any leakage of sensitive and confidential information of member States.</s>
      </p>
      <p id="27">
        <s id="27:1" lang="en">11. One of the main concerns of the States parties to the Treaty is the increase of baseless allegations against the peaceful nuclear activities of other States parties through forging documents and disseminating false information.</s>
        <s id="27:2" lang="en">These allegations have significant consequences, in particular political and economic damages to the concerned State party.</s>
        <s id="27:3" lang="en">In this context, the Agency must be very vigilant in dealing with open source information, baseless allegations and the authenticity of the documents presented.</s>
        <s id="27:4" lang="en">The Agency must not build its verification activities on unreliable and fake evidence.</s>
        <s id="27:5" lang="en">In this context, based on article III of the Treaty, which stipulates that implementation of safeguards shall be in a manner to avoid hampering the economic or technological development of States parties, the Islamic Republic of Iran proposes the establishment of a legal mechanism for the settlement of disputes and appropriate arrangements to rectify the damages inflicted on the relevant States parties and provide a framework for compensation.</s>
      </p>
    </body>
  </text>
</TEI.2>
