<?xml version="1.0" encoding="utf-8"?>
<TEI.2>
  <teiHeader>
    <fileDesc>
      <titleStmt>
        <title>The United Nations Parallel Corpus v1.0 - NPT/CONF.2015/PC.III/WP.23</title>
      </titleStmt>
      <publicationStmt>
        <publisher>United Nations DGACM</publisher>
        <pubPlace>New York</pubPlace>
        <date>20140415</date>
        <idno type="symbol">NPT/CONF.2015/PC.III/WP.23</idno>
        <idno type="jobno">N1430142</idno>
        <availability>
          <p>The following disclaimer, an integral part of the United Nations Parallel Corpus v1.0, 
             shall be respected in regard to the Corpus v1.0 (no other restrictions apply):</p>

          <p>The United Nations Parallel Corpus is made available without warranty of any kind, 
             explicit or implied. The United Nations specifically makes no warranties or 
             representations as to the accuracy or completeness of the information contained in 
             the United Nations corpus.</p>

          <p>Under no circumstances shall the United Nations be liable for any loss, liability,
             injury or damage incurred or suffered that is claimed to have resulted from the use
             of the United Nations Corpus. The use of the United Nations Corpus is at the user's 
             sole risk. The user specifically acknowledges and agrees that the United Nations is 
             not liable for the conduct of any user. If the user is dissatisfied with any of the 
             material provided in the United Nations Corpus, the users's sole and exclusive remedy 
             is to discontinue using the United Nations Corpus.</p>

          <p>When using the United Nations Corpus, the user must acknowledge the United Nations as the
             source of the information. For references, please use this reference:
             Ziemski, M., Junczys-Dowmunt, M., and Pouliquen, B. (2016) The United Nations
             Parallel Corpus, Language Resources and Evaluation (LREC’16), Portorož, Slovenia, 
             May 2016.</p>

          <p>Nothing herein shall constitute or be considered to be a limitation upon or waiver,
             express or implied, of the privileges and immunities of the United Nations, which
             are specifically reserved.</p>
        </availability>
        <distributor>http://conferences.unite.un.org/UNCorpus</distributor>
      </publicationStmt>
      <sourceDesc>
        <p>http://www.un.org/en/official-documents-system-search/index.html</p>
      </sourceDesc>
    </fileDesc>
    <profileDesc>
      <langUsage>
        <language ident="en">English</language>
      </langUsage>
    </profileDesc>
  </teiHeader>
  <text>
    <body>
      <p id="1">
        <s id="1:1" lang="en">Third session</s>
      </p>
      <p id="2">
        <s id="2:1" lang="en">New York, 28 April-9 May 2014</s>
      </p>
      <p id="3">
        <s id="3:1" lang="en">Building blocks for a world without nuclear weapons</s>
      </p>
      <p id="4">
        <s id="4:1" lang="en">Working paper submitted by Australia, Belgium, Canada, Colombia, Czech Republic, Denmark, Estonia, Finland, Germany, Hungary, Italy, Japan, Lithuania, Netherlands, Poland, Portugal, Slovakia, Spain, Sweden and Ukraine</s>
      </p>
      <p id="5">
        <s id="5:1" lang="en">Basic vision</s>
      </p>
      <p id="6">
        <s id="6:1" lang="en">1. The international community shares the goal of a peaceful and secure world free of nuclear weapons.</s>
        <s id="6:2" lang="en">States may differ on the means or sequencing for achieving that goal.</s>
        <s id="6:3" lang="en">However, in order to move forward in nuclear disarmament and ultimately to eliminate the risk of catastrophic humanitarian consequences from the use of nuclear weapons, the international community should focus not on differences but on common ground by identifying concrete and practical &quot;building blocks&quot; for that shared goal.</s>
      </p>
      <p id="7">
        <s id="7:1" lang="en">2. A focus on &quot;building blocks&quot; can complement the pursuit of a &quot;step by step&quot; approach.</s>
        <s id="7:2" lang="en">It foresees the possibility of parallel and simultaneous steps.</s>
        <s id="7:3" lang="en">While ultimate measures for achieving and maintaining a world without nuclear weapons will need to be multilateral, effective disarmament will require mutually reinforcing &quot;building blocks&quot; that are multilateral, plurilateral, bilateral or unilateral.</s>
        <s id="7:4" lang="en">Ensuring the non-proliferation of nuclear weapons will also create an appropriate climate as disarmament and non-proliferation represent two sides of the same coin.</s>
      </p>
      <p id="8">
        <s id="8:1" lang="en">3. In addition to past bilateral and unilateral &quot;building blocks&quot;, including the significant reductions in the global nuclear-weapon stockpile since its peak in the 1980s, there are already in place a number of multilateral &quot;building blocks&quot; in support of achieving and maintaining a world without nuclear weapons.</s>
        <s id="8:2" lang="en">These include the International Atomic Energy Agency (IAEA) safeguards system, the Partial Test Ban Treaty, the Outer Space Treaty, the Treaty on the Non-Proliferation of Nuclear Weapons, the Sea-bed Arms Control Treaty, the Comprehensive Nuclear-Test-Ban Treaty and the International Convention for the Suppression of Acts of Nuclear Terrorism, as well as the multilateral disarmament machinery.</s>
        <s id="8:3" lang="en">More &quot;building blocks&quot; are required.</s>
      </p>
      <p id="9">
        <s id="9:1" lang="en">4. The challenging reality is that there will be no quick fixes if our goal is effective, verifiable and irreversible nuclear disarmament.</s>
        <s id="9:2" lang="en">But we must seek to maintain steady progress.</s>
        <s id="9:3" lang="en">If we take into account the prevailing international environment, progress in multilateral nuclear disarmament requires promotion of practical, effective and confidence-building measures.</s>
        <s id="9:4" lang="en">To this end, it is vital to avoid fragmentation of the international community which would delay the entire process of nuclear disarmament.</s>
        <s id="9:5" lang="en">Multilateral nuclear disarmament processes will need to be as inclusive as possible, particularly through the involvement of States possessing nuclear weapons.</s>
        <s id="9:6" lang="en">Building a climate for further confidence and trust will be essential to ensure inclusive processes.</s>
        <s id="9:7" lang="en">Such trust must be built through demonstrated implementation of concrete disarmament measures by all States possessing nuclear weapons, as well as ongoing commitment to non-proliferation by all non-nuclear-weapon States.</s>
      </p>
      <p id="10">
        <s id="10:1" lang="en">Practical measures</s>
      </p>
      <p id="11">
        <s id="11:1" lang="en">5. Based on the above basic vision and framed by a clear focus on and commitment to implementation of the 2010 Non-Proliferation Treaty action plan, there are a number of practical, yet concrete near to midterm multilateral actions in support of a world without nuclear weapons that should and can be taken.</s>
        <s id="11:2" lang="en">These include:</s>
      </p>
      <p id="12">
        <s id="12:1" lang="en">- Negotiating a verifiable and non-discriminatory treaty banning the production of fissile material for nuclear weapons or other nuclear explosive devices which deals with all relevant questions for the achievement of its purpose</s>
      </p>
      <p id="13">
        <s id="13:1" lang="en">- Pending negotiation and entry into force of such a treaty, maintenance or declaration by all States possessing nuclear weapons of moratoriums on the production of fissile material for nuclear weapons purposes</s>
      </p>
      <p id="14">
        <s id="14:1" lang="en">- Designating fissile material no longer required for military purposes and the development of legally binding verification arrangements, within the context of IAEA, to ensure the irreversible removal of such fissile material</s>
      </p>
      <p id="15">
        <s id="15:1" lang="en">- Entry into force of the Comprehensive Nuclear-Test-Ban Treaty</s>
      </p>
      <p id="16">
        <s id="16:1" lang="en">- Pending the entry into force of the Comprehensive Nuclear-Test-Ban Treaty, maintenance or declaration by all States possessing nuclear weapons of moratoriums on nuclear weapons tests, as well as restraint from the use of new nuclear weapons technologies and from any action that would defeat the object and purpose of that Treaty</s>
      </p>
      <p id="17">
        <s id="17:1" lang="en">- Continued commitment by all States possessing nuclear weapons to fully respect their commitments with regard to security assurances or to extend such assurances if they have not yet done so</s>
      </p>
      <p id="18">
        <s id="18:1" lang="en">- A return to substantive work in the Conference on Disarmament, including on its other nuclear-related core issues, notably dealing with nuclear disarmament and substantive discussion, without limitation, of effective international arrangements to assure non-nuclear-weapon States against the use or threat of use of nuclear weapons with a view to elaborating recommendations dealing with all aspects of this issue, not excluding an internationally legally binding instrument</s>
      </p>
      <p id="19">
        <s id="19:1" lang="en">- Supporting and strengthening the IAEA safeguards system, including universal adherence to comprehensive safeguards agreements and additional protocols</s>
      </p>
      <p id="20">
        <s id="20:1" lang="en">- Universalizing the International Convention for the Suppression of Acts of Nuclear Terrorism</s>
      </p>
      <p id="21">
        <s id="21:1" lang="en">- Continuing work on developing verification schemes, including technical know-how for nuclear disarmament, in order to guarantee that nuclear materials and technology are used for peaceful purposes.</s>
      </p>
      <p id="22">
        <s id="22:1" lang="en">6. Furthermore, many other unilateral, bilateral and plurilateral actions should and can be taken.</s>
        <s id="22:2" lang="en">These include:</s>
      </p>
      <p id="23">
        <s id="23:1" lang="en">- Increasing the transparency of nuclear arsenals and fissile material in stockpiles</s>
      </p>
      <p id="24">
        <s id="24:1" lang="en">- Dismantling or converting for peaceful uses facilities for the production of fissile material for use in nuclear weapons or other nuclear explosive devices</s>
      </p>
      <p id="25">
        <s id="25:1" lang="en">- Reducing the number of deployed strategic nuclear weapons</s>
      </p>
      <p id="26">
        <s id="26:1" lang="en">- Reducing the number of non-strategic and non-deployed nuclear weapons</s>
      </p>
      <p id="27">
        <s id="27:1" lang="en">- Promoting plurilateral or multilateral nuclear reduction negotiations with prior commitment to freezing the number of deployed and non-deployed nuclear weapons</s>
      </p>
      <p id="28">
        <s id="28:1" lang="en">- Reducing the role of nuclear weapons in security doctrines and further reducing the risk of an accidental or unauthorized launch of nuclear weapons</s>
      </p>
      <p id="29">
        <s id="29:1" lang="en">- Strengthening nuclear-weapon-free zones and creating new nuclear-weapon-free zones, including in pursuit of Non-Proliferation Treaty universalization</s>
      </p>
      <p id="30">
        <s id="30:1" lang="en">- Promoting disarmament and non-proliferation education including on humanitarian consequences of the use of nuclear weapons.</s>
      </p>
      <p id="31">
        <s id="31:1" lang="en">7. In due course towards a world without nuclear weapons, it will be necessary to give further thought, with a longer perspective, to how a multilateral nuclear disarmament framework or a nuclear weapons convention would look like as the final &quot;building block&quot;.</s>
        <s id="31:2" lang="en">The prevailing environment of trust and confidence will influence the development of that final measure and must remain an important consideration as we continue to move towards our shared goal.</s>
        <s id="31:3" lang="en">All States, and in particular but not exclusively those possessing nuclear weapons, have a responsibility in shaping that environment.</s>
      </p>
    </body>
  </text>
</TEI.2>
