<?xml version="1.0" encoding="utf-8"?>
<TEI.2>
  <teiHeader>
    <fileDesc>
      <titleStmt>
        <title>The United Nations Parallel Corpus v1.0 - NPT/CONF.2015/PC.III/WP.26</title>
      </titleStmt>
      <publicationStmt>
        <publisher>United Nations DGACM</publisher>
        <pubPlace>New York</pubPlace>
        <date>20140421</date>
        <idno type="symbol">NPT/CONF.2015/PC.III/WP.26</idno>
        <idno type="jobno">N1430538</idno>
        <availability>
          <p>The following disclaimer, an integral part of the United Nations Parallel Corpus v1.0, 
             shall be respected in regard to the Corpus v1.0 (no other restrictions apply):</p>

          <p>The United Nations Parallel Corpus is made available without warranty of any kind, 
             explicit or implied. The United Nations specifically makes no warranties or 
             representations as to the accuracy or completeness of the information contained in 
             the United Nations corpus.</p>

          <p>Under no circumstances shall the United Nations be liable for any loss, liability,
             injury or damage incurred or suffered that is claimed to have resulted from the use
             of the United Nations Corpus. The use of the United Nations Corpus is at the user's 
             sole risk. The user specifically acknowledges and agrees that the United Nations is 
             not liable for the conduct of any user. If the user is dissatisfied with any of the 
             material provided in the United Nations Corpus, the users's sole and exclusive remedy 
             is to discontinue using the United Nations Corpus.</p>

          <p>When using the United Nations Corpus, the user must acknowledge the United Nations as the
             source of the information. For references, please use this reference:
             Ziemski, M., Junczys-Dowmunt, M., and Pouliquen, B. (2016) The United Nations
             Parallel Corpus, Language Resources and Evaluation (LREC’16), Portorož, Slovenia, 
             May 2016.</p>

          <p>Nothing herein shall constitute or be considered to be a limitation upon or waiver,
             express or implied, of the privileges and immunities of the United Nations, which
             are specifically reserved.</p>
        </availability>
        <distributor>http://conferences.unite.un.org/UNCorpus</distributor>
      </publicationStmt>
      <sourceDesc>
        <p>http://www.un.org/en/official-documents-system-search/index.html</p>
      </sourceDesc>
    </fileDesc>
    <profileDesc>
      <langUsage>
        <language ident="en">English</language>
      </langUsage>
    </profileDesc>
  </teiHeader>
  <text>
    <body>
      <p id="1">
        <s id="1:1" lang="en">Third session</s>
      </p>
      <p id="2">
        <s id="2:1" lang="en">New York, 28 April-9 May 2014</s>
      </p>
      <p id="3">
        <s id="3:1" lang="en">Nuclear security</s>
      </p>
      <p id="4">
        <s id="4:1" lang="en">Working paper submitted by the members of the Non-Proliferation and Disarmament Initiative (Australia, Canada, Chile, Germany, Japan, Mexico, Nigeria, Netherlands, Philippines, Poland, Turkey and United Arab Emirates)</s>
      </p>
      <p id="5">
        <s id="5:1" lang="en">Importance of strengthening nuclear security implementation</s>
      </p>
      <p id="6">
        <s id="6:1" lang="en">1. In the Final Document of the 2010 Review Conference of the Parties to the Treaty on the Non-Proliferation of Nuclear Weapons, the Conference stresses the importance of nuclear security and formulates several action points related to the non-proliferation and peaceful uses of nuclear energy in the action plan.</s>
        <s id="6:2" lang="en">States are encouraged to maintain the highest possible standards of security and physical protection of nuclear materials and facilities (action 40) and to apply, as appropriate, the recommendations of the International Atomic Energy Agency (IAEA) on the physical protection of nuclear material and nuclear facilities and other relevant international instruments at the earliest possible date (action 41).</s>
      </p>
      <p id="7">
        <s id="7:1" lang="en">2. The actual application of nuclear security and physical protection measures remains a fundamental responsibility of States, as has been established, inter alia, in the 2005 amendment to the Convention on the Physical Protection of Nuclear Material and referred to in Nuclear Security Fundamentals: Objective and Essential Elements of a State&apos;s Nuclear Security Regime (IAEA Nuclear Security Series document No. 20).</s>
        <s id="7:2" lang="en">This includes taking appropriate measures for preventing non-State actors from obtaining nuclear materials that can be used in nuclear weapons.</s>
        <s id="7:3" lang="en">It is incumbent upon each State to establish the appropriate legal framework, a robust governance structure and other measures it sees fit to advance nuclear security.</s>
      </p>
      <p id="8">
        <s id="8:1" lang="en">3. The members of the Non-Proliferation and Disarmament Initiative support the use of best practices gathered from the expert community, and recognize IAEA as a key player in collecting these best practices, developing them into nuclear security guidance and providing specific assistance to States.</s>
        <s id="8:2" lang="en">In this context, IAEA offers a number of services including the International Physical Protection Advisory Service (IPPAS) and the Integrated Nuclear Security Support Plans to assist States in consolidating their nuclear security needs into comprehensive plans.</s>
        <s id="8:3" lang="en">The IAEA Nuclear Security Series publications contain objectives and essential elements of a State&apos;s nuclear security regime, along with recommendations and additional implementing guidance.</s>
        <s id="8:4" lang="en">Nuclear Security Series document No. 20, on the objective and essential elements of a State&apos;s nuclear security regime, is endorsed by the IAEA Board of Governors and reflects broad international consensus.</s>
        <s id="8:5" lang="en">The IAEA recommendation document No. 13 on physical protection of nuclear material and nuclear facilities (also published as INFCIRC/225/Revision 5), document No. 14 on radioactive material and associated facilities, and document No. 15 on nuclear and other radioactive material out of regulatory control were prepared by nuclear security experts from more than 40 member States.</s>
        <s id="8:6" lang="en">In addition, the IAEA Code of Conduct on the Safety and Security of Radioactive Sources provides non-binding international guidance for the lifecycle control of high-risk radioactive sources, and 120 States to date have made a political commitment to follow its guidance.</s>
      </p>
      <p id="9">
        <s id="9:1" lang="en">4. It would be a considerable step forward if States were to actively apply and implement the IAEA recommendations nationally and declare such intent publicly.</s>
        <s id="9:2" lang="en">This would significantly strengthen nuclear security worldwide and bolster confidence at national and international level.</s>
        <s id="9:3" lang="en">It would by no means alter the character of IAEA guidance into a legally binding instrument.</s>
        <s id="9:4" lang="en">States remain fully responsible for the ways and means of the implementation.</s>
        <s id="9:5" lang="en">This is the reason why the so-called implementing guides and technical guidance publications of the IAEA Nuclear Security Series should remain at the disposal of States, but would not be part of the recommended national implementation since their applicability remains dependent upon the legal and regulatory system of a State.</s>
      </p>
      <p id="10">
        <s id="10:1" lang="en">Securing nuclear materials for military purposes</s>
      </p>
      <p id="11">
        <s id="11:1" lang="en">5. An estimated 85 per cent of the global inventory of fissile material -- the larger part of all highly enriched uranium and about half of the plutonium -- has been produced for military purposes and remains outside of civilian programmes.</s>
        <s id="11:2" lang="en">The nuclear-weapon States have an additional responsibility to secure their stocks of nuclear materials for military purposes, including nuclear weapons and associated military facilities.</s>
        <s id="11:3" lang="en">It is of paramount importance that these stocks and facilities are protected at least as well as civilian nuclear materials and their associated facilities, and that the States involved affirm this.</s>
      </p>
      <p id="12">
        <s id="12:1" lang="en">6. In this context, the 2015 Review Conference should recommend that States:</s>
      </p>
      <p id="13">
        <s id="13:1" lang="en">:: Subscribe to the fundamental principles set forth in IAEA Nuclear Security Series document No. 20 and meet the intent of the recommendations contained in Nos. 13, 14 and 15, including through the implementation and enhancement of national regulations and other government measures and arrangements</s>
      </p>
      <p id="14">
        <s id="14:1" lang="en">:: Develop, in conjunction with IAEA, as necessary, Integrated Nuclear Security Support Plans to consolidate and prioritize nuclear security needs</s>
      </p>
      <p id="15">
        <s id="15:1" lang="en">:: Continue to improve the effectiveness of their nuclear security regimes and operators&apos; systems by conducting self-assessments, periodically hosting IPPAS missions and acting upon the recommendations identified during these reviews</s>
      </p>
      <p id="16">
        <s id="16:1" lang="en">:: Ensure that management and personnel with accountability for nuclear security are demonstrably competent</s>
      </p>
      <p id="17">
        <s id="17:1" lang="en">7. Additionally, the 2015 Review Conference should recommend that, in order to promote confidence in the effectiveness of security for non-civilian nuclear materials, the nuclear-weapon States and non-States parties to the Treaty on the Non-Proliferation of Nuclear Weapons:</s>
      </p>
      <p id="18">
        <s id="18:1" lang="en">:: Affirm that nuclear materials in the military realm are at least as well protected, or that nuclear security is at least as effective for non-civilian nuclear materials as for civilian materials and, in this regard, declare that internationally agreed guidelines for physical protection (notably IAEA Nuclear Security Series document No. 13) will be taken into account to enhance the effectiveness of protecting non-civilian nuclear materials</s>
      </p>
      <p id="19">
        <s id="19:1" lang="en">:: Publish the legal and regulatory framework related to the security of non-civilian nuclear materials on the understanding that no confidential information will be disclosed or confidentiality arrangements violated</s>
      </p>
    </body>
  </text>
</TEI.2>
