<?xml version="1.0" encoding="utf-8"?>
<TEI.2>
  <teiHeader>
    <fileDesc>
      <titleStmt>
        <title>The United Nations Parallel Corpus v1.0 - NPT/CONF.2015/PC.III/WP.2</title>
      </titleStmt>
      <publicationStmt>
        <publisher>United Nations DGACM</publisher>
        <pubPlace>New York</pubPlace>
        <date>20140311</date>
        <idno type="symbol">NPT/CONF.2015/PC.III/WP.2</idno>
        <idno type="jobno">N1426086</idno>
        <availability>
          <p>The following disclaimer, an integral part of the United Nations Parallel Corpus v1.0, 
             shall be respected in regard to the Corpus v1.0 (no other restrictions apply):</p>

          <p>The United Nations Parallel Corpus is made available without warranty of any kind, 
             explicit or implied. The United Nations specifically makes no warranties or 
             representations as to the accuracy or completeness of the information contained in 
             the United Nations corpus.</p>

          <p>Under no circumstances shall the United Nations be liable for any loss, liability,
             injury or damage incurred or suffered that is claimed to have resulted from the use
             of the United Nations Corpus. The use of the United Nations Corpus is at the user's 
             sole risk. The user specifically acknowledges and agrees that the United Nations is 
             not liable for the conduct of any user. If the user is dissatisfied with any of the 
             material provided in the United Nations Corpus, the users's sole and exclusive remedy 
             is to discontinue using the United Nations Corpus.</p>

          <p>When using the United Nations Corpus, the user must acknowledge the United Nations as the
             source of the information. For references, please use this reference:
             Ziemski, M., Junczys-Dowmunt, M., and Pouliquen, B. (2016) The United Nations
             Parallel Corpus, Language Resources and Evaluation (LREC’16), Portorož, Slovenia, 
             May 2016.</p>

          <p>Nothing herein shall constitute or be considered to be a limitation upon or waiver,
             express or implied, of the privileges and immunities of the United Nations, which
             are specifically reserved.</p>
        </availability>
        <distributor>http://conferences.unite.un.org/UNCorpus</distributor>
      </publicationStmt>
      <sourceDesc>
        <p>http://www.un.org/en/official-documents-system-search/index.html</p>
      </sourceDesc>
    </fileDesc>
    <profileDesc>
      <langUsage>
        <language ident="en">English</language>
      </langUsage>
    </profileDesc>
  </teiHeader>
  <text>
    <body>
      <p id="1">
        <s id="1:1" lang="en">Third session</s>
      </p>
      <p id="2">
        <s id="2:1" lang="en">New York, 28 April-9 May 2014</s>
      </p>
      <p id="3">
        <s id="3:1" lang="en">Regional issues: Middle East</s>
      </p>
      <p id="4">
        <s id="4:1" lang="en">Working paper presented by the Group of Non-Aligned States Parties to the Treaty on the Non-Proliferation of Nuclear Weapons</s>
      </p>
      <p id="5">
        <s id="5:1" lang="en">1. The Group of Non-Aligned States Parties to the Treaty on the</s>
      </p>
      <p id="6">
        <s id="6:1" lang="en">Non-Proliferation of Nuclear Weapons reaffirms that the Treaty recognizes the right of any group of States to conclude regional treaties in order to assure the total absence of nuclear weapons in their respective territories, which the Group considers to be a contribution towards the total elimination of nuclear weapons.</s>
        <s id="6:2" lang="en">However, the Group is of the firm belief that the establishment of nuclear-weapon-free zones does not substitute legal obligations and unequivocal undertakings of the nuclear-weapon States for the total elimination of nuclear weapons.</s>
        <s id="6:3" lang="en">The Group further welcomes the efforts aimed at establishing nuclear-weapon-free zones in all regions of the world and, in this regard, strongly supports the establishment of a nuclear-weapon-free zone in the Middle East.</s>
      </p>
      <p id="7">
        <s id="7:1" lang="en">2. The Group of Non-Aligned States Parties to the Treaty stresses the importance of the Resolution on the Middle East adopted by the 1995 Review and Extension Conference, which reaffirmed the importance of the early realization of universal adherence to the Treaty.</s>
        <s id="7:2" lang="en">The Group recalls that the 2000 Review Conference reaffirmed the importance of Israel&apos;s accession to the Treaty and the placement of all its nuclear facilities under comprehensive International Atomic Energy Agency (IAEA) safeguards, in realizing the goal of universal adherence to the Treaty in the Middle East.</s>
      </p>
      <p id="8">
        <s id="8:1" lang="en">3. The Group of Non-Aligned States Parties to the Treaty underlines furthermore that the 2010 Review Conference also reaffirmed the importance of the Resolution on the Middle East adopted by the 1995 Review and Extension Conference and recalled the affirmation of its goals and objectives by the 2000 Review Conference.</s>
        <s id="8:2" lang="en">The Conference also stressed that the Resolution remains valid until the goals and objectives are achieved, and that the Resolution is an essential element of the outcome of the 1995 Conference and of the basis on which the Treaty was indefinitely extended without a vote in 1995.</s>
        <s id="8:3" lang="en">The Group recalls also that, at the Conference, States parties renewed their resolve to undertake, individually and collectively, all necessary measures aimed at its prompt implementation.</s>
      </p>
      <p id="9">
        <s id="9:1" lang="en">4. The Group of Non-Aligned States Parties to the Treaty further recalls that the 2010 Review Conference, by taking note of the reaffirmation at the 2010 Review Conference by the five nuclear-weapon States of their commitment to a full implementation of the 1995 Resolution on the Middle East, recalled the reaffirmation by the 2000 Review Conference of the importance of Israel&apos;s accession to the Treaty and the placement of all its nuclear facilities under comprehensive IAEA safeguards.</s>
        <s id="9:2" lang="en">The Conference also reaffirmed the urgency and importance of achieving universality of the Treaty and called on all States in the Middle East that had not yet done so to accede to the Treaty as non-nuclear-weapon States so as to achieve its universality at an early date.</s>
      </p>
      <p id="10">
        <s id="10:1" lang="en">5. In this context, the Group of Non-Aligned States Parties to the Treaty welcomes the adoption by consensus of a detailed plan of action on the Middle East, particularly the implementation of the 1995 Resolution on the Middle East contained in the conclusions and recommendations for follow-on actions of the 2010 Review Conference, and urges the Secretary-General and the co-sponsors of the 1995 Resolution, in consultation with the States of the region, to convene and exert utmost efforts in ensuring the success of a conference in 2012, to be attended by all States of the Middle East, on the establishment of a Middle East zone free of nuclear weapons and all other weapons of mass destruction.</s>
        <s id="10:2" lang="en">While recalling that the 2010 Review Conference emphasized the importance of a process leading to full implementation of the objectives of the 1995 Resolution on the Middle East, the Group stresses the importance of the full implementation of the plan of action and the active and constructive engagement by all parties concerned to allow for the success of the conference in leading to the establishment of a Middle East zone free of nuclear weapons and all other weapons of mass destruction.</s>
      </p>
      <p id="11">
        <s id="11:1" lang="en">6. The Group of Non-Aligned States Parties to the Treaty expresses deep concern over the long delay in the implementation of the 1995 Resolution on the Middle East and urges the three co-sponsors of the Resolution to fulfil their responsibility in taking all necessary measures to fully implement it without any further delay.</s>
      </p>
      <p id="12">
        <s id="12:1" lang="en">7. The Group of Non-Aligned States Parties to the Treaty expresses its serious concern that no progress has been achieved with regard to Israel&apos;s accession to the Treaty, and placing all its nuclear facilities under the IAEA full-scope safeguards, and over the delay in the establishment of a nuclear-weapon-free zone in the Middle East, all of which are objectives and priorities that were stressed in Review Conferences of the Treaty in 1995, 2000 and 2010.</s>
      </p>
      <p id="13">
        <s id="13:1" lang="en">8. The Group of Non-Aligned States Parties to the Treaty remains gravely concerned by the statement made by the then Prime Minister of Israel on</s>
      </p>
      <p id="14">
        <s id="14:1" lang="en">11 December 2006, in which he publicly admitted the possession of nuclear weapons by Israel.</s>
        <s id="14:2" lang="en">In this regard, the Group reaffirms the continued validity of the statement of the Coordinating Bureau of the Non-Aligned Movement on this subject, as contained in document NPT/CONF.2010/PC.I/19.</s>
      </p>
      <p id="15">
        <s id="15:1" lang="en">9. The Group of Non-Aligned States Parties to the Treaty further expresses great concern over the acquisition of nuclear capabilities by Israel, which pose a serious and continuing threat to the security of neighbouring and other States, and condemns Israel for continuing to develop and stockpile nuclear arsenals.</s>
        <s id="15:2" lang="en">The Group also reaffirms that stability cannot be achieved in a region where massive imbalances in military capabilities are maintained, particularly through the possession of nuclear weapons, which allows one party to threaten its neighbours and the region, and constitutes a threat to international peace and security.</s>
      </p>
      <p id="16">
        <s id="16:1" lang="en">10. The Group of Non-Aligned States Parties to the Treaty demands that Israel, the only country in the region that has neither joined the Treaty on the Non-Proliferation of Nuclear Weapons nor declared its intention to do so, renounce possession of nuclear weapons, accede to the Treaty without any precondition or further delay as a non-nuclear-weapon State, place promptly all its nuclear facilities under the IAEA full-scope safeguards in accordance with Security Council resolution 487 (1981) and conduct all its nuclear-related activities in full conformity with the</s>
      </p>
      <p id="17">
        <s id="17:1" lang="en">non-proliferation regime, in realizing the goal of universal adherence to the Treaty, in particular in the Middle East.</s>
      </p>
      <p id="18">
        <s id="18:1" lang="en">11. The Group of Non-Aligned States Parties to the Treaty reaffirms that the nuclear-weapon States, in conformity with their legal obligations under article I of the Treaty, shall solemnly undertake not to transfer nuclear weapons or other nuclear explosive devices, or control over such weapons or explosive devices directly or indirectly to Israel, and further undertake not, in any way, to assist, encourage or induce Israel to manufacture or otherwise acquire nuclear weapons or other nuclear explosive devices or control over such weapons or explosive devices under any circumstances whatsoever.</s>
      </p>
      <p id="19">
        <s id="19:1" lang="en">12. The Group of Non-Aligned States Parties to the Treaty, in conformity with the Treaty, hereby declares its commitment to the effective prohibition of the transfer of all nuclear-related equipment, information, material and facilities, resources or devices, and the extension of know-how or any kind of assistance in the nuclear, scientific or technological fields to Israel, as long as it remains a non-party to the Treaty and has not placed all its nuclear facilities under the IAEA full-scope safeguards.</s>
      </p>
      <p id="20">
        <s id="20:1" lang="en">13. The Group of Non-Aligned States Parties to the Treaty also calls for the total and complete prohibition of the transfer, by any State, of all nuclear-related equipment, information, material and facilities, resources or devices and the extension of assistance in the nuclear-related scientific or technological fields to Israel.</s>
        <s id="20:2" lang="en">In this regard, the Group expresses its serious concern over Israeli scientists&apos; continued access to the nuclear facilities of one nuclear-weapon State, which has potentially serious negative implications on the security of the region as well as the reliability of the global non-proliferation regime.</s>
      </p>
      <p id="21">
        <s id="21:1" lang="en">14. The Group of Non-Aligned States Parties to the Treaty reaffirms once again its determination to extend fullest cooperation and to exert utmost efforts with a view to ensuring the early establishment in the Middle East of a zone free of nuclear weapons.</s>
      </p>
      <p id="22">
        <s id="22:1" lang="en">15. The Group of Non-Aligned States Parties to the Treaty underlines that the Preparatory Committee should substantially focus on the Middle East by devoting sufficient time within the indicative timetable and giving all speakers the full opportunity to thereby engage in a substantive debate.</s>
        <s id="22:2" lang="en">The Group further recalls that the 2000 and 2010 Review Conferences stipulated that all States parties to the Treaty, particularly the nuclear-weapon States, the States of the Middle East and other interested States, should report through the Secretariat to the President of the Review Conference, as well as the Chairs of its Preparatory Committee meetings, on the steps that they have taken to promote the achievement of such a zone and the realization of the goals and objectives of the 1995 Resolution on the Middle East.</s>
        <s id="22:3" lang="en">The Group further recalls that the 2010 Review Conference requested the facilitator to report to the 2015 Review Conference and its Preparatory Committee meetings.</s>
      </p>
      <p id="23">
        <s id="23:1" lang="en">16. In this regard, the Group of Non-Aligned States Parties to the Treaty emphasizes the importance of submitting required reports by all States parties to the Treaty, in particular the co-sponsors of the 1995 Resolution, as well as the facilitator of the 2012 conference.</s>
        <s id="23:2" lang="en">It is essential that the Preparatory Committee for the 2015 Review Conference conduct substantive discussions on the above-mentioned reports and evaluate the fulfilment of the commitments on the Middle East, particularly implementation of the 1995 Resolution on the Middle East, as contained in the conclusions and recommendations for follow-on actions adopted by consensus at the 2010 Review Conference.</s>
      </p>
      <p id="24">
        <s id="24:1" lang="en">17. Moreover, the Group of Non-Aligned States Parties to the Treaty requests the establishment of a subsidiary body to Main Committee II of the 2015 Review Conference to assess the implementation of the Resolution on the Middle East adopted by the 1995 Review and Extension Conference and reaffirmed by the Final Document of the 2000 Review Conference, as well as the conclusions and recommendations for follow-on actions of the 2010 Review Conference of the Treaty.</s>
      </p>
      <p id="25">
        <s id="25:1" lang="en">18. The Group of Non-Aligned States Parties to the Treaty calls for the establishment of a standing committee comprising members of the Bureau of the 2015 Review Conference to follow up intersessionally on the implementation of the recommendations by the Review Conference concerning Israel&apos;s prompt accession to the Treaty on the Non-Proliferation of Nuclear Weapons and the placement of all its nuclear facilities under the IAEA full-scope safeguards, and to report to the 2020 Review Conference and its Preparatory Committee.</s>
      </p>
      <p id="26">
        <s id="26:1" lang="en">19. The Group of Non-Aligned States Parties to the Treaty stresses that, as clearly stipulated by the 2010 Review Conference, the conference on the establishment of a Middle East zone free of nuclear weapons and all other weapons of mass destruction should have been convened in the year 2012.</s>
        <s id="26:2" lang="en">In the First and Second Sessions of the Preparatory Committee in 2012 and 2013, the Group warned that any further delay in convening the 2012 conference would seriously jeopardize the overall implementation of the conclusions and recommendations for follow-on actions and would represent a major setback in this regard.</s>
        <s id="26:3" lang="en">Likewise, the Group underscored that the implementation of the 1995 Resolution on the Middle East and the convening of a successful 2012 conference are integral and essential parts of the implementation of the consensus &quot;conclusions and recommendations for follow-on actions&quot; of the 2010 Review Conference of the Treaty.</s>
      </p>
      <p id="27">
        <s id="27:1" lang="en">20. The Group of Non-Aligned States Parties to the Treaty also emphasizes, as it did in the First and Second Sessions of the Preparatory Committee, the importance of the mandated responsibility of the Secretary-General and the commitments and special responsibility of the co-sponsors of the 1995 Resolution regarding the convening of the 2012 conference.</s>
        <s id="27:2" lang="en">Accordingly, the Group calls upon them to accelerate their efforts to ensure the convening, without any further delay, of a successful conference.</s>
        <s id="27:3" lang="en">Furthermore, the Group calls upon the facilitator to exert maximum efforts for more intensive and regular consultations and coordination, in accordance with the mandate of the 2010 Review Conference, with all States of the region on all aspects of the 2012 conference.</s>
      </p>
      <p id="28">
        <s id="28:1" lang="en">21. The Group of Non-Aligned States Parties to the Treaty stresses once again the special responsibility of the nuclear-weapon States, in particular the obligations and commitments of the three depositary States of the Treaty that co-sponsored the 1995 Resolution on the Middle East, to implement the Resolution.</s>
        <s id="28:2" lang="en">Moreover, the Group considers the implementation of the practical steps adopted by the 2010 Review Conference of the Treaty on the Middle East as a collective responsibility, since the conclusions and recommendations for follow-on actions of the 2010 Review Conference had clearly stipulated that the States parties renew their resolve to undertake, individually and collectively, all necessary measures aimed at its prompt implementation, and also underlined the reaffirmation at the 2010 Review Conference by the five nuclear-weapon States of their commitment to a full implementation of the 1995 Resolution on the Middle East.</s>
      </p>
      <p id="29">
        <s id="29:1" lang="en">22. While appreciating the constructive engagement and the positive reactions from all Arab countries and the Islamic Republic of Iran towards the Conference, including the announcement of their willingness to participate in the Conference, the Group of Non-Aligned States Parties to the Treaty deplores that Israel continues to undermine the convening of the Conference by not declaring its intention to participate in it.</s>
      </p>
      <p id="30">
        <s id="30:1" lang="en">23. The Group of Non-Aligned States Parties to the Treaty, while appreciating the efforts made by the facilitator, Mr. Jaakko Laajava, and the host Government of the 2012 conference, Finland, expresses profound disappointment over the failure of Conveners to convene the conference in 2012 as scheduled.</s>
        <s id="30:2" lang="en">The failure to convene the conference in 2012 contradicts and violates the collective agreement of the States parties contained in &quot;Conclusions and recommendations for follow-on actions&quot; adopted by the 2010 Review Conference of the Treaty and contravenes the letter and spirit of the 1995 Resolution on the Middle East.</s>
        <s id="30:3" lang="en">Furthermore, the Group strongly rejects the alleged impediments cited by Conveners for not convening the conference on schedule, and expresses serious concern that the third session of the Preparatory Committee for the 2015 Review Conference of the Treaty is meeting while the Conference has not been convened yet.</s>
      </p>
      <p id="31">
        <s id="31:1" lang="en">24. The Group of Non-Aligned States Parties to the Treaty urges the Conveners -- the United Nations Secretary-General, the United States of America, the United Kingdom of Great Britain and Northern Ireland and the Russian Federation -- in accordance with the mandate entrusted to them by the Conclusions and recommendations for follow-on actions of the 2010 Review Conference of the Treaty, to convene the Conference without any further delay in order to avoid any negative repercussions on the credibility of the Treaty, its 2015 Review process and the nuclear disarmament and non-proliferation regime as a whole.</s>
        <s id="31:2" lang="en">The Group calls on the facilitator to intensify consultations with all capitals in the region and to exert maximum efforts to that end.</s>
      </p>
      <p id="32">
        <s id="32:1" lang="en">25. The Group of Non-Aligned States Parties to the Treaty underscores that efforts, by the Conveners and the Facilitator, related to the Conference should be undertaken in accordance with the mandate contained in &quot;Conclusions and recommendations for follow-on actions&quot; adopted by the 2010 Review Conference of the Treaty, and should be focused on convening the Conference at the earliest date in 2014 and on seeking out in advance, by the Conveners and the Facilitator of the Conference, credible assurances regarding the unconditional participation of Israel, the only country of the region that has not declared its participation in the Conference.</s>
      </p>
      <p id="33">
        <s id="33:1" lang="en">26. The Group of Non-Aligned States Parties to the Treaty reaffirms the need for the speedy establishment of a nuclear-weapon-free zone in the Middle East in accordance with Security Council resolution 487 (1981) and paragraph 14 of Security Council resolution 687 (1991) and the relevant General Assembly resolutions adopted by consensus.</s>
        <s id="33:2" lang="en">The Group is also of the view that the Conference should lead, without further delay, to the universal adherence to the Treaty in the Middle East and the establishment of a Middle East zone free of nuclear weapons and all other weapons of mass destruction, and to preserve the credibility of the Treaty.</s>
      </p>
      <p id="34">
        <s id="34:1" lang="en">27. The Group of Non-Aligned States Parties to the Treaty is determined to continue pursuing, as a matter of high priority, the implementation of the 1995 Resolution on the Middle East and section IV of the &quot;Conclusions and recommendations for follow-on actions&quot; of the 2010 Review Conference of the Treaty.</s>
        <s id="34:2" lang="en">In this regard, the Group urges all States parties, in this session of the Preparatory Committee, to shoulder their responsibility in order to prevent further negative repercussions of not implementing the 1995 Resolution on the Middle East and section IV, including the convening of the Conference, as mandated by the 2010 Review Conference of the Treaty.</s>
      </p>
    </body>
  </text>
</TEI.2>
