<?xml version="1.0" encoding="utf-8"?>
<TEI.2>
  <teiHeader>
    <fileDesc>
      <titleStmt>
        <title>The United Nations Parallel Corpus v1.0 - NPT/CONF.2015/PC.III/WP.37</title>
      </titleStmt>
      <publicationStmt>
        <publisher>United Nations DGACM</publisher>
        <pubPlace>New York</pubPlace>
        <date>20140425</date>
        <idno type="symbol">NPT/CONF.2015/PC.III/WP.37</idno>
        <idno type="jobno">N1431232</idno>
        <availability>
          <p>The following disclaimer, an integral part of the United Nations Parallel Corpus v1.0, 
             shall be respected in regard to the Corpus v1.0 (no other restrictions apply):</p>

          <p>The United Nations Parallel Corpus is made available without warranty of any kind, 
             explicit or implied. The United Nations specifically makes no warranties or 
             representations as to the accuracy or completeness of the information contained in 
             the United Nations corpus.</p>

          <p>Under no circumstances shall the United Nations be liable for any loss, liability,
             injury or damage incurred or suffered that is claimed to have resulted from the use
             of the United Nations Corpus. The use of the United Nations Corpus is at the user's 
             sole risk. The user specifically acknowledges and agrees that the United Nations is 
             not liable for the conduct of any user. If the user is dissatisfied with any of the 
             material provided in the United Nations Corpus, the users's sole and exclusive remedy 
             is to discontinue using the United Nations Corpus.</p>

          <p>When using the United Nations Corpus, the user must acknowledge the United Nations as the
             source of the information. For references, please use this reference:
             Ziemski, M., Junczys-Dowmunt, M., and Pouliquen, B. (2016) The United Nations
             Parallel Corpus, Language Resources and Evaluation (LREC’16), Portorož, Slovenia, 
             May 2016.</p>

          <p>Nothing herein shall constitute or be considered to be a limitation upon or waiver,
             express or implied, of the privileges and immunities of the United Nations, which
             are specifically reserved.</p>
        </availability>
        <distributor>http://conferences.unite.un.org/UNCorpus</distributor>
      </publicationStmt>
      <sourceDesc>
        <p>http://www.un.org/en/official-documents-system-search/index.html</p>
      </sourceDesc>
    </fileDesc>
    <profileDesc>
      <langUsage>
        <language ident="en">English</language>
      </langUsage>
    </profileDesc>
  </teiHeader>
  <text>
    <body>
      <p id="1">
        <s id="1:1" lang="en">Third session</s>
      </p>
      <p id="2">
        <s id="2:1" lang="en">New York, 28 April-9 May 2014</s>
      </p>
      <p id="3">
        <s id="3:1" lang="en">Procedures in relation to exports of nuclear materials and certain categories of equipment and material in relation to article III (2) of the Treaty on the Non-Proliferation of Nuclear Weapons</s>
      </p>
      <p id="4">
        <s id="4:1" lang="en">Working paper submitted by Argentina, Australia, Austria, Belgium, Bulgaria, Canada, China, Croatia, the Czech Republic, Denmark, Finland, France, Germany, Greece, Hungary, Ireland, Italy, Japan, Luxembourg, the Netherlands, New Zealand, Norway, Poland, Portugal, the Republic of Korea, Romania,</s>
      </p>
      <p id="5">
        <s id="5:1" lang="en">the Russian Federation, Slovakia, Slovenia, South Africa, Spain, Sweden, Switzerland, Turkey, Ukraine, the United Kingdom of Great Britain and Northern Ireland and the United States of America as members of the Zangger Committee and Bosnia and Herzegovina, Costa Rica, Cyprus, Estonia, Malta, Montenegro,</s>
      </p>
      <p id="6">
        <s id="6:1" lang="en">the Republic of Moldova and the former Yugoslav Republic of Macedonia as additional co-sponsors</s>
      </p>
      <p id="7">
        <s id="7:1" lang="en">The co-sponsors propose to include the following language in the final document of the 2015 Review Conference of the Parties to the Treaty on the</s>
      </p>
      <p id="8">
        <s id="8:1" lang="en">Non-Proliferation of Nuclear Weapons:</s>
      </p>
      <p id="9">
        <s id="9:1" lang="en">(a) The Preparatory Committee notes that a number of States parties meet regularly in an informal group known as the Zangger Committee, in order to coordinate their implementation of article III, paragraph 2, of the Treaty related to the supply of nuclear material and equipment.</s>
        <s id="9:2" lang="en">To this end, these States parties have adopted two memoranda, A and B, including a list of items triggering International Atomic Energy Agency (IAEA) safeguards, for their exports to non-nuclear-weapon States not parties to the Treaty, as set forth in IAEA document INFCIRC/209 as amended.</s>
        <s id="9:3" lang="en">The Zangger Committee&apos;s memoranda also relate to exports to</s>
      </p>
      <p id="10">
        <s id="10:1" lang="en">non-nuclear-weapon States parties to the Treaty insofar as the recipient State should recognize the items on the procedures and criteria from article III, paragraph 2, of the Treaty as a basis for its own export control decisions, including re-exports;</s>
      </p>
      <p id="11">
        <s id="11:1" lang="en">(b) The Preparatory Committee endorses the importance of the Zangger Committee as guidance for States parties in meeting their obligation under article III, paragraph 2, of the Treaty and invites all States to adopt the memoranda of the Zangger Committee as minimal standards in connection with any nuclear</s>
      </p>
      <p id="12">
        <s id="12:1" lang="en">co-operation;</s>
      </p>
      <p id="13">
        <s id="13:1" lang="en">(c) The Preparatory Committee recommends that the list of items triggering IAEA safeguards and the procedures for implementation, in accordance with article III, paragraph 2, of the Treaty, be reviewed from time to time to take into account advances in technology, the proliferation sensitivity and changes in procurement practices;</s>
      </p>
      <p id="14">
        <s id="14:1" lang="en">(d) The Preparatory Committee urges the Zangger Committee to share its experience on export controls, so that States may draw on the arrangements of its memoranda.</s>
      </p>
    </body>
  </text>
</TEI.2>
