<?xml version="1.0" encoding="utf-8"?>
<TEI.2>
  <teiHeader>
    <fileDesc>
      <titleStmt>
        <title>The United Nations Parallel Corpus v1.0 - NPT/CONF.2015/PC.III/WP.34</title>
      </titleStmt>
      <publicationStmt>
        <publisher>United Nations DGACM</publisher>
        <pubPlace>New York</pubPlace>
        <date>20140425</date>
        <idno type="symbol">NPT/CONF.2015/PC.III/WP.34</idno>
        <idno type="jobno">N1431085</idno>
        <availability>
          <p>The following disclaimer, an integral part of the United Nations Parallel Corpus v1.0, 
             shall be respected in regard to the Corpus v1.0 (no other restrictions apply):</p>

          <p>The United Nations Parallel Corpus is made available without warranty of any kind, 
             explicit or implied. The United Nations specifically makes no warranties or 
             representations as to the accuracy or completeness of the information contained in 
             the United Nations corpus.</p>

          <p>Under no circumstances shall the United Nations be liable for any loss, liability,
             injury or damage incurred or suffered that is claimed to have resulted from the use
             of the United Nations Corpus. The use of the United Nations Corpus is at the user's 
             sole risk. The user specifically acknowledges and agrees that the United Nations is 
             not liable for the conduct of any user. If the user is dissatisfied with any of the 
             material provided in the United Nations Corpus, the users's sole and exclusive remedy 
             is to discontinue using the United Nations Corpus.</p>

          <p>When using the United Nations Corpus, the user must acknowledge the United Nations as the
             source of the information. For references, please use this reference:
             Ziemski, M., Junczys-Dowmunt, M., and Pouliquen, B. (2016) The United Nations
             Parallel Corpus, Language Resources and Evaluation (LREC’16), Portorož, Slovenia, 
             May 2016.</p>

          <p>Nothing herein shall constitute or be considered to be a limitation upon or waiver,
             express or implied, of the privileges and immunities of the United Nations, which
             are specifically reserved.</p>
        </availability>
        <distributor>http://conferences.unite.un.org/UNCorpus</distributor>
      </publicationStmt>
      <sourceDesc>
        <p>http://www.un.org/en/official-documents-system-search/index.html</p>
      </sourceDesc>
    </fileDesc>
    <profileDesc>
      <langUsage>
        <language ident="en">English</language>
      </langUsage>
    </profileDesc>
  </teiHeader>
  <text>
    <body>
      <p id="1">
        <s id="1:1" lang="en">Third session</s>
      </p>
      <p id="2">
        <s id="2:1" lang="en">New York, 28 April-9 May 2014</s>
      </p>
      <p id="3">
        <s id="3:1" lang="en">Efforts to strengthen nuclear security</s>
      </p>
      <p id="4">
        <s id="4:1" lang="en">Working paper submitted by the European Union</s>
      </p>
      <p id="5">
        <s id="5:1" lang="en">1. Nuclear safety and security have always been absolute priorities for the European Union and its member States.</s>
        <s id="5:2" lang="en">Historically, the European Union member States have identified these topics as the cornerstone of all the work programmes of the European Atomic Energy Community (EURATOM) since its establishment in 1958.</s>
        <s id="5:3" lang="en">The recent nuclear accident at Fukushima, Japan, in 2011 has brought nuclear energy into the public spotlight and has brought a worldwide renewed focus in the areas of nuclear safety, nuclear security and emergency preparedness.</s>
      </p>
      <p id="6">
        <s id="6:1" lang="en">2. The present working paper describes recent European Union achievements and priorities in the security field, in particular the main developments which have occurred since 2010.</s>
      </p>
      <p id="7">
        <s id="7:1" lang="en">3. The European Union Common Foreign and Security Policy, the European Security Strategy (2003), the European Union Strategy against Proliferation of Weapons of Mass Destruction, the European Union Counter-Terrorism Strategy (2005) and the New Lines for Action by the European Union in Combating the Proliferation of Weapons of Mass Destruction and their Delivery Systems, endorsed in 2008, together reinforce the European Union encouragement of robust nuclear security.</s>
        <s id="7:2" lang="en">In line with Security Council resolution 1540 (2004) and the European Union Strategy against Proliferation of Weapons of Mass Destruction, the European Union requires the insertion of non-proliferation clauses into all its agreements with third countries.</s>
        <s id="7:3" lang="en">The accession of EURATOM to the amended Convention on the Physical Protection of Nuclear Material was approved by the Council of the European Union in 2007, and ratification is expected to be completed soon by all member States and EURATOM.</s>
      </p>
      <p id="8">
        <s id="8:1" lang="en">4. The European Union encourages an international focus on nuclear security, including by its member States, through better cooperation with the International Atomic Energy Agency (IAEA), and continues its support for the programmes of the Global Partnership Against the spread of Weapons and Materials of Mass Destruction, as well as for the implementation of Security Council resolution 1540 (2004).</s>
        <s id="8:2" lang="en">The European Union contributes actively to the Global Initiative to Combat Nuclear Terrorism, including the working groups of the Implementation and Assessment Group.</s>
        <s id="8:3" lang="en">The European Union is one of the biggest contributors to the IAEA Nuclear Security Fund, with more than Euro40 million provided since 2004, in addition to voluntary contributions made individually by some of its member States.</s>
        <s id="8:4" lang="en">The latest Council Decision on the Union&apos;s support for activities of IAEA in the areas of nuclear security and verification, of 21 October 2013, provides Euro8.05 million to support nuclear security measures in third countries.</s>
        <s id="8:5" lang="en">Cooperation in the field of nuclear security has also been enhanced with our major partners.</s>
      </p>
      <p id="9">
        <s id="9:1" lang="en">5. Through EURATOM, the European Union also operates an effective regional nuclear safeguards system, implementing inspections, reporting and providing technical and scientific support to its member States in close partnership with IAEA.</s>
        <s id="9:2" lang="en">This resulted in the reaching of the &quot;broader conclusion&quot; of credible assurance of the absence of undeclared nuclear material and activities, and in the achievement</s>
      </p>
      <p id="10">
        <s id="10:1" lang="en">of integrated safeguards, in all European Union non-nuclear-weapon States.</s>
      </p>
      <p id="11">
        <s id="11:1" lang="en">6. The EURATOM Treaty can be used as a model of excellence by other regions worldwide interested in applying the concept of &quot;neighbours checking neighbours&quot;.</s>
        <s id="11:2" lang="en">At the same time, the European Union implements a system of assurance of supply through its EURATOM Supply Agency.</s>
        <s id="11:3" lang="en">This model is consistent with the recent development of the &quot;multilateral nuclear approach&quot; concept.</s>
      </p>
      <p id="12">
        <s id="12:1" lang="en">7. In that framework, European Union efforts were undertaken, inter alia, in the following areas:</s>
      </p>
      <p id="13">
        <s id="13:1" lang="en">(a) Support for States of the Commonwealth of Independent States,</s>
      </p>
      <p id="14">
        <s id="14:1" lang="en">South-East Asia, the Mediterranean Basin, Central Asia and Central Africa in the fields of border monitoring, nuclear forensics and anti-nuclear and radioactive trafficking action (including through the deployment of detection equipment), especially through the Technical Assistance to the Commonwealth of Independent States and Georgia and Instrument for Stability programmes, and the organization of training, tabletop exercises and online platforms for training for the States mentioned above, especially through the Joint Research Centre and European Union CBRN (chemical, biological, radiological and nuclear) Centres of Excellence;</s>
      </p>
      <p id="15">
        <s id="15:1" lang="en">(b) The development of European Union CBRN Centres of Excellence that currently regroup 44 partner States through the Instrument for Stability.</s>
        <s id="15:2" lang="en">They help the beneficiary States to implement coordinated regional strategies for the mitigation of and preparedness against CBRN-related risks.</s>
        <s id="15:3" lang="en">A total of Euro156 million is allocated to these Centres for the period 2014-2020.</s>
      </p>
      <p id="16">
        <s id="16:1" lang="en">8. In the area of combating illicit trafficking of nuclear and radiological materials, significant progress has been made in recent years, both through the implementation of a European Union internal action plan on chemical, biological, radiological and nuclear security and through outreach activities of the European Union under the Instrument for Pre-Accession Assistance, the Instrument for Nuclear Safety Cooperation and the Instrument for Stability, with the latter delivering the recently created CBRN Centres of Excellence.</s>
      </p>
      <p id="17">
        <s id="17:1" lang="en">9. These approaches are in line with the recent conclusions of the IAEA &quot;International Conference on Nuclear Security: Enhancing Global Efforts&quot;, held in Vienna from 1 to 5 July 2013, and the Nuclear Security Summit process.</s>
      </p>
      <p id="18">
        <s id="18:1" lang="en">10. The European Union and its member States have developed particular expertise in the forensic analysis of nuclear and radioactive materials, and have implemented training programmes for first front-line responders and national experts in the detection and identification of nuclear materials.</s>
        <s id="18:2" lang="en">Special mention should be made of the Nuclear Forensics International Technical Working Group.</s>
      </p>
      <p id="19">
        <s id="19:1" lang="en">11. The export control of dual-use items is indirectly related to nuclear security, in the sense that it contributes to the non-proliferation of nuclear weapons and their means of delivery.</s>
        <s id="19:2" lang="en">The European Union has continued to develop its common regulatory framework, in the form of its European Union Dual-Use Regulation, and to enhance its implementation.</s>
      </p>
      <p id="20">
        <s id="20:1" lang="en">12. Following the Fukushima nuclear accident in 2011, the European Council underlined the need to draw fully on the lessons to be learned, in particular with regard to on-site emergency preparedness and response.</s>
        <s id="20:2" lang="en">European Union member States therefore undertook a comprehensive reassessment programme (&quot;stress tests&quot;) of all nuclear power reactors to ensure that they are not at risk of similar extreme events.</s>
        <s id="20:3" lang="en">The assessments were carried out between 2011 and 2012 in the member States that operate nuclear power plants and also, on a voluntary basis, in European Union neighbouring countries operating, owning or planning to build nuclear power plants.</s>
        <s id="20:4" lang="en">The output from these stress tests yielded important lessons in the prevention and management of these types of severe accidents, and all European Union member States developed and committed to delivering an action plan to implement measures to address the findings of the stress tests.</s>
        <s id="20:5" lang="en">Additionally, the European Union nuclear safety Directive of 2009 is currently being discussed by the Council of the European Union to consider possible amendments to strengthen the Directive, in particular with respect to the independence of national regulators; nuclear safety objectives; topical peer reviews; transparency; and the provisions for on-site emergency preparedness and response.</s>
      </p>
      <p id="21">
        <s id="21:1" lang="en">13. Synergies between safety and security are possible, in particular in the area of emergency preparedness and risk mitigation, although both fields follow largely different purposes: while safety is founded on the principle of transparency, security is a fully sovereign competence of States based on confidentiality.</s>
        <s id="21:2" lang="en">For future installations, it will be important to address safety and security concerns from</s>
      </p>
      <p id="22">
        <s id="22:1" lang="en">the start, at the conception and design phase, to provide robust response to both types of threats.</s>
      </p>
      <p id="23">
        <s id="23:1" lang="en">14. In the area of emergency preparedness, the European Union continues to rely upon its information exchange and reporting mechanisms: the European Community Urgent Radiological Information Exchange and the European Radiological Data Exchange Platform.</s>
        <s id="23:2" lang="en">The data standards developed for the European Radiological Data Exchange Platform have been taken over by IAEA to serve as worldwide reporting mechanisms.</s>
      </p>
      <p id="24">
        <s id="24:1" lang="en">15. The Union Civil Protection Mechanism continues to facilitate the expression of practical European solidarity towards countries affected by a disaster which is overwhelming their response capacity, including radiological and nuclear incidents.</s>
        <s id="24:2" lang="en">Reinforced in December 2013, the Mechanism now involves the Emergency Response Coordination Centre and the European Emergency Response Capacity, which can effectively contribute to supporting increased preparedness at the European level as regards the consequence management of radiological incidents or nuclear accidents.</s>
        <s id="24:3" lang="en">It will be important that these mechanisms are strongly aligned with those of IAEA to ensure no duplication of resources.</s>
      </p>
      <p id="25">
        <s id="25:1" lang="en">16. Recognizing this progress, the European Union continues to encourage</s>
      </p>
      <p id="26">
        <s id="26:1" lang="en">the further enhancement of nuclear security and to strengthen its commitment in</s>
      </p>
      <p id="27">
        <s id="27:1" lang="en">this field.</s>
      </p>
    </body>
  </text>
</TEI.2>
