<?xml version="1.0" encoding="utf-8"?>
<TEI.2>
  <teiHeader>
    <fileDesc>
      <titleStmt>
        <title>The United Nations Parallel Corpus v1.0 - NPT/CONF.2015/PC.III/WP.35</title>
      </titleStmt>
      <publicationStmt>
        <publisher>United Nations DGACM</publisher>
        <pubPlace>New York</pubPlace>
        <date>20140425</date>
        <idno type="symbol">NPT/CONF.2015/PC.III/WP.35</idno>
        <idno type="jobno">N1431166</idno>
        <availability>
          <p>The following disclaimer, an integral part of the United Nations Parallel Corpus v1.0, 
             shall be respected in regard to the Corpus v1.0 (no other restrictions apply):</p>

          <p>The United Nations Parallel Corpus is made available without warranty of any kind, 
             explicit or implied. The United Nations specifically makes no warranties or 
             representations as to the accuracy or completeness of the information contained in 
             the United Nations corpus.</p>

          <p>Under no circumstances shall the United Nations be liable for any loss, liability,
             injury or damage incurred or suffered that is claimed to have resulted from the use
             of the United Nations Corpus. The use of the United Nations Corpus is at the user's 
             sole risk. The user specifically acknowledges and agrees that the United Nations is 
             not liable for the conduct of any user. If the user is dissatisfied with any of the 
             material provided in the United Nations Corpus, the users's sole and exclusive remedy 
             is to discontinue using the United Nations Corpus.</p>

          <p>When using the United Nations Corpus, the user must acknowledge the United Nations as the
             source of the information. For references, please use this reference:
             Ziemski, M., Junczys-Dowmunt, M., and Pouliquen, B. (2016) The United Nations
             Parallel Corpus, Language Resources and Evaluation (LREC’16), Portorož, Slovenia, 
             May 2016.</p>

          <p>Nothing herein shall constitute or be considered to be a limitation upon or waiver,
             express or implied, of the privileges and immunities of the United Nations, which
             are specifically reserved.</p>
        </availability>
        <distributor>http://conferences.unite.un.org/UNCorpus</distributor>
      </publicationStmt>
      <sourceDesc>
        <p>http://www.un.org/en/official-documents-system-search/index.html</p>
      </sourceDesc>
    </fileDesc>
    <profileDesc>
      <langUsage>
        <language ident="en">English</language>
      </langUsage>
    </profileDesc>
  </teiHeader>
  <text>
    <body>
      <p id="1">
        <s id="1:1" lang="en">Third session</s>
      </p>
      <p id="2">
        <s id="2:1" lang="en">New York, 28 April-9 May 2014</s>
      </p>
      <p id="3">
        <s id="3:1" lang="en">Chair&apos;s summary: second Conference on the Humanitarian Impact of Nuclear Weapons</s>
      </p>
      <p id="4">
        <s id="4:1" lang="en">Nayarit, Mexico, 14 February 2014</s>
      </p>
      <p id="5">
        <s id="5:1" lang="en">Working paper submitted by Mexico</s>
      </p>
      <p id="6">
        <s id="6:1" lang="en">1. Delegations representing 146 States, the United Nations, the International Committee of the Red Cross, the International Red Cross and Red Crescent Movement and civil society organizations participated in the second Conference on the Humanitarian Impact of Nuclear Weapons, which was held in Nayarit, Mexico, on 13 and 14 February 2014, to discuss the global and long-term consequences of any nuclear detonation, accidental or deliberate, from the perspective and concerns of twenty-first century society, including areas such as public health, humanitarian assistance, the economy, development and environmental issues, climate change, food security and risk management.</s>
      </p>
      <p id="7">
        <s id="7:1" lang="en">2. From the Chair&apos;s view, the broad and active participation of States and civil society reflects global concern regarding the effects of nuclear weapons, as well as increasing recognition that this is an issue of the utmost importance to all peoples in the world.</s>
      </p>
      <p id="8">
        <s id="8:1" lang="en">3. The Conference held in Nayarit expresses its gratitude for the participation of the victims and survivors of the Hiroshima and Nagasaki attacks, as well as for the references made to the victims of nuclear tests.</s>
      </p>
      <p id="9">
        <s id="9:1" lang="en">4. The Nayarit Conference succeeded in presenting a facts-based approach to facilitate an informed discussion of these effects.</s>
        <s id="9:2" lang="en">Some key conclusions can be extracted from the presentations and discussion:</s>
      </p>
      <p id="10">
        <s id="10:1" lang="en">:: The effects of a nuclear weapon detonation are not constrained by national borders -- it is therefore an issue of deep concern shared by all.</s>
      </p>
      <p id="11">
        <s id="11:1" lang="en">:: Beyond the immediate death and destruction caused by a detonation, socioeconomic development will be hampered and the environment will be damaged.</s>
        <s id="11:2" lang="en">Suffering will be widespread, with the poor and vulnerable most severely affected.</s>
      </p>
      <p id="12">
        <s id="12:1" lang="en">:: The reconstruction of infrastructure and the regeneration of economic activities, trade, communications, health facilities and schools would take several decades, causing profound social and political harm.</s>
      </p>
      <p id="13">
        <s id="13:1" lang="en">:: Radiation exposure could result in short- and long-term negative effects on every organ of the human body and would increase cancer risks and future hereditary pathologies.</s>
      </p>
      <p id="14">
        <s id="14:1" lang="en">:: Today, the risk of nuclear weapons use is growing globally as a consequence of proliferation, the vulnerability of nuclear command and control networks to cyberattacks and to human error, and the potential access to nuclear weapons by non-State actors, in particular terrorist groups.</s>
      </p>
      <p id="15">
        <s id="15:1" lang="en">:: As more countries deploy more nuclear weapons on higher levels of combat readiness, the risk of accidental, mistaken, unauthorized or intentional use of these weapons grows significantly.</s>
      </p>
      <p id="16">
        <s id="16:1" lang="en">:: It is a fact that no State or international organization has the capacity to address or provide the short- and long-term humanitarian assistance and protection that would be needed in the event of a nuclear weapon explosion.</s>
        <s id="16:2" lang="en">Moreover, it would not be possible to establish such capacities, even if attempted.</s>
      </p>
      <p id="17">
        <s id="17:1" lang="en">5. Since the Nayarit Conference is a follow-up to the first Conference on the Humanitarian Impact of Nuclear Weapons (held in Oslo in March 2013), the above conclusions build upon those reached in Oslo.</s>
      </p>
      <p id="18">
        <s id="18:1" lang="en">6. The wide range of damage and negative impact of a potential nuclear explosion, as well as the vast resources allocated to maintain and modernize nuclear arsenals, make the mere existence of these weapons absurd and raise questions about the arguments in their defence; ultimately they are contrary to human dignity.</s>
      </p>
      <p id="19">
        <s id="19:1" lang="en">7. It is the Chair&apos;s perception that awareness of the humanitarian impact of nuclear weapons is already changing the hearts and minds worldwide of those engaging in discussions concerning nuclear weapons.</s>
      </p>
      <p id="20">
        <s id="20:1" lang="en">8. Actions such as the entry into force of the Comprehensive Nuclear-Test-Ban Treaty as a core element of the international nuclear disarmament and</s>
      </p>
      <p id="21">
        <s id="21:1" lang="en">non-proliferation regime, and the achievement of a comprehensive outcome at the 2015 Review Conference of the Parties to the Treaty on the Non-Proliferation of Nuclear Weapons, together with the discussions on the humanitarian impact of nuclear weapons, are mutually reinforcing processes.</s>
      </p>
      <p id="22">
        <s id="22:1" lang="en">9. When it comes to the total elimination of nuclear weapons, no efforts are small.</s>
        <s id="22:2" lang="en">In this regard, many delegations underscored the positive impulse provided by the high-level meeting of the General Assembly on nuclear disarmament held in 2013.</s>
      </p>
      <p id="23">
        <s id="23:1" lang="en">10. The Chair expresses deep gratitude to civil society for its involvement and input in the Nayarit Conference, and calls on all Governments to forge new and renewed multisectoral partnerships with civil society to work towards mutually beneficial objectives.</s>
      </p>
      <p id="24">
        <s id="24:1" lang="en">11. The Chair warmly welcomes Austria&apos;s offer to host the third Conference on the Humanitarian Impact of Nuclear Weapons.</s>
        <s id="24:2" lang="en">This offer was received with great support from participants as a follow-up to Oslo and Nayarit, with a view to building up the momentum, anchoring these conclusions and taking them forward.</s>
        <s id="24:3" lang="en">As expressed by many delegations, the Conference reiterates the invitation to nuclear-weapon States and States not parties to the Treaty to participate in the third Conference in Austria.</s>
      </p>
      <p id="25">
        <s id="25:1" lang="en">12. In doing so, we need to take into account that, in the past, weapons have been eliminated after they were outlawed.</s>
        <s id="25:2" lang="en">We believe that this is the path to achieving a world without nuclear weapons.</s>
      </p>
      <p id="26">
        <s id="26:1" lang="en">13. In our view, this is consistent with our obligations under international law, including those derived from the Treaty, as well as from common article 1 to the Geneva Conventions.</s>
      </p>
      <p id="27">
        <s id="27:1" lang="en">14. The broad-based and comprehensive discussions on the humanitarian impact of nuclear weapons should lead to the commitment of States and civil society to reach new international standards and norms, through a legally binding instrument.</s>
      </p>
      <p id="28">
        <s id="28:1" lang="en">15. It is the view of the Chair that the Nayarit Conference has shown that the time has come to initiate a diplomatic process conducive to this goal.</s>
        <s id="28:2" lang="en">Our belief is that this process should comprise a specific time frame, the definition of the most appropriate forums and a clear and substantive framework, making the humanitarian impact of nuclear weapons the essence of disarmament efforts.</s>
      </p>
      <p id="29">
        <s id="29:1" lang="en">16. It is time to take action.</s>
        <s id="29:2" lang="en">The seventieth anniversary of the Hiroshima and Nagasaki attacks is the appropriate milestone to achieve our goal.</s>
        <s id="29:3" lang="en">Nayarit is a point of no return.</s>
      </p>
    </body>
  </text>
</TEI.2>
