<?xml version="1.0" encoding="utf-8"?>
<TEI.2>
  <teiHeader>
    <fileDesc>
      <titleStmt>
        <title>The United Nations Parallel Corpus v1.0 - NPT/CONF.2015/PC.III/WP.33</title>
      </titleStmt>
      <publicationStmt>
        <publisher>United Nations DGACM</publisher>
        <pubPlace>New York</pubPlace>
        <date>20140424</date>
        <idno type="symbol">NPT/CONF.2015/PC.III/WP.33</idno>
        <idno type="jobno">N1430898</idno>
        <availability>
          <p>The following disclaimer, an integral part of the United Nations Parallel Corpus v1.0, 
             shall be respected in regard to the Corpus v1.0 (no other restrictions apply):</p>

          <p>The United Nations Parallel Corpus is made available without warranty of any kind, 
             explicit or implied. The United Nations specifically makes no warranties or 
             representations as to the accuracy or completeness of the information contained in 
             the United Nations corpus.</p>

          <p>Under no circumstances shall the United Nations be liable for any loss, liability,
             injury or damage incurred or suffered that is claimed to have resulted from the use
             of the United Nations Corpus. The use of the United Nations Corpus is at the user's 
             sole risk. The user specifically acknowledges and agrees that the United Nations is 
             not liable for the conduct of any user. If the user is dissatisfied with any of the 
             material provided in the United Nations Corpus, the users's sole and exclusive remedy 
             is to discontinue using the United Nations Corpus.</p>

          <p>When using the United Nations Corpus, the user must acknowledge the United Nations as the
             source of the information. For references, please use this reference:
             Ziemski, M., Junczys-Dowmunt, M., and Pouliquen, B. (2016) The United Nations
             Parallel Corpus, Language Resources and Evaluation (LREC’16), Portorož, Slovenia, 
             May 2016.</p>

          <p>Nothing herein shall constitute or be considered to be a limitation upon or waiver,
             express or implied, of the privileges and immunities of the United Nations, which
             are specifically reserved.</p>
        </availability>
        <distributor>http://conferences.unite.un.org/UNCorpus</distributor>
      </publicationStmt>
      <sourceDesc>
        <p>http://www.un.org/en/official-documents-system-search/index.html</p>
      </sourceDesc>
    </fileDesc>
    <profileDesc>
      <langUsage>
        <language ident="en">English</language>
      </langUsage>
    </profileDesc>
  </teiHeader>
  <text>
    <body>
      <p id="1">
        <s id="1:1" lang="en">Third session</s>
      </p>
      <p id="2">
        <s id="2:1" lang="en">New York, 28 April-9 May 2014</s>
      </p>
      <p id="3">
        <s id="3:1" lang="en">Joint statement of the P5 Beijing conference: Enhancing strategic confidence and working together to implement</s>
      </p>
      <p id="4">
        <s id="4:1" lang="en">the Non-Proliferation Treaty Review outcomes, Beijing,</s>
      </p>
      <p id="5">
        <s id="5:1" lang="en">14-15 April 2014</s>
      </p>
      <p id="6">
        <s id="6:1" lang="en">Working paper submitted by the P5</s>
      </p>
      <p id="7">
        <s id="7:1" lang="en">1. The five Nuclear Non-Proliferation Treaty nuclear-weapon States, or P5, met in Beijing on 14 and 15 April 2014, under the chairmanship of China, to build on the 2009 London, 2011 Paris, 2012 Washington, D.C. and 2013 Russian-hosted Geneva P5 conferences.</s>
        <s id="7:2" lang="en">The P5 reviewed progress towards fulfilling the commitments made at the 2010 Treaty Review Conference and continued discussions on issues related to all three pillars of the Treaty, namely, disarmament, non-proliferation and the peaceful uses of nuclear energy.</s>
        <s id="7:3" lang="en">The P5 also had a useful discussion with representatives of civil society during the conference.</s>
      </p>
      <p id="8">
        <s id="8:1" lang="en">2. The P5 reviewed significant developments made at the 2013 Preparatory Committee for the 2015 Treaty Review Conference, and in the context of the Treaty since the 2013 Geneva P5 conference.</s>
        <s id="8:2" lang="en">The P5 reaffirmed that the Treaty remains the essential cornerstone for the nuclear non-proliferation regime and the foundation for the pursuit of nuclear disarmament, and that they remain committed to strengthening the Treaty.</s>
        <s id="8:3" lang="en">They emphasized the importance of continuing to work together in implementing the action plan adopted by consensus at the 2010 Review Conference and reaffirmed their commitment to the shared goal of nuclear disarmament and general and complete disarmament, as provided for in article VI of the Treaty.</s>
        <s id="8:4" lang="en">The P5 intend to continue to seek progress on the step-by-step approach to nuclear disarmament, which is the only practical path to achieving a world without nuclear weapons, and in keeping with their Treaty obligations.</s>
      </p>
      <p id="9">
        <s id="9:1" lang="en">3. The P5 intend to strengthen their engagement to advance progress on Treaty obligations and 2010 Review Conference action plan commitments.</s>
        <s id="9:2" lang="en">The P5 advanced their previous discussions on the issues of transparency,confidence-building and verification, and welcomed the achievement under France&apos;s leadership of P5 consensus on a reporting framework.</s>
        <s id="9:3" lang="en">They introduced to each other their national reports consistent with this reporting framework and actions 5, 20 and 21 of the 2010 Review Conference Final Document, with a view to reporting to the 2014 Preparatory Committee.</s>
        <s id="9:4" lang="en">They encourage other States parties to the Treaty to submit reports, consistent with action 20 of the Final Document.</s>
      </p>
      <p id="10">
        <s id="10:1" lang="en">4. The P5 reviewed the work carried out by the Working Group on the Glossary of Key Nuclear Terms, under China&apos;s leadership, and in this regard noted the success of the Second Experts&apos; Meeting of the Working Group, held in Beijing on 26 and 27 September 2013, which established milestones for the completion of the first phase of the Glossary effort for the 2015 Review Conference.</s>
        <s id="10:2" lang="en">The progress made in this effort provides a solid foundation for the Working Group to submit its outcome on the terms currently under discussion to the 2015 Review Conference.</s>
        <s id="10:3" lang="en">The P5 stressed again the importance of this work, which is increasing mutual understanding and will facilitate further P5 discussions beyond 2015 on nuclear issues.</s>
      </p>
      <p id="11">
        <s id="11:1" lang="en">5. The P5 had an exchange of views on their nuclear doctrines, strategic stability and international security from their individual country perspectives to gain a better understanding and build strategic trust.</s>
        <s id="11:2" lang="en">They also discussed the importance of verification in achieving progress towards further disarmament and ensuring the success of non-proliferation efforts.</s>
        <s id="11:3" lang="en">The P5 welcomed briefings by the Russian Federation and the United States of America on aspects of the New START Treaty&apos;s implementation, as well as on the implementation of the Agreement Between the Government of the United States of America and the Government of the Russian Federation Concerning the Disposition of Highly Enriched Uranium Extracted From Nuclear Weapons, signed in Washington, D.C. on 18 February 1993, and its related Protocol on Highly Enriched Uranium Transparency Arrangements.</s>
        <s id="11:4" lang="en">The P5 shared further information on their respective experiences in verification and resolved to continue such exchanges.</s>
      </p>
      <p id="12">
        <s id="12:1" lang="en">6. The P5 visited the Chinese National Data Centre for the implementation of the Comprehensive Nuclear Test-Ban Treaty, as an endeavour to enhance transparency and mutual understanding.</s>
        <s id="12:2" lang="en">They recalled their commitment in the 2010 Review Conference Final Document to promote and take concrete steps towards early entry into force of the Comprehensive Nuclear Test-Ban Treaty and its universalization.</s>
        <s id="12:3" lang="en">They called upon all States to uphold their national moratoriums on nuclear weapons-test explosions or any other nuclear explosions and to refrain from acts that would defeat the object and purpose of the Treaty pending its entry into force.</s>
        <s id="12:4" lang="en">The P5 intend to continue their cooperative work to strengthen the Comprehensive Nuclear Test-Ban Treaty verification regime.</s>
        <s id="12:5" lang="en">The P5 confirmed their support for the ad referendum arrangement for collaborative work by their Comprehensive Nuclear Test-Ban Treaty technical experts towards improved critical on-site inspection techniques and technology.</s>
      </p>
      <p id="13">
        <s id="13:1" lang="en">7. The P5 supported efforts to revitalize the Conference on Disarmament and continue to be concerned with the impasse at the Conference.</s>
        <s id="13:2" lang="en">They discussed efforts to find a way forward in the Conference on Disarmament and reiterated their support for a comprehensive programme of work, which includes the immediate start of negotiations in the Conference on Disarmament on a legally binding, verifiable international ban on the production of fissile material (fissile material cut-off treaty) for use in nuclear weapons or other nuclear explosive devices on the basis of CD/1299 and the mandate contained therein.</s>
        <s id="13:3" lang="en">The P5 participated fully in the first session of the group of governmental experts on the fissile material cut-off treaty, established in General Assembly resolution 67/53, and look forward to further engagement in this group.</s>
      </p>
      <p id="14">
        <s id="14:1" lang="en">8. In reaffirming the historic contribution of the pragmatic, step-by-step process to nuclear disarmament and stressing the continued validity of this proven route, the P5 also emphasized their shared understanding of the severe consequences of nuclear weapon use and their resolve to continue to give the highest priority to avoiding such contingencies, which is in the interests of all nations.</s>
      </p>
      <p id="15">
        <s id="15:1" lang="en">9. The P5 shared their views on topical proliferation issues and remain concerned about serious challenges to the non-proliferation regime.</s>
        <s id="15:2" lang="en">They pledged to continue their efforts in different formats and at various international forums to find peaceful diplomatic solutions to the outstanding issues faced by the non-proliferation regime.</s>
        <s id="15:3" lang="en">As they did previously, and looking ahead to the 2014 Preparatory Committee, they called upon the States concerned to fulfil without delay their international obligations under the appropriate Security Council resolutions, undertakings with the International Atomic Energy Agency (IAEA) and other appropriate international commitments.</s>
      </p>
      <p id="16">
        <s id="16:1" lang="en">10. The P5 shared their views on how to prevent abuse of withdrawal from the Non-Proliferation Treaty (article X). They resolved to make efforts to broaden consensus among States parties to the Treaty on the withdrawal issue at the 2014 Preparatory Committee, thus making a further contribution to the Treaty Review Process.</s>
      </p>
      <p id="17">
        <s id="17:1" lang="en">11. The P5 reviewed their efforts to bring about the entry into force of the relevant legally binding protocols of nuclear-weapon-free zone treaties as soon as possible.</s>
        <s id="17:2" lang="en">They also reiterated their support for the early convening of a conference, to be attended by all the States of the Middle East, on the establishment of the Middle East zone free of nuclear weapons and all other weapons of mass destruction, on the basis of arrangements freely arrived at by the States of the region.</s>
      </p>
      <p id="18">
        <s id="18:1" lang="en">12. The P5 discussed issues related to strengthening the IAEA safeguards system.</s>
        <s id="18:2" lang="en">They stressed the need for strengthening IAEA safeguards, including through the promotion of the universal adoption of the Additional Protocol and the development of approaches to IAEA safeguards implementation based on objective State factors.</s>
        <s id="18:3" lang="en">The P5 also discussed the role of the nuclear-weapon-States, in conformity with the provisions of the Non-Proliferation Treaty, in assisting IAEA in cases involving possible detection of nuclear weapon programmes in non-nuclear weapon States.</s>
      </p>
      <p id="19">
        <s id="19:1" lang="en">13. The P5 noted that they are now more engaged than ever in regular interactions on disarmament, arms control and non-proliferation issues.</s>
        <s id="19:2" lang="en">The P5 pledged to continue to meet at all appropriate levels on nuclear issues to further promote dialogue and mutual confidence.</s>
        <s id="19:3" lang="en">In addition to meeting at all appropriate levels, the P5 intend to hold a sixth P5 conference.</s>
        <s id="19:4" lang="en">The P5 welcomed the offer by the United Kingdom of Great Britain and Northern Ireland to host this conference in London in 2015.</s>
      </p>
    </body>
  </text>
</TEI.2>
