<?xml version="1.0" encoding="utf-8"?>
<TEI.2>
  <teiHeader>
    <fileDesc>
      <titleStmt>
        <title>The United Nations Parallel Corpus v1.0 - NPT/CONF.2015/PC.III/WP.38</title>
      </titleStmt>
      <publicationStmt>
        <publisher>United Nations DGACM</publisher>
        <pubPlace>New York</pubPlace>
        <date>20140429</date>
        <idno type="symbol">NPT/CONF.2015/PC.III/WP.38</idno>
        <idno type="jobno">N1431622</idno>
        <availability>
          <p>The following disclaimer, an integral part of the United Nations Parallel Corpus v1.0, 
             shall be respected in regard to the Corpus v1.0 (no other restrictions apply):</p>

          <p>The United Nations Parallel Corpus is made available without warranty of any kind, 
             explicit or implied. The United Nations specifically makes no warranties or 
             representations as to the accuracy or completeness of the information contained in 
             the United Nations corpus.</p>

          <p>Under no circumstances shall the United Nations be liable for any loss, liability,
             injury or damage incurred or suffered that is claimed to have resulted from the use
             of the United Nations Corpus. The use of the United Nations Corpus is at the user's 
             sole risk. The user specifically acknowledges and agrees that the United Nations is 
             not liable for the conduct of any user. If the user is dissatisfied with any of the 
             material provided in the United Nations Corpus, the users's sole and exclusive remedy 
             is to discontinue using the United Nations Corpus.</p>

          <p>When using the United Nations Corpus, the user must acknowledge the United Nations as the
             source of the information. For references, please use this reference:
             Ziemski, M., Junczys-Dowmunt, M., and Pouliquen, B. (2016) The United Nations
             Parallel Corpus, Language Resources and Evaluation (LREC’16), Portorož, Slovenia, 
             May 2016.</p>

          <p>Nothing herein shall constitute or be considered to be a limitation upon or waiver,
             express or implied, of the privileges and immunities of the United Nations, which
             are specifically reserved.</p>
        </availability>
        <distributor>http://conferences.unite.un.org/UNCorpus</distributor>
      </publicationStmt>
      <sourceDesc>
        <p>http://www.un.org/en/official-documents-system-search/index.html</p>
      </sourceDesc>
    </fileDesc>
    <profileDesc>
      <langUsage>
        <language ident="en">English</language>
      </langUsage>
    </profileDesc>
  </teiHeader>
  <text>
    <body>
      <p id="1">
        <s id="1:1" lang="en">Third session</s>
      </p>
      <p id="2">
        <s id="2:1" lang="en">New York, 28 April-9 May 2014</s>
      </p>
      <p id="3">
        <s id="3:1" lang="en">Memorandum of the Russian Federation for the</s>
      </p>
      <p id="4">
        <s id="4:1" lang="en">2014 Nuclear Security Summit</s>
      </p>
      <p id="5">
        <s id="5:1" lang="en">Working paper submitted by the Russian Federation</s>
      </p>
      <p id="6">
        <s id="6:1" lang="en">The Russian Federation attaches great importance to the development of nuclear energy and the use of nuclear technologies for non-energy purposes.</s>
        <s id="6:2" lang="en">We believe that peaceful use of nuclear energy ensures reliable energy supply for human needs in the interests of sustainable development.</s>
      </p>
      <p id="7">
        <s id="7:1" lang="en">The International Ministerial Conference on Nuclear Power in the 21st Century, held in June 2013 in Saint Petersburg under the auspices of the International Atomic Energy Agency (IAEA) confirmed that there was a broad consensus about a wider use of nuclear energy in the world given the strict compliance with the requirements of the international non-proliferation regime and nuclear safety and security.</s>
        <s id="7:2" lang="en">We intend to continue rendering assistance to all interested States regarding the peaceful use of nuclear energy.</s>
      </p>
      <p id="8">
        <s id="8:1" lang="en">The Russian Federation fully complies with its international obligations on nuclear disarmament, nuclear non-proliferation and nuclear safety and security.</s>
      </p>
      <p id="9">
        <s id="9:1" lang="en">We appreciate the decisions of the Washington and Seoul Nuclear Security Summits and reaffirm our commitment to those decisions.</s>
      </p>
      <p id="10">
        <s id="10:1" lang="en">Global architecture of nuclear security</s>
      </p>
      <p id="11">
        <s id="11:1" lang="en">We proceed from the fundamental principle stating that the responsibility for establishing and maintaining a nuclear security regime within a State rests entirely with that State.</s>
      </p>
      <p id="12">
        <s id="12:1" lang="en">The Russian Federation is a party to all major international legal instruments in the field of nuclear security, including the International Convention for the Suppression of Acts of Nuclear Terrorism and the Convention on the Physical Protection of Nuclear Material and its 2005 Amendment.</s>
        <s id="12:2" lang="en">We believe that the universalization of these legal instruments is an integral part of strengthening nuclear security in the world.</s>
        <s id="12:3" lang="en">We call upon all States to accede to them.</s>
      </p>
      <p id="13">
        <s id="13:1" lang="en">We note that the non-participation of certain States with large inventories of nuclear materials in these fundamental international legal instruments inhibits further steps on the elaboration and adoption of new international legal documents and political commitments in the field of international cooperation on nuclear security and safety.</s>
      </p>
      <p id="14">
        <s id="14:1" lang="en">Role of the International Atomic Energy Agency</s>
      </p>
      <p id="15">
        <s id="15:1" lang="en">The Russian Federation supports IAEA activities in the field of international cooperation aimed at strengthening nuclear security in the world.</s>
        <s id="15:2" lang="en">We take note of the assistance that the Agency provides to its Member States in strengthening their national systems of accounting for and control of nuclear and other radioactive materials, the systems of nuclear safety and security.</s>
      </p>
      <p id="16">
        <s id="16:1" lang="en">Starting from 2010, the Russian Federation has been paying voluntary contributions to the IAEA Nuclear Security Fund.</s>
      </p>
      <p id="17">
        <s id="17:1" lang="en">We believe that IAEA continues to play a leading role in establishing an interaction among States and exchanging experience on nuclear security and prevention of the threat of nuclear and radiological terrorism.</s>
      </p>
      <p id="18">
        <s id="18:1" lang="en">We suppose that the IAEA International Conference on Nuclear Security: Enhancing Global Efforts held in 2013 allowed its participants to analyse the experience and achievements of the international community in the area of strengthening nuclear security, to acquire a better understanding of the approaches used in the world to ensure such security and to identify future priorities in this area.</s>
      </p>
      <p id="19">
        <s id="19:1" lang="en">The Russian Federation welcomes the IAEA Nuclear Security Plan 2014-2017 approved by the Board of Governors of the Agency, focused on strengthening the coordinating role of IAEA in ensuring nuclear security, the wide use of information technology and modern developments and rendering relevant assistance to countries at their request.</s>
      </p>
      <p id="20">
        <s id="20:1" lang="en">Accounting, control and physical protection of nuclear materials</s>
      </p>
      <p id="21">
        <s id="21:1" lang="en">We believe that the strengthening of the physical protection of nuclear materials and nuclear facilities, as well as nuclear material accounting and control are among the most essential components for ensuring nuclear security.</s>
      </p>
      <p id="22">
        <s id="22:1" lang="en">In the Russian Federation, all nuclear materials, their storage sites and associated facilities, as well as transportation of nuclear material, are protected by the relevant security measures, including physical protection, at least at the levels recommended by IAEA in INFCIRC/225/Rev.5.</s>
        <s id="22:2" lang="en">Our nuclear security regulations are being continuously perfected.</s>
      </p>
      <p id="23">
        <s id="23:1" lang="en">There are no nuclear materials or facilities in the Russian Federation the level of physical protection of which gives ground to concerns.</s>
        <s id="23:2" lang="en">An effective nuclear safety and security system has been built and is maintained in the Russian Federation.</s>
        <s id="23:3" lang="en">The accounting for nuclear material, control of its physical inventory and effectiveness of its physical protection are inspected regularly by the competent security authorities and by the nuclear energy regulatory bodies.</s>
      </p>
      <p id="24">
        <s id="24:1" lang="en">The Russian Federation constantly works on developing and updating regulatory acts in the field of physical protection, nuclear and other radioactive materials accounting and control, taking into account the accumulated national experience and the experience of other States and international organizations, including IAEA.</s>
        <s id="24:2" lang="en">In particular, in 2012, a new version of the federal norms and regulations &quot;The basic rules of accounting for and control of nuclear material&quot; was approved, imposing more specified and detailed requirements for the accounting for and control of nuclear material with due account for its category.</s>
      </p>
      <p id="25">
        <s id="25:1" lang="en">We call upon the countries participating in the Summit to develop a national system of accounting for and control of nuclear materials and to ensure their effective physical protection.</s>
      </p>
      <p id="26">
        <s id="26:1" lang="en">Security in transport</s>
      </p>
      <p id="27">
        <s id="27:1" lang="en">For more than 15 years, the Russian Federation has applied the methods for verifying the declared contents during cross-border movement of nuclear and other radioactive materials.</s>
        <s id="27:2" lang="en">We are ready to provide our support to other States concerned in mastering this technology.</s>
      </p>
      <p id="28">
        <s id="28:1" lang="en">Stationary systems have been established at our border checkpoints to exercise such control.</s>
        <s id="28:2" lang="en">Currently, we are introducing the national automated information system to control the cross-border movement of nuclear and other radioactive materials.</s>
        <s id="28:3" lang="en">In 2013, the Federal Customs Service of the Russian Federation together with IAEA twice organized international training courses on radiation detection techniques for customs service instructors and other law enforcement bodies from 15 IAEA Member States.</s>
      </p>
      <p id="29">
        <s id="29:1" lang="en">The Russian Federation is establishing an automated system of safe transport of nuclear and other radioactive materials, making it possible to locate vehicles carrying nuclear materials and assess their physical protection in real time.</s>
        <s id="29:2" lang="en">The system has significantly reduced the risk of nuclear material theft during transportation.</s>
      </p>
      <p id="30">
        <s id="30:1" lang="en">Countermeasures against the threat of nuclear terrorism</s>
      </p>
      <p id="31">
        <s id="31:1" lang="en">The Russian Federation attaches great importance to the coordination of international efforts to reduce the risk of nuclear terrorism.</s>
      </p>
      <p id="32">
        <s id="32:1" lang="en">Given that the terrorist threat is a cross-border problem, we consider it necessary to strengthen the mechanisms of multilateral and bilateral interaction in this area taking into account the need to keep nuclear security-related information confidential.</s>
      </p>
      <p id="33">
        <s id="33:1" lang="en">In 2006, the Russian Federation and the United States of America launched the Global Initiative to Combat Nuclear Terrorism, which has become an effective cooperation instrument for sharing best practices in countering the threat of nuclear terrorism and strengthening nuclear security around the world.</s>
        <s id="33:2" lang="en">By now, 85 States have joined the Initiative.</s>
      </p>
      <p id="34">
        <s id="34:1" lang="en">In September 2012, the demonstration exercises on countering nuclear terrorism the Strazh-2012 (Guardian 2012) under the auspices of the Global Initiative to Combat Nuclear Terrorism, involving national means for detecting nuclear materials, were conducted in the Moscow region.</s>
        <s id="34:2" lang="en">Experts from more than 50 countries attended the event.</s>
      </p>
      <p id="35">
        <s id="35:1" lang="en">Prevention of illicit trafficking</s>
      </p>
      <p id="36">
        <s id="36:1" lang="en">We advocate that all States consistently implement United Nations Security Council resolution 1540 (2004) co-sponsored by the Russian Federation in 2004.</s>
        <s id="36:2" lang="en">The resolution provides the international legal basis for countering the threat of materials which can be used to develop weapons of mass destruction, related materials, technologies and means of delivery falling into the hands of non-State actors, first of all terrorist organizations.</s>
      </p>
      <p id="37">
        <s id="37:1" lang="en">In addition to other measures to prevent illicit trafficking of nuclear and other radioactive materials, the Russian Federation is developing the state system to prevent illicit trafficking of nuclear and other radioactive materials on Russian territory.</s>
        <s id="37:2" lang="en">Its technical implementation is under way in the Murmansk, Kaliningrad and Sverdlovsk regions.</s>
      </p>
      <p id="38">
        <s id="38:1" lang="en">We support the IAEA programme on creating and maintaining the IAEA database on illicit trafficking in nuclear and other radioactive materials.</s>
        <s id="38:2" lang="en">We actively participate in working group meetings aimed at enhancing the performance of the database and in the information exchange; we also provide relevant information on a regular basis.</s>
        <s id="38:3" lang="en">The Russian Federation is developing a system of forensic laboratories to identify nuclear and other radioactive materials and radioactive waste removed from illicit trafficking.</s>
      </p>
      <p id="39">
        <s id="39:1" lang="en">Upon the initiative of the Russian Federation, the eighteenth Meeting of the Nuclear Forensics International Technical Working Group was held in Saint Petersburg in 2013 with the participation of leading experts from laboratories, institutions and national research centres of Europe, America, Asia, Australia and Africa.</s>
        <s id="39:2" lang="en">This event turned out to be a most significant one since the establishment of the Group.</s>
      </p>
      <p id="40">
        <s id="40:1" lang="en">Radioactive sources</s>
      </p>
      <p id="41">
        <s id="41:1" lang="en">Being fully aware of the dangers posed by uncontrolled radioactive sources, the Russian Federation undertakes measures aimed at improving their accountability, control and physical protection system.</s>
        <s id="41:2" lang="en">The Russian Federation strictly follows the IAEA recommendations contained in the IAEA Code of Conduct on the Safety and Security of Radioactive Sources and the Guidance on the Import and Export of Radioactive Sources.</s>
      </p>
      <p id="42">
        <s id="42:1" lang="en">Laws and regulations on accountability, control and physical protection of radioactive sources and materials are being constantly improved taking into account both national experience in this area and the experience of foreign States and international organizations, including IAEA.</s>
        <s id="42:2" lang="en">Thus, in 2012, revised federal norms and rules entitled &quot;Principal Rules for Accounting and Control of Radioactive Materials and Radioactive Wastes in Organizations&quot; were approved, setting requirements on accountability and control, taking into account, inter alia, the ranking of radioactive materials based on their potential to cause harm; in 2014, revised federal norms and rules entitled &quot;Rules Regarding Physical Protection of Radioactive Materials, Sources and Storage Facilities&quot; were adopted.</s>
      </p>
      <p id="43">
        <s id="43:1" lang="en">The radioactive source register is being kept and improved.</s>
      </p>
      <p id="44">
        <s id="44:1" lang="en">International programmes</s>
      </p>
      <p id="45">
        <s id="45:1" lang="en">We believe that the work on the repatriation of highly enriched uranium fresh and spent fuel from Russian- and American-built research reactors in third countries to the country of origin is an important area of cooperation aimed at increasing the level of nuclear security.</s>
        <s id="45:2" lang="en">The Russian Federation and the United States carry out this work with the participation of IAEA, which is reflected in the joint statement by the Russian and United States Presidents on nuclear cooperation of 6 July 2009.</s>
      </p>
      <p id="46">
        <s id="46:1" lang="en">Starting from 2002, we have implemented the programme on the repatriation to the Russian Federation of highly enriched uranium (both fresh and spent) from Russian-built nuclear research reactors alongside with the conversion of these reactors&apos; cores from highly enriched uranium to low-enriched uranium or their shutdown (decommissioning).</s>
      </p>
      <p id="47">
        <s id="47:1" lang="en">So far, the Russian Federation has removed all highly enriched uranium fuel from nine countries, namely, Bulgaria, Latvia, Libya, Romania, Serbia, Ukraine, Czech Republic, Viet Nam and Hungary.</s>
      </p>
      <p id="48">
        <s id="48:1" lang="en">Partly highly enriched uranium fuel has been returned from five countries -- Germany, Poland, Uzbekistan, Kazakhstan and Belarus.</s>
      </p>
      <p id="49">
        <s id="49:1" lang="en">Overall, since the start of the programme 790 kg of fresh (hereinafter regarding uranium) and 1,269 kg of spent highly enriched uranium fuel have been returned from 14 countries.</s>
      </p>
      <p id="50">
        <s id="50:1" lang="en">Fuel from Uzbekistan, Belarus, Kazakhstan and Poland is planned to be repatriated.</s>
      </p>
      <p id="51">
        <s id="51:1" lang="en">We have conducted an assessment of six research nuclear reactors and confirmed the technical possibility of their conversion from highly enriched uranium to low-enriched uranium.</s>
        <s id="51:2" lang="en">At present, our efforts are focused on developing and certifying new high-density low-enriched uranium fuel needed for the conversion of relevant reactors in Tomsk and the Kurchatov National Research Centre.</s>
        <s id="51:3" lang="en">The decision about conversion would be made after an additional assessment of its economic impact.</s>
      </p>
      <p id="52">
        <s id="52:1" lang="en">Information security</s>
      </p>
      <p id="53">
        <s id="53:1" lang="en">Since the terrorist threat persists, we attach great importance to maintaining vigilance and improving the security of the information related to the protection of nuclear material and associated facilities and to enhancing the protection of automated management systems which influence the level of security at nuclear energy facilities.</s>
        <s id="53:2" lang="en">We are convinced that excessive transparency in this area may lead to dangerous consequences.</s>
      </p>
      <p id="54">
        <s id="54:1" lang="en">The Russian Federation supports the international efforts to ensure the protection of sensitive information, including the cybersecurity measures at nuclear facilities.</s>
        <s id="54:2" lang="en">In particular, the Russian Federation conducts annual training workshops on &quot;Information Security in Automated Physical Protection Systems&quot;.</s>
      </p>
      <p id="55">
        <s id="55:1" lang="en">Nuclear security culture</s>
      </p>
      <p id="56">
        <s id="56:1" lang="en">The Russian Federation constantly works on fostering the nuclear security culture.</s>
        <s id="56:2" lang="en">In 2012, the guidelines for organizing and carrying out the work in the field of nuclear security culture were developed.</s>
      </p>
      <p id="57">
        <s id="57:1" lang="en">In November 2012 and December 2013, on the occasion of the Summits, the Russian Federation, jointly with IAEA, conducted workshops on nuclear security culture organized primarily for experts in the countries operating, building or planning to construct nuclear power reactors designed in the Russian Federation.</s>
      </p>
      <p id="58">
        <s id="58:1" lang="en">International cooperation</s>
      </p>
      <p id="59">
        <s id="59:1" lang="en">The Russian Federation continues to be interested in cooperation aimed at supporting and strengthening the capacities of third countries in the field of nuclear security.</s>
        <s id="59:2" lang="en">We help the countries that start using nuclear energy for peaceful purposes in improving their nuclear security.</s>
        <s id="59:3" lang="en">We continue to conduct courses and workshops on physical protection at the Global Nuclear Safety and Security Institute of the National Research Nuclear University, MEPHI, in the city of Obninsk and at the Tomsk Polytechnic University.</s>
        <s id="59:4" lang="en">International workshops and conferences and training courses on nuclear materials control and accounting are regularly held at the Russian Methodological and Training Centre on Nuclear Materials Control and Accounting in Obninsk.</s>
        <s id="59:5" lang="en">Russian experts are actively engaged in developing and improving the IAEA international instruments on nuclear safety and security and holding the IAEA training courses in this field.</s>
      </p>
      <p id="60">
        <s id="60:1" lang="en">We recognize the importance of international cooperation in the sphere of nuclear security in compliance with national legislation, provided that the information is kept confidential and is prevented from falling into the wrong hands.</s>
        <s id="60:2" lang="en">In this context, we consider it desirable to develop cooperation in this area among industrial organizations of different countries working in the field of peaceful use of nuclear energy, since they play an important role in ensuring nuclear security.</s>
      </p>
      <p id="61">
        <s id="61:1" lang="en">The Russian Federation remains committed to maintaining and strengthening nuclear security and confirms its willingness to take an active part in international efforts to achieve these goals, as well as to work actively and substantively with all interested States that are also committed to these goals.</s>
      </p>
    </body>
  </text>
</TEI.2>
