<?xml version="1.0" encoding="utf-8"?>
<TEI.2>
  <teiHeader>
    <fileDesc>
      <titleStmt>
        <title>The United Nations Parallel Corpus v1.0 - NPT/CONF.2015/PC.III/WP.32</title>
      </titleStmt>
      <publicationStmt>
        <publisher>United Nations DGACM</publisher>
        <pubPlace>New York</pubPlace>
        <date>20140424</date>
        <idno type="symbol">NPT/CONF.2015/PC.III/WP.32</idno>
        <idno type="jobno">N1430864</idno>
        <availability>
          <p>The following disclaimer, an integral part of the United Nations Parallel Corpus v1.0, 
             shall be respected in regard to the Corpus v1.0 (no other restrictions apply):</p>

          <p>The United Nations Parallel Corpus is made available without warranty of any kind, 
             explicit or implied. The United Nations specifically makes no warranties or 
             representations as to the accuracy or completeness of the information contained in 
             the United Nations corpus.</p>

          <p>Under no circumstances shall the United Nations be liable for any loss, liability,
             injury or damage incurred or suffered that is claimed to have resulted from the use
             of the United Nations Corpus. The use of the United Nations Corpus is at the user's 
             sole risk. The user specifically acknowledges and agrees that the United Nations is 
             not liable for the conduct of any user. If the user is dissatisfied with any of the 
             material provided in the United Nations Corpus, the users's sole and exclusive remedy 
             is to discontinue using the United Nations Corpus.</p>

          <p>When using the United Nations Corpus, the user must acknowledge the United Nations as the
             source of the information. For references, please use this reference:
             Ziemski, M., Junczys-Dowmunt, M., and Pouliquen, B. (2016) The United Nations
             Parallel Corpus, Language Resources and Evaluation (LREC’16), Portorož, Slovenia, 
             May 2016.</p>

          <p>Nothing herein shall constitute or be considered to be a limitation upon or waiver,
             express or implied, of the privileges and immunities of the United Nations, which
             are specifically reserved.</p>
        </availability>
        <distributor>http://conferences.unite.un.org/UNCorpus</distributor>
      </publicationStmt>
      <sourceDesc>
        <p>http://www.un.org/en/official-documents-system-search/index.html</p>
      </sourceDesc>
    </fileDesc>
    <profileDesc>
      <langUsage>
        <language ident="en">English</language>
      </langUsage>
    </profileDesc>
  </teiHeader>
  <text>
    <body>
      <p id="1">
        <s id="1:1" lang="en">Third session</s>
      </p>
      <p id="2">
        <s id="2:1" lang="en">New York, 28 April-9 May 2014</s>
      </p>
      <p id="3">
        <s id="3:1" lang="en">Security assurances against the use or threat of use of nuclear weapons</s>
      </p>
      <p id="4">
        <s id="4:1" lang="en">Working paper submitted by the Islamic Republic of Iran</s>
      </p>
      <p id="5">
        <s id="5:1" lang="en">1. The first atomic bombs, dropped on Hiroshima and Nagasaki, Japan, in August 1945, had a destructive power 10,000 times larger than that of previous explosive devices.</s>
        <s id="5:2" lang="en">Since then, thermonuclear bombs, which are a thousand times more destructive than fission bombs, have been designed and built.</s>
        <s id="5:3" lang="en">The continued existence of thousands of such bombs in the stockpiles of the nuclear-weapon States and the allocation of billions of dollars to modernize them have kept the fate of civilization and of humanity itself under horror and panic.</s>
        <s id="5:4" lang="en">Even with the conclusion of the Treaty on the Non-Proliferation of Nuclear Weapons, humankind has continued to live under the shadow of the possible use of the world&apos;s most destructive mass-terror weapons.</s>
        <s id="5:5" lang="en">Therefore, the provision of unconditional security assurances by the nuclear-weapon States to all non-nuclear-weapon States parties to the Treaty against the use or threat of use of nuclear weapons has been and still is an important and vital issue.</s>
      </p>
      <p id="6">
        <s id="6:1" lang="en">2. In the early 1980s, all five nuclear-weapon States, in response to the international demands for an unconditional and legally binding treaty on negative security assurances against the use or threat of use of nuclear weapons, as a first limited step accepted some qualified and conditional undertakings not to use such weapons against States parties to the Treaty and those that had renounced the production and acquisition of such weapons.</s>
        <s id="6:2" lang="en">In early April 1995, this pledge was reaffirmed through unilateral statements by the nuclear-weapon States, and on</s>
      </p>
      <p id="7">
        <s id="7:1" lang="en">11 April 1995, just days before the 1995 Review and Extension Conference of the Parties to the Treaty on the Non-Proliferation of Nuclear Weapons, the Security Council adopted resolution 984 (1995), in which it took note of these unilateral statements and recognized the legitimate interest of non-nuclear-weapon States parties to the Treaty to receive assurances.</s>
        <s id="7:2" lang="en">The Security Council was also very explicit in considering that the resolution constituted a step in that direction.</s>
      </p>
      <p id="8">
        <s id="8:1" lang="en">3. The unilateral declarations of the nuclear-weapon States and the Security Council resolution were duly taken note of in a package of decisions adopted by the 1995 Review and Extension Conference.</s>
        <s id="8:2" lang="en">Paragraph 8 of decision 2 on principles and objectives for nuclear non-proliferation and disarmament stipulated that further steps should be considered to assure non-nuclear-weapon States parties to the Treaty against the use or threat of use of nuclear weapons, and that those steps could take the form of an internationally legally binding instrument.</s>
      </p>
      <p id="9">
        <s id="9:1" lang="en">4. Moreover, the new doctrines such as the Nuclear Posture Review of the United States of America, the development of easy-to-use mini-nuclear weapons and a recent increase in the number of cases in which some high officials of certain nuclear-weapon States have threatened non-nuclear-weapon States, such as the threats made by the United States and the President of France, have all put the</s>
      </p>
      <p id="10">
        <s id="10:1" lang="en">non-nuclear-weapon States more than ever under the real threat of the possible use of nuclear weapons.</s>
      </p>
      <p id="11">
        <s id="11:1" lang="en">5. The United States, by developing new types of easy-to-use nuclear weapons and, recently, allocating billions of dollars to the modernization of its nuclear arsenal, constructing a new facility for the production of nuclear weapons and naming non-nuclear-weapon States as targets of such inhumane weaponry, is acting in contravention of Article 2, paragraph 4, of the Charter of the United Nations and is clearly violating its obligations under article VI of the Treaty and calling into serious question its commitment to its unilateral statement of 1995.</s>
        <s id="11:2" lang="en">Hundreds of millions of dollars have already been allocated to nuclear-weapon development projects such as those of the Trident programme of the United Kingdom of Great Britain and Northern Ireland or the mini-nuclear weapons of the United States and, recently, the addition of a nuclear-armed ballistic missile submarine to French nuclear arsenals.</s>
        <s id="11:3" lang="en">The international community should not wait for the deployment or even the threat of use of such weapons to react.</s>
        <s id="11:4" lang="en">Such policies and practices seem to show that no lessons have been learned from the nightmare of Hiroshima and Nagasaki.</s>
        <s id="11:5" lang="en">It is abhorrent that the threats and the dangerous doctrine of the use of nuclear weapons against non-nuclear States were officially proclaimed by the United States and the North Atlantic Treaty Organization.</s>
      </p>
      <p id="12">
        <s id="12:1" lang="en">6. The unilateral statements of 1995 and the subsequent Security Council resolution are inseparable parts of the deal at the 1995 Review and Extension Conference.</s>
        <s id="12:2" lang="en">The efforts undermining multilateral achievement in the field of disarmament are still seriously eroding the very credibility of the Treaty.</s>
      </p>
      <p id="13">
        <s id="13:1" lang="en">7. The Islamic Republic of Iran believes that the establishment of nuclear-weapon-free zones is a positive step towards strengthening global nuclear disarmament and non-proliferation, and should be complemented and strengthened through the provision, by all nuclear-weapon States, of unconditional and irrevocable legally binding assurances to all States parties to the treaties establishing such zones against the threat or use of nuclear weapons in all circumstances.</s>
        <s id="13:2" lang="en">Nevertheless, the Islamic Republic of Iran rejects the arguments stating that the declarations made by the nuclear-weapon States are sufficient, or that the negative security assurances should be granted only in the context of the nuclear-weapon-free zones.</s>
        <s id="13:3" lang="en">Insistence on such weak arguments only results in the further weakening of the package of conditions for the conclusion and extension of the Treaty on the</s>
      </p>
      <p id="14">
        <s id="14:1" lang="en">Non-Proliferation of Nuclear Weapons and places the credibility of the Treaty in jeopardy.</s>
        <s id="14:2" lang="en">In addition, given the geographical limitation of the nuclear-weapon-free zones, negative security assurances guaranteed to States parties to the treaties establishing such zones cannot substitute for the universal, legally binding negative security assurances.</s>
      </p>
      <p id="15">
        <s id="15:1" lang="en">8. As the initiator of the proposal for the establishment of a nuclear-weapon-free zone in the Middle East in 1974, the Islamic Republic of Iran continues to firmly support the speedy establishment of such a zone.</s>
        <s id="15:2" lang="en">However, it is a matter of serious concern that the Israeli regime, through its continued refusal to join the Treaty on the Non-Proliferation of Nuclear Weapons, remains the only obstacle to the creation of such a zone.</s>
        <s id="15:3" lang="en">Accordingly, the Islamic Republic of Iran highlights the need to exert sustained international pressure on that regime to compel it to abide by the repeated calls by the international community to accede to the Treaty.</s>
        <s id="15:4" lang="en">In this regard, it is worth recalling that the Sixteenth Conference of Heads of State or Government of the Non-Aligned Countries, held in Tehran, the Islamic Republic of Iran, from</s>
      </p>
      <p id="16">
        <s id="16:1" lang="en">26 to 31 August 2012, in its Final Document, commended the initiatives by the Islamic Republic of Iran, Egypt and the Syrian Arab Republic on the establishment of a nuclear-weapon-free zone in the Middle East and, pending its establishment, demanded that Israel, the only country in the region that has not joined the</s>
      </p>
      <p id="17">
        <s id="17:1" lang="en">Non-Proliferation Treaty or declared its intention to do so, renounce possession of nuclear weapons, accede to the Treaty without precondition and further delay, promptly place all its nuclear facilities under the full-scope safeguards of the International Atomic Energy Agency and conduct its nuclear-related activities in conformity with the non-proliferation regime.</s>
        <s id="17:2" lang="en">It also expressed great concern over the acquisition of nuclear capability by Israel, which poses a serious and continuing threat to the security of neighbouring and other States, and condemned Israel for continuing to develop and stockpile nuclear arsenals.</s>
      </p>
      <p id="18">
        <s id="18:1" lang="en">9. The Islamic Republic of Iran considers the total elimination of nuclear weapons to be the only absolute guarantee against the use or threat of use of nuclear weapons.</s>
        <s id="18:2" lang="en">Nuclear weapons should not imply political clout and the capability to shape and influence world events or change the decisions of sovereign States.</s>
        <s id="18:3" lang="en">Holding on to and expanding nuclear arsenals should be condemned rather than condoned or tolerated.</s>
        <s id="18:4" lang="en">Any increase in nuclear capability should equal a reduction in political credibility.</s>
        <s id="18:5" lang="en">As long as such weapons are in the stockpiles of the nuclear-weapon States, no one on Earth will have any security.</s>
        <s id="18:6" lang="en">It is therefore imperative to move ahead with concerted and firm resolve to stop and reverse this fast-paced drive.</s>
        <s id="18:7" lang="en">Certain nuclear-weapon States have tried to create smokescreens in the international forums, including the Treaty review process, to deflect attention from their abysmal record and policies.</s>
      </p>
      <p id="19">
        <s id="19:1" lang="en">10. Pending the total elimination of these inhuman weapons, as stipulated in the advisory opinion of the International Court of Justice on 8 July 1996, the Review Conference should announce unequivocally that to use or threaten to use nuclear weapons is illegal.</s>
        <s id="19:2" lang="en">At the same time, efforts for the early commencement of negotiations on effective, universal, unconditional, non-discriminatory, irrevocable and legally binding security assurances by all the nuclear-weapon States to all the non-nuclear-weapon States parties to the Treaty against the use or threat of use of nuclear weapons under all circumstances should be pursued by the international community as a matter of priority.</s>
      </p>
      <p id="20">
        <s id="20:1" lang="en">11. Therefore, we propose that the 2015 Review Conference establish an ad hoc committee to work on the illegality of the use and threat of use of nuclear weapons under all circumstances and the urgent need for the full realization of the right and the legitimate interest of all non-nuclear-weapon States parties to the Treaty to receive effective, universal, unconditional, non-discriminatory, irrevocable and legally binding security assurances from all five nuclear-weapon States against the use or threat of use of nuclear weapons under all circumstances.</s>
        <s id="20:2" lang="en">As a first step to address the twin issues of the illegality of use and threat of use of nuclear weapons and negative security assurances, we continue to believe that the 2015 Review Conference should adopt a decision through which the Conference decides that the threat or use of nuclear weapons shall be prohibited under all circumstances and all five nuclear-weapon States shall undertake to refrain, under all circumstances, from the use and threat of use of such weapons against any of the non-nuclear-weapon States parties to the Treaty.</s>
      </p>
      <p id="21">
        <s id="21:1" lang="en">12. We strongly urge the upcoming Review Conference to move a step forward and make a concrete decision on negative security assurances in order to assure all non-nuclear-weapon States parties to the Treaty, on a non-discriminatory and unconditional basis, against the use or threat of use of nuclear weapons.</s>
      </p>
    </body>
  </text>
</TEI.2>
