<?xml version="1.0" encoding="utf-8"?>
<TEI.2>
  <teiHeader>
    <fileDesc>
      <titleStmt>
        <title>The United Nations Parallel Corpus v1.0 - NPT/CONF.2015/PC.III/WP.36</title>
      </titleStmt>
      <publicationStmt>
        <publisher>United Nations DGACM</publisher>
        <pubPlace>New York</pubPlace>
        <date>20140425</date>
        <idno type="symbol">NPT/CONF.2015/PC.III/WP.36</idno>
        <idno type="jobno">N1431182</idno>
        <availability>
          <p>The following disclaimer, an integral part of the United Nations Parallel Corpus v1.0, 
             shall be respected in regard to the Corpus v1.0 (no other restrictions apply):</p>

          <p>The United Nations Parallel Corpus is made available without warranty of any kind, 
             explicit or implied. The United Nations specifically makes no warranties or 
             representations as to the accuracy or completeness of the information contained in 
             the United Nations corpus.</p>

          <p>Under no circumstances shall the United Nations be liable for any loss, liability,
             injury or damage incurred or suffered that is claimed to have resulted from the use
             of the United Nations Corpus. The use of the United Nations Corpus is at the user's 
             sole risk. The user specifically acknowledges and agrees that the United Nations is 
             not liable for the conduct of any user. If the user is dissatisfied with any of the 
             material provided in the United Nations Corpus, the users's sole and exclusive remedy 
             is to discontinue using the United Nations Corpus.</p>

          <p>When using the United Nations Corpus, the user must acknowledge the United Nations as the
             source of the information. For references, please use this reference:
             Ziemski, M., Junczys-Dowmunt, M., and Pouliquen, B. (2016) The United Nations
             Parallel Corpus, Language Resources and Evaluation (LREC’16), Portorož, Slovenia, 
             May 2016.</p>

          <p>Nothing herein shall constitute or be considered to be a limitation upon or waiver,
             express or implied, of the privileges and immunities of the United Nations, which
             are specifically reserved.</p>
        </availability>
        <distributor>http://conferences.unite.un.org/UNCorpus</distributor>
      </publicationStmt>
      <sourceDesc>
        <p>http://www.un.org/en/official-documents-system-search/index.html</p>
      </sourceDesc>
    </fileDesc>
    <profileDesc>
      <langUsage>
        <language ident="en">English</language>
      </langUsage>
    </profileDesc>
  </teiHeader>
  <text>
    <body>
      <p id="1">
        <s id="1:1" lang="en">Third session</s>
      </p>
      <p id="2">
        <s id="2:1" lang="en">New York, 28 April-9 May 2014</s>
      </p>
      <p id="3">
        <s id="3:1" lang="en">Efforts to strengthen nuclear safety</s>
      </p>
      <p id="4">
        <s id="4:1" lang="en">Working paper by the European Union</s>
      </p>
      <p id="5">
        <s id="5:1" lang="en">1. The European Union recognizes the right of States parties to the Treaty on the Non-Proliferation of Nuclear Weapons to use nuclear energy for peaceful purposes, in accordance with article IV of the Treaty and with due regard to articles I, II and III thereof, and remains committed to ensuring the responsible development of peaceful uses of nuclear energy under the best safety, security and non-proliferation conditions.</s>
      </p>
      <p id="6">
        <s id="6:1" lang="en">2. The accident that occurred on 11 March 2011 in the Fukushima Daiichi nuclear power plant was a major event in the history of the peaceful use of nuclear energy.</s>
        <s id="6:2" lang="en">It will take several more years for the international community to draw all lessons from the Fukushima Daiichi accident and the efforts of all stakeholders in this regard must be maintained.</s>
        <s id="6:3" lang="en">In this context, education, training and knowledge management are of utmost importance in establishing an adequate nuclear safety infrastructure.</s>
      </p>
      <p id="7">
        <s id="7:1" lang="en">3. The European Union and its member States are dedicated to promoting the continuous improvement of nuclear safety on the basis of common objectives and references, both within the European Atomic Energy Community (EURATOM) and at the international level.</s>
      </p>
      <p id="8">
        <s id="8:1" lang="en">Within the European Atomic Energy Community</s>
      </p>
      <p id="9">
        <s id="9:1" lang="en">4. The EURATOM directive establishing a community framework for the nuclear safety of nuclear installations was adopted on 25 June 2009.</s>
        <s id="9:2" lang="en">The objective of the directive is to maintain and promote the continuous improvement of nuclear safety.</s>
        <s id="9:3" lang="en">Member States shall provide for appropriate national arrangements for a high level of nuclear safety within the European Union.</s>
        <s id="9:4" lang="en">This directive contains provisions of utmost importance for nuclear safety, such as the obligation to arrange at least every 10 years for periodic self-assessments of their national framework and competent regulatory authority and to invite international peer reviews in the field of nuclear safety.</s>
        <s id="9:5" lang="en">Two years later, on 19 July 2011, a directive establishing a Community framework for the responsible and safe management of spent fuel and radioactive waste was adopted, creating a comprehensive legislative framework for both nuclear installations and radioactive waste and spent fuel management.</s>
      </p>
      <p id="10">
        <s id="10:1" lang="en">5. Furthermore, after the Fukushima Daiichi accident, all nuclear power plants in the European Union underwent comprehensive and transparent risk and safety assessments (stress tests) and peer reviews in 2011 and 2012.</s>
        <s id="10:2" lang="en">These stress tests, led by the European Nuclear Safety Regulators&apos; Group concluded that there were no technical reasons requiring the shutdown of any nuclear power plant in Europe, and identified a series of good practices and recommendations to be undertaken by operators of the member States, under the control of national regulators.</s>
        <s id="10:3" lang="en">Moreover, as requested by the European Council, a revision of the directive on nuclear safety is currently being discussed by the European institutions with a view to strengthening the regulatory framework for nuclear safety.</s>
        <s id="10:4" lang="en">The enhancements aim to ensure greater clarity on the measures needed to ensure the independence of the national regulatory authorities, provide for greater transparency on nuclear safety matters, formulate safety objectives for all nuclear installations in the European Union and, finally, reinforce the peer reviews mechanism.</s>
      </p>
      <p id="11">
        <s id="11:1" lang="en">6. It should be noted that directives set common rules and common basic standards.</s>
        <s id="11:2" lang="en">They do not prevent member States from adopting or maintaining more stringent provisions in their domestic laws.</s>
      </p>
      <p id="12">
        <s id="12:1" lang="en">At the international level</s>
      </p>
      <p id="13">
        <s id="13:1" lang="en">7. The European Union fully supports the central role played by the International Atomic Energy Agency (IAEA) in coordinating international efforts to strengthen nuclear safety.</s>
        <s id="13:2" lang="en">The action plan on nuclear safety, adopted in 2011 by IAEA member States, identifies the fields where national and international efforts regarding nuclear safety are most needed.</s>
        <s id="13:3" lang="en">Progress on its implementation by the secretariat and member States of IAEA has been reached since 2011 and efforts in this regard should be maintained.</s>
        <s id="13:4" lang="en">After 2015, a common and long-term vision of actions needed to strengthen nuclear safety, shared by IAEA member States, should be maintained.</s>
        <s id="13:5" lang="en">To strengthen the coordination of the cooperation between EURATOM and IAEA, a memorandum of understanding on nuclear safety cooperation was signed in September 2013.</s>
      </p>
      <p id="14">
        <s id="14:1" lang="en">8. We underline the importance of continuing international cooperation in order to strengthen nuclear safety, the management of waste in a safe and secure way, radiological protection and civil nuclear liability, and call upon States that have not yet done so to accede to all the relevant conventions as soon as possible and to implement fully the ensuing commitments.</s>
        <s id="14:2" lang="en">In particular, the European Union member States are committed to working towards a global civil nuclear liability regime that addresses the concerns of all States that might be affected by a nuclear accident with a view to providing prompt, adequate and non-discriminatory compensation for nuclear damage.</s>
        <s id="14:3" lang="en">The European Union member States encourage the States that have not done so to give due consideration to the possibility of joining, as appropriate, the relevant international liability instruments.</s>
      </p>
      <p id="15">
        <s id="15:1" lang="en">9. The IAEA comprehensive report on the Fukushima accident, due for completion this year, will be important to further strengthening nuclear safety, and the European Union and its member States have continued to provide both in-kind and financial support to this important work.</s>
        <s id="15:2" lang="en">This report will provide a comprehensive and factual assessment of the accident at Fukushima Daiichi that addresses the causes, consequences and lessons learned.</s>
      </p>
      <p id="16">
        <s id="16:1" lang="en">10. The European Union and its member States encourage all States to seek continuous improvements to nuclear safety on the basis of the state of the art of scientific and technical knowledge to help to achieve the high levels of safety across the globe and as a minimum implement IAEA safety standards.</s>
        <s id="16:2" lang="en">The European Union member States are committed to the implementation of the code of conduct on the safety of research reactors as well as the code of conduct on the safety and security of radioactive sources and encourage all States to do so.</s>
      </p>
      <p id="17">
        <s id="17:1" lang="en">11. The European Union considers as a priority the universalization of the Convention on Nuclear Safety, the Joint Convention on the Safety of Spent Fuel Management and on the Safety of Radioactive Waste Management, the Convention on Early Notification of a Nuclear Accident and the Convention on Assistance in Case of a Nuclear Accident or Radiological Emergency.</s>
        <s id="17:2" lang="en">So far, 65 States have signed and 77, including EURATOM as a regional organization, have ratified the Convention on Nuclear Safety. 42 States have signed and 69, including EURATOM as a regional organization, have ratified the Joint Convention on the Safety of Spent Fuel Management and on the Safety of Radioactive Waste Management.</s>
        <s id="17:3" lang="en">The European Union calls upon all States that have yet not done so, especially those planning to embark on a nuclear power programme or having recently commissioned a nuclear power plant for the first time, to sign and ratify these conventions without delay.</s>
        <s id="17:4" lang="en">We also encourage all contracting parties to actively engage in review meetings of contracting parties.</s>
      </p>
      <p id="18">
        <s id="18:1" lang="en">12. Strengthening the effectiveness of these Conventions is of utmost importance.</s>
        <s id="18:2" lang="en">In this regard, the European Union and its member States took a leading role in developing proposals to enhance the effectiveness of the Convention on Nuclear Safety during their recent sixth review meeting as a result of the Working Group on Effectiveness and Transparency, including the adoption of measures to enhance the review process and the convening of a diplomatic conference within one year to discuss one amendment to the Convention.</s>
        <s id="18:3" lang="en">The European Union and its member States are committed to increasing active participation of contracting parties in the review process of the Convention, to work towards promoting and implementing non-binding measures adopted by the sixth review meeting, such as the inclusion in the summary of national reports of a description of policies, plans and schedules for inviting international peer review missions and follow-up missions, and to voluntary report in national reports relevant information on the safety of other types of civilian nuclear reactors.</s>
      </p>
      <p id="19">
        <s id="19:1" lang="en">13. The European Union and its member States are currently, together, one of the largest providers of aid and assistance.</s>
        <s id="19:2" lang="en">As an example, it has consistently supported the promotion of nuclear safety worldwide, and has contributed Euro225 million over the period 2014-2020 through its instrument for nuclear safety cooperation.</s>
        <s id="19:3" lang="en">The projects funded by that instrument aim at supporting the promotion of a high level of nuclear safety, radiation protection and the application of efficient and effective safeguards of nuclear material.</s>
        <s id="19:4" lang="en">The member States have also allocated financial support for activities on nuclear safety to be implemented by IAEA under the Technical Cooperation Programme, which provides assistance to countries to upgrade their nuclear safety infrastructure and respond to emergencies.</s>
        <s id="19:5" lang="en">The European Union would also like to underline that the valuable contribution of various peaceful applications of nuclear energy to promoting the attainment of the Millennium Development Goals also depends on cooperation in the field of nuclear and radiation safety.</s>
      </p>
    </body>
  </text>
</TEI.2>
