<?xml version="1.0" encoding="utf-8"?>
<TEI.2>
  <teiHeader>
    <fileDesc>
      <titleStmt>
        <title>The United Nations Parallel Corpus v1.0 - NPT/CONF.2015/PC.III/WP.39</title>
      </titleStmt>
      <publicationStmt>
        <publisher>United Nations DGACM</publisher>
        <pubPlace>New York</pubPlace>
        <date>20140506</date>
        <idno type="symbol">NPT/CONF.2015/PC.III/WP.39</idno>
        <idno type="jobno">N1432326</idno>
        <availability>
          <p>The following disclaimer, an integral part of the United Nations Parallel Corpus v1.0, 
             shall be respected in regard to the Corpus v1.0 (no other restrictions apply):</p>

          <p>The United Nations Parallel Corpus is made available without warranty of any kind, 
             explicit or implied. The United Nations specifically makes no warranties or 
             representations as to the accuracy or completeness of the information contained in 
             the United Nations corpus.</p>

          <p>Under no circumstances shall the United Nations be liable for any loss, liability,
             injury or damage incurred or suffered that is claimed to have resulted from the use
             of the United Nations Corpus. The use of the United Nations Corpus is at the user's 
             sole risk. The user specifically acknowledges and agrees that the United Nations is 
             not liable for the conduct of any user. If the user is dissatisfied with any of the 
             material provided in the United Nations Corpus, the users's sole and exclusive remedy 
             is to discontinue using the United Nations Corpus.</p>

          <p>When using the United Nations Corpus, the user must acknowledge the United Nations as the
             source of the information. For references, please use this reference:
             Ziemski, M., Junczys-Dowmunt, M., and Pouliquen, B. (2016) The United Nations
             Parallel Corpus, Language Resources and Evaluation (LREC’16), Portorož, Slovenia, 
             May 2016.</p>

          <p>Nothing herein shall constitute or be considered to be a limitation upon or waiver,
             express or implied, of the privileges and immunities of the United Nations, which
             are specifically reserved.</p>
        </availability>
        <distributor>http://conferences.unite.un.org/UNCorpus</distributor>
      </publicationStmt>
      <sourceDesc>
        <p>http://www.un.org/en/official-documents-system-search/index.html</p>
      </sourceDesc>
    </fileDesc>
    <profileDesc>
      <langUsage>
        <language ident="en">English</language>
      </langUsage>
    </profileDesc>
  </teiHeader>
  <text>
    <body>
      <p id="1">
        <s id="1:1" lang="en">Third session</s>
      </p>
      <p id="2">
        <s id="2:1" lang="en">New York, 28 April-9 May 2014</s>
      </p>
      <p id="3">
        <s id="3:1" lang="en">Peaceful Uses of Nuclear Energy</s>
      </p>
      <p id="4">
        <s id="4:1" lang="en">Working paper submitted by China</s>
      </p>
      <p id="5">
        <s id="5:1" lang="en">Nuclear disarmament, non-proliferation and the peaceful uses of nuclear energy are important components of global nuclear governance with an impact on global and regional peace and stability, as well as the security of all States and the well-being of all people.</s>
        <s id="5:2" lang="en">All parties should focus on global nuclear governance in order to build consensus, enhance cooperation and promote nuclear disarmament, non-proliferation and the peaceful uses of nuclear energy in a comprehensive, balanced and steady manner.</s>
        <s id="5:3" lang="en">China&apos;s basic positions on the peaceful uses of nuclear energy are as follows:</s>
      </p>
      <p id="6">
        <s id="6:1" lang="en">1. By enhancing the peaceful uses of nuclear energy, we can help achieve the goals of the Non-Proliferation Treaty in a comprehensive manner and carry forward the process of nuclear disarmament and non-proliferation.</s>
      </p>
      <p id="7">
        <s id="7:1" lang="en">2. The peaceful uses of nuclear energy and nuclear non-proliferation are complementary to each other.</s>
        <s id="7:2" lang="en">Efforts to promote non-proliferation should not impair the legitimate rights of all countries, especially the developing countries, to the peaceful uses of nuclear energy.</s>
        <s id="7:3" lang="en">At the same time, proliferation activities under cover of the peaceful uses of nuclear energy should be prohibited.</s>
        <s id="7:4" lang="en">We should also be concerned about the imbalance between supply and demand of nuclear material in some countries, and take effective measures to rectify this situation.</s>
      </p>
      <p id="8">
        <s id="8:1" lang="en">3. Promotion of the peaceful uses of nuclear energy and relevant international cooperation is one of the key goals of the Non-Proliferation Treaty and the Statute of the International Atomic Energy Agency (IAEA).</s>
        <s id="8:2" lang="en">Developed countries and IAEA should enhance assistance to developing countries in the peaceful uses of nuclear energy based on their actual needs.</s>
      </p>
      <p id="9">
        <s id="9:1" lang="en">4. IAEA should maintain an appropriate balance between safeguards and international cooperation in the peaceful uses of nuclear energy to help ensure that its various activities enjoy the support and participation of all its members.</s>
        <s id="9:2" lang="en">Adequate resources should be ensured for IAEA activities to promote the peaceful uses of nuclear energy and technical cooperation activities.</s>
        <s id="9:3" lang="en">All member States should make full and timely payments to the Technical Cooperation Fund.</s>
      </p>
      <p id="10">
        <s id="10:1" lang="en">5. The peaceful uses of nuclear energy are important to meeting energy needs, ensuring energy security, and addressing climate change.</s>
        <s id="10:2" lang="en">China is developing its nuclear power industry with high efficiency but with nuclear safety as a prerequisite and has developed several nuclear power technologies independently.</s>
        <s id="10:3" lang="en">China would like to share its experience and provide all-round support and assistance to countries that use nuclear energy for peaceful purposes.</s>
      </p>
      <p id="11">
        <s id="11:1" lang="en">6. Nuclear safety is a guarantee for the sound development of the peaceful uses of nuclear energy.</s>
        <s id="11:2" lang="en">By learning from experience and from the lessons of nuclear accidents worldwide, China is constantly strengthening nuclear safety measures, rigorously promoting the development of nuclear safety codes, regulations and emergency systems and paying continuous attention to any potential impact of nuclear facilities and activities upon the environment, society and the public.</s>
      </p>
      <p id="12">
        <s id="12:1" lang="en">7. Strengthening nuclear security is of great significance for ensuring the sustainable development of nuclear energy.</s>
        <s id="12:2" lang="en">All countries must follow a rational, coordinated and balanced approach to nuclear security and build an international nuclear security system based on fairness and mutually beneficial cooperation, embodying the principle of placing equal emphasis on development and security, on rights and obligations, and on individual and collaborative efforts.</s>
        <s id="12:3" lang="en">All countries have an obligation to provide physical protection for nuclear materials and nuclear facilities in their territories and ensure the balanced and sound use of sensitive nuclear materials.</s>
        <s id="12:4" lang="en">They must work to consolidate the current international legal framework for nuclear security in order to strengthen international cooperation in this field.</s>
        <s id="12:5" lang="en">They should also take an active part in the Nuclear Security Summit and the Ministerial Conference on Nuclear Security.</s>
        <s id="12:6" lang="en">IAEA should continue to play a leading role in the area of nuclear security.</s>
      </p>
    </body>
  </text>
</TEI.2>
