<?xml version="1.0" encoding="utf-8"?>
<TEI.2>
  <teiHeader>
    <fileDesc>
      <titleStmt>
        <title>The United Nations Parallel Corpus v1.0 - NPT/CONF.2015/PC.III/WP.3</title>
      </titleStmt>
      <publicationStmt>
        <publisher>United Nations DGACM</publisher>
        <pubPlace>New York</pubPlace>
        <date>20140311</date>
        <idno type="symbol">NPT/CONF.2015/PC.III/WP.3</idno>
        <idno type="jobno">N1426212</idno>
        <availability>
          <p>The following disclaimer, an integral part of the United Nations Parallel Corpus v1.0, 
             shall be respected in regard to the Corpus v1.0 (no other restrictions apply):</p>

          <p>The United Nations Parallel Corpus is made available without warranty of any kind, 
             explicit or implied. The United Nations specifically makes no warranties or 
             representations as to the accuracy or completeness of the information contained in 
             the United Nations corpus.</p>

          <p>Under no circumstances shall the United Nations be liable for any loss, liability,
             injury or damage incurred or suffered that is claimed to have resulted from the use
             of the United Nations Corpus. The use of the United Nations Corpus is at the user's 
             sole risk. The user specifically acknowledges and agrees that the United Nations is 
             not liable for the conduct of any user. If the user is dissatisfied with any of the 
             material provided in the United Nations Corpus, the users's sole and exclusive remedy 
             is to discontinue using the United Nations Corpus.</p>

          <p>When using the United Nations Corpus, the user must acknowledge the United Nations as the
             source of the information. For references, please use this reference:
             Ziemski, M., Junczys-Dowmunt, M., and Pouliquen, B. (2016) The United Nations
             Parallel Corpus, Language Resources and Evaluation (LREC’16), Portorož, Slovenia, 
             May 2016.</p>

          <p>Nothing herein shall constitute or be considered to be a limitation upon or waiver,
             express or implied, of the privileges and immunities of the United Nations, which
             are specifically reserved.</p>
        </availability>
        <distributor>http://conferences.unite.un.org/UNCorpus</distributor>
      </publicationStmt>
      <sourceDesc>
        <p>http://www.un.org/en/official-documents-system-search/index.html</p>
      </sourceDesc>
    </fileDesc>
    <profileDesc>
      <langUsage>
        <language ident="en">English</language>
      </langUsage>
    </profileDesc>
  </teiHeader>
  <text>
    <body>
      <p id="1">
        <s id="1:1" lang="en">Third session</s>
      </p>
      <p id="2">
        <s id="2:1" lang="en">New York, 28 April-9 May 2014</s>
      </p>
      <p id="3">
        <s id="3:1" lang="en">Nuclear testing</s>
      </p>
      <p id="4">
        <s id="4:1" lang="en">Working paper submitted by the Group of Non-Aligned States Parties to the Treaty on the Non-Proliferation of Nuclear Weapons</s>
      </p>
      <p id="5">
        <s id="5:1" lang="en">1. The Group of Non-Aligned States Parties to the Treaty on the NonProliferation of Nuclear Weapons reaffirms that the only way to rid the world of the threat or use of nuclear weapons is their total elimination.</s>
        <s id="5:2" lang="en">In this regard, the Comprehensive Nuclear-Test-Ban Treaty is a practical step on the road to nuclear disarmament and, therefore, cannot substitute for the objective of complete elimination of nuclear weapons.</s>
      </p>
      <p id="6">
        <s id="6:1" lang="en">2. While underlining the significance of achieving the entry into force of the Comprehensive Nuclear-Test-Ban Treaty, the Group of Non-Aligned States Parties to the Treaty strongly calls for immediate and unconditional cessation of all nuclear weapon tests and the closure of all nuclear weapon test sites.</s>
        <s id="6:2" lang="en">In this regard, the Group is of the firm view that all States parties that have not yet done so should close and dismantle, as soon as feasible and in a transparent, irreversible and verifiable manner, any remaining sites for nuclear test explosions and their associated infrastructure, and prohibit completely nuclear weapons research and development, and also refrain from conducting nuclear weapon test explosions or any other nuclear explosions, or nuclear weapon tests in alternative ways, as well as the use of new technologies for upgrading the existing nuclear weapons system, which would defeat the object and purpose of the Comprehensive Nuclear-Test-Ban Treaty.</s>
      </p>
      <p id="7">
        <s id="7:1" lang="en">3. The Group of Non-Aligned States Parties to the Treaty recalls and reaffirms once again the commitment of all States parties, in particular the nuclear-weapon States, to ending all nuclear weapon test explosions or any other nuclear explosions and thereby constraining the development and qualitative improvement of nuclear weapons and ending the development of advanced new types of nuclear weapons.</s>
        <s id="7:2" lang="en">In this regard, the Group expresses grave concern at the nuclear weapon tests in alternative ways and the use of new technologies for upgrading the existing nuclear weapons systems, as well as the development of new types of nuclear weapons, which may result in the resumption of tests and a lowering of the nuclear threshold.</s>
        <s id="7:3" lang="en">Accordingly the Group strongly calls on the nuclear-weapon States to put an immediate end to such activities and refrain from any other action that would defeat the object and purpose of the Comprehensive Nuclear-Test-Ban Treaty, pending its entry into force.</s>
      </p>
      <p id="8">
        <s id="8:1" lang="en">4. The Group of Non-Aligned States Parties to the Treaty stresses that the improvement in the existing nuclear weapons and development of new types of nuclear weapons contravene even the mere and still conditional, very limited and insufficient statements on negative security assurances provided by the nuclear-weapon States and violate their commitments undertaken at the time of the conclusion of the Comprehensive Nuclear-Test-Ban Treaty.</s>
      </p>
      <p id="9">
        <s id="9:1" lang="en">5. The Group of Non-Aligned States Parties to the Treaty welcomes the signature of the Comprehensive Nuclear-Test-Ban Treaty by 183 States and its ratification by 161 States.</s>
        <s id="9:2" lang="en">In this context, the ratification by Iraq is welcomed.</s>
        <s id="9:3" lang="en">The Group, in accordance with its long-standing and principled position in favour of the total elimination of all forms of nuclear weapons, supports the objectives of the Treaty, which is intended to enforce a comprehensive ban on all nuclear test explosions, and to stop the qualitative development of nuclear weapons in order to pave the way towards their total elimination.</s>
      </p>
      <p id="10">
        <s id="10:1" lang="en">6. The Group of Non-Aligned States Parties to the Treaty stresses the significance of achieving universal adherence to the Comprehensive Nuclear-Test-Ban Treaty, including by all the nuclear-weapon States, which, inter alia, should contribute to the process of nuclear disarmament.</s>
        <s id="10:2" lang="en">The Group reiterates that if the objectives of the Treaty were to be fully realized, the continued commitment of all States Signatories, especially the nuclear-weapon States, to nuclear disarmament, would be essential.</s>
      </p>
      <p id="11">
        <s id="11:1" lang="en">7. The Group of Non-Aligned States Parties to the Treaty believes that the five nuclear-weapon States have a special responsibility to ensure the entry into force of the Comprehensive Nuclear-Test-Ban Treaty, not only because they are among the 44 States listed in annex 2 to the Treaty, but also because, on account of their position, they are expected to lead in making the ban on tests a reality.</s>
        <s id="11:2" lang="en">It will be possible to determine the success of the Comprehensive Nuclear-Test-Ban Treaty only when it has been signed and ratified, in particular by the five nuclear-weapon States and those which have not acceded to the Treaty on the Non-Proliferation of Nuclear Weapons and continue to operate unsafeguarded nuclear facilities.</s>
        <s id="11:3" lang="en">The Group is of the firm belief that the early achievement of the goal of the universality of the Treaty on the Non-Proliferation of Nuclear Weapons, would be only through accession of the non-parties to this instrument.</s>
        <s id="11:4" lang="en">The universality of the Nuclear NonProliferation Treaty is essential to achieving the objective of nuclear disarmament and the non-proliferation of nuclear weapons.</s>
      </p>
      <p id="12">
        <s id="12:1" lang="en">8. The Group of Non-Aligned States Parties to the Treaty reaffirms that positive decisions by the nuclear-weapon States would have the desired impact on facilitating the progress towards entry into force of the Comprehensive Nuclear-Test-Ban Treaty.</s>
        <s id="12:2" lang="en">Early ratification of this Treaty by the nuclear-weapon States would pave the way and encourage the remaining required countries, especially those with unsafeguarded nuclear facilities, to sign and ratify the Treaty.</s>
        <s id="12:3" lang="en">The failure of one major nuclear-weapon State to ratify the Treaty, and its not supporting the Preparatory Commission of the Comprehensive Nuclear-Test-Ban Treaty Organization through rejection of one of the main elements of the Treaty&apos;s verification regime, is undermining this important instrument against nuclear testing.</s>
      </p>
      <p id="13">
        <s id="13:1" lang="en">9. The Group of Non-Aligned States Parties to the Treaty recalls the undertaking by the nuclear-weapon States at the time of the negotiation of the Comprehensive Nuclear-Test-Ban Treaty to ensure that the Treaty would halt both vertical and horizontal proliferation, thereby preventing the appearance of new types of nuclear devices, as well as nuclear weapons based on new physical principles.</s>
        <s id="13:2" lang="en">The nuclear-weapon States stated at that time that the only steps to be followed would be to maintain the safety and reliability of the remaining or existing weapons, which would not involve nuclear explosions.</s>
        <s id="13:3" lang="en">In that regard, the Group calls upon those States to continue to refrain from conducting any type of nuclear tests for the modernization, development or further improvement of nuclear weapons.</s>
        <s id="13:4" lang="en">The Group wishes to re-emphasize the principles of the non-proliferation regime, both vertically and horizontally.</s>
      </p>
      <p id="14">
        <s id="14:1" lang="en">10. The Group of Non-Aligned States Parties to the Treaty underscores the importance of the five nuclear-weapon States maintaining and observing their unilateral moratoriums on nuclear weapon tests since the opening for signature of the Comprehensive Nuclear-Test-Ban Treaty.</s>
        <s id="14:2" lang="en">However, the Group believes that those moratoriums do not substitute the entry into force of the Treaty and its ratification.</s>
      </p>
      <p id="15">
        <s id="15:1" lang="en">11. The Group of Non-Aligned States Parties to the Treaty emphasizes that the modernization or development of new types of nuclear weapons is contrary to the assurances given by the five nuclear-weapon States at the time of the conclusion of the Comprehensive Nuclear-Test-Ban Treaty, namely, that the Treaty would prevent the improvement of existing nuclear weapons and the development of new types of nuclear weapons.</s>
        <s id="15:2" lang="en">Pending the entry into force of the Treaty, States should refrain from any actions contrary to its objectives and purpose.</s>
        <s id="15:3" lang="en">In this context, the Group is seriously concerned by the decision of a nuclear-weapon State to reduce the time necessary to resume nuclear testing to 18 months as a setback to the 2000 Review Conference agreements.</s>
        <s id="15:4" lang="en">It is the view of the Group that such decisions undermine the validity of the commitment to declared moratoriums as well as the commitments under the Final Document of the 2000 Review Conference, in which the ratification of the Comprehensive Nuclear-Test-Ban Treaty has been envisaged as the first of 13 practical steps leading to nuclear disarmament.</s>
        <s id="15:5" lang="en">The lack of progress in the early entry into force of the Comprehensive Nuclear-Test-Ban Treaty also remains a cause for concern.</s>
      </p>
      <p id="16">
        <s id="16:1" lang="en">12. The Group of Non-Aligned States Parties to the Treaty underlines the need for increased attention to the problems of safety and contamination related to the discontinuation of nuclear operations formerly associated with nuclear weapons programmes, including, where appropriate, the safe resettlement of any displaced human populations and the restoration of economic productivity to affected areas.</s>
        <s id="16:2" lang="en">In this regard, the Group acknowledges the existence of a special responsibility towards the affected people and areas, including those in the former United Nations Trust Territories who have been adversely affected as a result of the nuclear weapon tests conducted in the past.</s>
      </p>
    </body>
  </text>
</TEI.2>
