<?xml version="1.0" encoding="utf-8"?>
<TEI.2>
  <teiHeader>
    <fileDesc>
      <titleStmt>
        <title>The United Nations Parallel Corpus v1.0 - NPT/CONF.2015/PC.III/WP.30</title>
      </titleStmt>
      <publicationStmt>
        <publisher>United Nations DGACM</publisher>
        <pubPlace>New York</pubPlace>
        <date>20140424</date>
        <idno type="symbol">NPT/CONF.2015/PC.III/WP.30</idno>
        <idno type="jobno">N1430858</idno>
        <availability>
          <p>The following disclaimer, an integral part of the United Nations Parallel Corpus v1.0, 
             shall be respected in regard to the Corpus v1.0 (no other restrictions apply):</p>

          <p>The United Nations Parallel Corpus is made available without warranty of any kind, 
             explicit or implied. The United Nations specifically makes no warranties or 
             representations as to the accuracy or completeness of the information contained in 
             the United Nations corpus.</p>

          <p>Under no circumstances shall the United Nations be liable for any loss, liability,
             injury or damage incurred or suffered that is claimed to have resulted from the use
             of the United Nations Corpus. The use of the United Nations Corpus is at the user's 
             sole risk. The user specifically acknowledges and agrees that the United Nations is 
             not liable for the conduct of any user. If the user is dissatisfied with any of the 
             material provided in the United Nations Corpus, the users's sole and exclusive remedy 
             is to discontinue using the United Nations Corpus.</p>

          <p>When using the United Nations Corpus, the user must acknowledge the United Nations as the
             source of the information. For references, please use this reference:
             Ziemski, M., Junczys-Dowmunt, M., and Pouliquen, B. (2016) The United Nations
             Parallel Corpus, Language Resources and Evaluation (LREC’16), Portorož, Slovenia, 
             May 2016.</p>

          <p>Nothing herein shall constitute or be considered to be a limitation upon or waiver,
             express or implied, of the privileges and immunities of the United Nations, which
             are specifically reserved.</p>
        </availability>
        <distributor>http://conferences.unite.un.org/UNCorpus</distributor>
      </publicationStmt>
      <sourceDesc>
        <p>http://www.un.org/en/official-documents-system-search/index.html</p>
      </sourceDesc>
    </fileDesc>
    <profileDesc>
      <langUsage>
        <language ident="en">English</language>
      </langUsage>
    </profileDesc>
  </teiHeader>
  <text>
    <body>
      <p id="1">
        <s id="1:1" lang="en">Third session</s>
      </p>
      <p id="2">
        <s id="2:1" lang="en">New York, 28 April-9 May 2014</s>
      </p>
      <p id="3">
        <s id="3:1" lang="en">Addressing the humanitarian consequences of nuclear weapons as the foundation of the Treaty on the</s>
      </p>
      <p id="4">
        <s id="4:1" lang="en">Non-Proliferation of Nuclear Weapons in Oslo, Nayarit, Mexico and Vienna</s>
      </p>
      <p id="5">
        <s id="5:1" lang="en">Working paper submitted by Austria</s>
      </p>
      <p id="6">
        <s id="6:1" lang="en">1. One of the key goals of the international community in the negotiations of the Treaty on the Non-Proliferation of Nuclear Weapons, and the driving force of the Treaty&apos;s subsequent success in achieving its high level of universality, is encapsulated in the first preambular paragraph of the Treaty: &quot;Considering the devastation that would be visited upon all mankind by a nuclear war and the consequent need to make every effort to avert the danger of such a war and to take measures to safeguard the security of peoples ... &quot;.</s>
      </p>
      <p id="7">
        <s id="7:1" lang="en">2. The 2010 Review Conference of the Parties to the Treaty on the</s>
      </p>
      <p id="8">
        <s id="8:1" lang="en">Non-Proliferation of Nuclear Weapons gave specific focus, inter alia, to this issue in its consensual conclusions and recommendations for follow-on actions (2010 action plan) by expressing &quot;its deep concern at the catastrophic humanitarian consequences of any use of nuclear weapons&quot;.</s>
        <s id="8:2" lang="en">Moreover, the Conference resolved in action 1 of the action plan that &quot;All States parties commit to pursue policies that are fully compatible with the Treaty and the objective of achieving a world without nuclear weapons.&quot;</s>
        <s id="8:3" lang="en">Thus, by advancing the key goal of the Treaty to achieve a world without nuclear weapons and implementing action 1 of the action plan, the international community has increased its focus on addressing the humanitarian consequences of nuclear weapons, including through international conferences specifically dedicated to this issue.</s>
      </p>
      <p id="9">
        <s id="9:1" lang="en">3. The Government of Norway hosted the first international conference in Oslo in March 2013.</s>
        <s id="9:2" lang="en">It provided an arena for the international community -- including governmental experts from 128 States, international organizations, the International Committee of the Red Cross and civil society -- to have a facts-based discussion about the humanitarian and developmental consequences that would result from a nuclear weapon detonation and about disaster preparedness.</s>
        <s id="9:3" lang="en">The main conclusions were that (a) no State or international body could address the immediate humanitarian emergency caused by a nuclear weapon detonation in any meaningful way; (b) no existing national or international emergency system would be able to provide adequate assistance to the victims; and (c) there would be serious long-term effects that would not be constrained by national borders.</s>
      </p>
      <p id="10">
        <s id="10:1" lang="en">4. Following this model, Mexico hosted the second international conference in Nayarit in February 2014.</s>
        <s id="10:2" lang="en">Experts from 146 States, international organizations, the International Committee of the Red Cross and civil society confirmed the initial findings of the Oslo conference and deepened their understanding of the humanitarian impact of nuclear weapons, including the long-term effects on socioeconomic development and the environment, as well as on health.</s>
        <s id="10:3" lang="en">Furthermore, the risk of nuclear weapon use was considered to be growing globally, including the risk of accidental, mistaken, unauthorized or intentional use.</s>
        <s id="10:4" lang="en">Efforts towards the total elimination of nuclear weapons comprise multiple actions and mutually reinforcing processes such as promoting the entry into force of the Comprehensive Nuclear-Test-Ban Treaty, achieving a comprehensive outcome in the 2015 Review Conference and discussing the humanitarian impact of nuclear weapons.</s>
        <s id="10:5" lang="en">The High-level Meeting of the United Nations General Assembly on Nuclear Disarmament, held in 2013, also provided positive impulses.</s>
      </p>
      <p id="11">
        <s id="11:1" lang="en">5. During the Nayarit conference, Austria offered to host the third international conference on the humanitarian consequences of nuclear weapons, scheduled to take place in December 2014.</s>
        <s id="11:2" lang="en">In his announcement for the media, Austrian Minister for Foreign Affairs Sebastian Kurz stated that: &quot;Nuclear weapons are not only a permanent threat to all humankind but also a relic of the cold war that we must finally overcome.</s>
        <s id="11:3" lang="en">Nuclear disarmament is a global task and a collective responsibility.</s>
        <s id="11:4" lang="en">As a member State committed to the Treaty on the Non-Proliferation of Nuclear Weapons, Austria wants to do its share to achieve the goals of this Treaty.&quot;</s>
        <s id="11:5" lang="en">Austria will prepare the third international conference in an inclusive manner, building upon the findings and experience of the conferences held in Oslo and Nayarit.</s>
      </p>
      <p id="12">
        <s id="12:1" lang="en">6. Building on the preamble of the Treaty and pursuing the Treaty&apos;s goal of achieving a world without nuclear weapons as well as implementing the 2010 action plan, the broad-based and comprehensive discussions on the humanitarian impact of nuclear weapons that have taken place in Oslo and Nayarit -- and later in Vienna in 2014 -- underscore growing support to anchor the humanitarian imperative firmly in discussions about nuclear weapons and nuclear disarmament.</s>
      </p>
      <p id="13">
        <s id="13:1" lang="en">7. Better awareness of the devastating humanitarian impact and consequences of nuclear weapons builds momentum for the urgency of achieving nuclear disarmament and results in greater understanding of the need to eliminate this risk.</s>
        <s id="13:2" lang="en">The international community has an obligation to move forward with urgency, including on the basis of article VI of the Treaty, to achieve the elimination and prohibition of nuclear weapons.</s>
        <s id="13:3" lang="en">Facts-based discussions at the international conferences can assist States, together with civil society, in achieving this important result and the goal of the Treaty.</s>
      </p>
    </body>
  </text>
</TEI.2>
