<?xml version="1.0" encoding="utf-8"?>
<TEI.2>
  <teiHeader>
    <fileDesc>
      <titleStmt>
        <title>The United Nations Parallel Corpus v1.0 - NPT/CONF.2015/PC.III/WP.41</title>
      </titleStmt>
      <publicationStmt>
        <publisher>United Nations DGACM</publisher>
        <pubPlace>New York</pubPlace>
        <date>20140506</date>
        <idno type="symbol">NPT/CONF.2015/PC.III/WP.41</idno>
        <idno type="jobno">N1432338</idno>
        <availability>
          <p>The following disclaimer, an integral part of the United Nations Parallel Corpus v1.0, 
             shall be respected in regard to the Corpus v1.0 (no other restrictions apply):</p>

          <p>The United Nations Parallel Corpus is made available without warranty of any kind, 
             explicit or implied. The United Nations specifically makes no warranties or 
             representations as to the accuracy or completeness of the information contained in 
             the United Nations corpus.</p>

          <p>Under no circumstances shall the United Nations be liable for any loss, liability,
             injury or damage incurred or suffered that is claimed to have resulted from the use
             of the United Nations Corpus. The use of the United Nations Corpus is at the user's 
             sole risk. The user specifically acknowledges and agrees that the United Nations is 
             not liable for the conduct of any user. If the user is dissatisfied with any of the 
             material provided in the United Nations Corpus, the users's sole and exclusive remedy 
             is to discontinue using the United Nations Corpus.</p>

          <p>When using the United Nations Corpus, the user must acknowledge the United Nations as the
             source of the information. For references, please use this reference:
             Ziemski, M., Junczys-Dowmunt, M., and Pouliquen, B. (2016) The United Nations
             Parallel Corpus, Language Resources and Evaluation (LREC’16), Portorož, Slovenia, 
             May 2016.</p>

          <p>Nothing herein shall constitute or be considered to be a limitation upon or waiver,
             express or implied, of the privileges and immunities of the United Nations, which
             are specifically reserved.</p>
        </availability>
        <distributor>http://conferences.unite.un.org/UNCorpus</distributor>
      </publicationStmt>
      <sourceDesc>
        <p>http://www.un.org/en/official-documents-system-search/index.html</p>
      </sourceDesc>
    </fileDesc>
    <profileDesc>
      <langUsage>
        <language ident="en">English</language>
      </langUsage>
    </profileDesc>
  </teiHeader>
  <text>
    <body>
      <p id="1">
        <s id="1:1" lang="en">Third session</s>
      </p>
      <p id="2">
        <s id="2:1" lang="en">New York, 28 April-9 May 2014</s>
      </p>
      <p id="3">
        <s id="3:1" lang="en">Non-proliferation of nuclear weapons</s>
      </p>
      <p id="4">
        <s id="4:1" lang="en">Working paper submitted by China</s>
      </p>
      <p id="5">
        <s id="5:1" lang="en">Nuclear disarmament and non-proliferation and the peaceful use of nuclear energy are important elements of global nuclear governance, and have a direct bearing on global and regional peace and stability, as well as the security of all States and the well-being of all peoples.</s>
        <s id="5:2" lang="en">All parties should focus on global nuclear governance, build consensus and enhance cooperation, and promote nuclear disarmament and non-proliferation and the peaceful use of nuclear energy in a comprehensive, balanced and steady manner.</s>
        <s id="5:3" lang="en">China believes that the root causes of nuclear proliferation are complex and that both the causes and the symptoms of nuclear proliferation should be addressed through an integrated approach.</s>
        <s id="5:4" lang="en">Accordingly, China takes the view that efforts are needed in the following areas:</s>
      </p>
      <p id="6">
        <s id="6:1" lang="en">1. States should seek universal security and eliminate the root causes of nuclear proliferation.</s>
        <s id="6:2" lang="en">They should discard zero-sum thinking and the cold-war mindset, and create a peaceful and stable international environment.</s>
        <s id="6:3" lang="en">They should fully respect and accommodate the legitimate security concerns of all countries.</s>
        <s id="6:4" lang="en">They should pay attention not only to their own security, but also to collective security, and should form a community with a common destiny.</s>
      </p>
      <p id="7">
        <s id="7:1" lang="en">2. The issue of nuclear non-proliferation should be addressed peacefully through political and diplomatic means.</s>
        <s id="7:2" lang="en">The fundamental objective of nonproliferation is to eliminate the risk of proliferation and to maintain international and regional peace and security.</s>
        <s id="7:3" lang="en">Therefore, proliferation concerns should be addressed through political and diplomatic dialogue and negotiation.</s>
        <s id="7:4" lang="en">Resorting to the use or threat of force or using non-proliferation as a pretext to achieve other objectives should be avoided.</s>
      </p>
      <p id="8">
        <s id="8:1" lang="en">3. Double standards and pragmatism on nuclear non-proliferation issues must be eschewed, and the authority of the non-proliferation regime must be maintained.</s>
        <s id="8:2" lang="en">All parties should implement their obligations under the Treaty on the Non-Proliferation of Nuclear Weapons fully, faithfully and in a balanced manner, and no country should judge other countries&apos; compliance with non-proliferation standards on the basis of its relationship with the countries concerned.</s>
        <s id="8:3" lang="en">The effectiveness and impartiality of International Atomic Energy Agency (IAEA) safeguards should be enforced.</s>
        <s id="8:4" lang="en">The international community should be alerted to imbalances between the supply of and demand for nuclear material in some countries, and should take effective measures to rectify this situation.</s>
      </p>
      <p id="9">
        <s id="9:1" lang="en">4. States should uphold multilateralism and ensure universal participation and democratic decision-making in the field of non-proliferation.</s>
        <s id="9:2" lang="en">The Non-Proliferation Treaty&apos;s status as the cornerstone of that effort should be consolidated and strengthened, and States not parties to the Treaty should accede to it as non-nuclear-weapon States at the earliest possible date.</s>
        <s id="9:3" lang="en">The role of the United Nations and other international organizations and mechanisms should be given full play, and Security Council resolutions 1540 (2004) and 1887 (2009) should be implemented scrupulously.</s>
        <s id="9:4" lang="en">Efforts should be made to promote the universality of IAEA comprehensive safeguards agreements and the additional protocols thereto.</s>
        <s id="9:5" lang="en">Nuclear export control regimes should be enhanced and the efforts of the Zangger Committee and the Nuclear Suppliers Group in this regard should be supported.</s>
      </p>
      <p id="10">
        <s id="10:1" lang="en">5. States should adhere to the principle of impartiality and balance and should properly address the relationship between non-proliferation and the peaceful use of nuclear energy.</s>
        <s id="10:2" lang="en">Non-proliferation will create an international security environment conducive to the use of nuclear energy to benefit humankind.</s>
        <s id="10:3" lang="en">In addition, the development of nuclear energy will facilitate progress towards non-proliferation objectives.</s>
        <s id="10:4" lang="en">The legitimate right of all States to the peaceful use of nuclear energy should not be restricted on the pretext of non-proliferation, nor should the peaceful use of nuclear energy be used as a pretext for proliferation activities.</s>
      </p>
      <p id="11">
        <s id="11:1" lang="en">6. States should scrupulously enforce nuclear security and eliminate the threat of nuclear terrorism.</s>
        <s id="11:2" lang="en">They must take a rational, coordinated and balanced approach to nuclear security.</s>
        <s id="11:3" lang="en">They should adhere to the principle of placing equal emphasis on development and security, on rights and obligations, on independent and collaborative efforts and on addressing both symptoms and root causes, and should build an international nuclear security system based on fairness and win-win cooperation.</s>
        <s id="11:4" lang="en">All States should improve their own nuclear security capabilities, maintain nuclear security and participate actively in international nuclear security cooperation.</s>
      </p>
    </body>
  </text>
</TEI.2>
