<?xml version="1.0" encoding="utf-8"?>
<TEI.2>
  <teiHeader>
    <fileDesc>
      <titleStmt>
        <title>The United Nations Parallel Corpus v1.0 - NPT/CONF.2015/PC.III/WP.40</title>
      </titleStmt>
      <publicationStmt>
        <publisher>United Nations DGACM</publisher>
        <pubPlace>New York</pubPlace>
        <date>20140506</date>
        <idno type="symbol">NPT/CONF.2015/PC.III/WP.40</idno>
        <idno type="jobno">N1432332</idno>
        <availability>
          <p>The following disclaimer, an integral part of the United Nations Parallel Corpus v1.0, 
             shall be respected in regard to the Corpus v1.0 (no other restrictions apply):</p>

          <p>The United Nations Parallel Corpus is made available without warranty of any kind, 
             explicit or implied. The United Nations specifically makes no warranties or 
             representations as to the accuracy or completeness of the information contained in 
             the United Nations corpus.</p>

          <p>Under no circumstances shall the United Nations be liable for any loss, liability,
             injury or damage incurred or suffered that is claimed to have resulted from the use
             of the United Nations Corpus. The use of the United Nations Corpus is at the user's 
             sole risk. The user specifically acknowledges and agrees that the United Nations is 
             not liable for the conduct of any user. If the user is dissatisfied with any of the 
             material provided in the United Nations Corpus, the users's sole and exclusive remedy 
             is to discontinue using the United Nations Corpus.</p>

          <p>When using the United Nations Corpus, the user must acknowledge the United Nations as the
             source of the information. For references, please use this reference:
             Ziemski, M., Junczys-Dowmunt, M., and Pouliquen, B. (2016) The United Nations
             Parallel Corpus, Language Resources and Evaluation (LREC’16), Portorož, Slovenia, 
             May 2016.</p>

          <p>Nothing herein shall constitute or be considered to be a limitation upon or waiver,
             express or implied, of the privileges and immunities of the United Nations, which
             are specifically reserved.</p>
        </availability>
        <distributor>http://conferences.unite.un.org/UNCorpus</distributor>
      </publicationStmt>
      <sourceDesc>
        <p>http://www.un.org/en/official-documents-system-search/index.html</p>
      </sourceDesc>
    </fileDesc>
    <profileDesc>
      <langUsage>
        <language ident="en">English</language>
      </langUsage>
    </profileDesc>
  </teiHeader>
  <text>
    <body>
      <p id="1">
        <s id="1:1" lang="en">Third session</s>
      </p>
      <p id="2">
        <s id="2:1" lang="en">New York, 28 April-9 May 2014</s>
      </p>
      <p id="3">
        <s id="3:1" lang="en">Nuclear-weapon-free zones and nuclear issues in the Middle East</s>
      </p>
      <p id="4">
        <s id="4:1" lang="en">Working paper submitted by China</s>
      </p>
      <p id="5">
        <s id="5:1" lang="en">The establishment of nuclear-weapon-free zones is an important step towards a nuclear-weapon-free world and an important component of global nuclear governance.</s>
        <s id="5:2" lang="en">China&apos;s position on nuclear-weapon-free zones and nuclear issues in the Middle East is as follows:</s>
      </p>
      <p id="6">
        <s id="6:1" lang="en">1. Efforts by relevant countries to establish nuclear-weapon-free zones based on article VII of the Non-Proliferation Treaty and the guidelines on establishing nuclear-weapon-free zones adopted by the United Nations Disarmament Commission in 1999 should be actively supported.</s>
        <s id="6:2" lang="en">All the nuclear-weapon States should undertake unconditionally not to use or threaten to use nuclear weapons against non-nuclear-weapon States or nuclear-weapon-free zones and should conclude an international legal instrument in this regard.</s>
        <s id="6:3" lang="en">They should respect the legal status of nuclear-weapon-free zones and sign and ratify the protocols of the relevant treaties on nuclear-weapon-free zones.</s>
        <s id="6:4" lang="en">Concrete measures should be taken to implement relevant security assurances.</s>
      </p>
      <p id="7">
        <s id="7:1" lang="en">2. While facilitating reconciliation and cooperation among the Middle East countries and promoting the Middle East peace process, the international community should continue to attach importance to and support relevant proposals and efforts to establish a Middle East zone free of nuclear weapons and all other weapons of mass destruction.</s>
        <s id="7:2" lang="en">Relevant General Assembly resolutions, the Resolution on the Middle East adopted at the 1995 Review and Extension Conference, and relevant provisions of the final documents of the 2000 and 2010 Review Conferences should be effectively implemented.</s>
        <s id="7:3" lang="en">Efforts to promote the early convening of the international conference on the establishment of a Middle East zone free of nuclear weapons and all other weapons of mass destruction should continue.</s>
      </p>
      <p id="8">
        <s id="8:1" lang="en">3. Israel should accede to the Non-Proliferation Treaty as a non-nuclear-weapon State and fulfil its obligations.</s>
        <s id="8:2" lang="en">The States concerned in this region should sign and ratify comprehensive safeguards agreements with the International Atomic Energy Agency and should be encouraged to sign and ratify the additional protocol.</s>
      </p>
      <p id="9">
        <s id="9:1" lang="en">4. The Iranian nuclear issue has a direct bearing on the international nuclear nonproliferation regime and on peace and stability in the Middle East.</s>
        <s id="9:2" lang="en">The achievement of a comprehensive, long-term and appropriate solution to the Iranian nuclear issue through dialogue and negotiations will inject new energy into enhancing comprehensive nuclear governance in the Middle East.</s>
        <s id="9:3" lang="en">Diplomatic efforts should be intensified and concerns should be addressed with a view to promoting dialogue in a practical manner and achieving an agreement at an early date.</s>
      </p>
      <p id="10">
        <s id="10:1" lang="en">5. The international community should fully endorse the signing of the Protocol to the Treaty on a Nuclear-Weapon-Free Zone in Central Asia and support the States parties to the Treaty on the Southeast Asia Nuclear Weapon-Free Zone and nuclear-weapon States in reaching agreement on the remaining issues of the Protocol and promoting its early signing and entry into force.</s>
      </p>
    </body>
  </text>
</TEI.2>
