<?xml version="1.0" encoding="utf-8"?>
<TEI.2>
  <teiHeader>
    <fileDesc>
      <titleStmt>
        <title>The United Nations Parallel Corpus v1.0 - NPT/CONF.2015/PC.III/WP.45</title>
      </titleStmt>
      <publicationStmt>
        <publisher>United Nations DGACM</publisher>
        <pubPlace>New York</pubPlace>
        <date>20140508</date>
        <idno type="symbol">NPT/CONF.2015/PC.III/WP.45</idno>
        <idno type="jobno">N1401484</idno>
        <availability>
          <p>The following disclaimer, an integral part of the United Nations Parallel Corpus v1.0, 
             shall be respected in regard to the Corpus v1.0 (no other restrictions apply):</p>

          <p>The United Nations Parallel Corpus is made available without warranty of any kind, 
             explicit or implied. The United Nations specifically makes no warranties or 
             representations as to the accuracy or completeness of the information contained in 
             the United Nations corpus.</p>

          <p>Under no circumstances shall the United Nations be liable for any loss, liability,
             injury or damage incurred or suffered that is claimed to have resulted from the use
             of the United Nations Corpus. The use of the United Nations Corpus is at the user's 
             sole risk. The user specifically acknowledges and agrees that the United Nations is 
             not liable for the conduct of any user. If the user is dissatisfied with any of the 
             material provided in the United Nations Corpus, the users's sole and exclusive remedy 
             is to discontinue using the United Nations Corpus.</p>

          <p>When using the United Nations Corpus, the user must acknowledge the United Nations as the
             source of the information. For references, please use this reference:
             Ziemski, M., Junczys-Dowmunt, M., and Pouliquen, B. (2016) The United Nations
             Parallel Corpus, Language Resources and Evaluation (LREC’16), Portorož, Slovenia, 
             May 2016.</p>

          <p>Nothing herein shall constitute or be considered to be a limitation upon or waiver,
             express or implied, of the privileges and immunities of the United Nations, which
             are specifically reserved.</p>
        </availability>
        <distributor>http://conferences.unite.un.org/UNCorpus</distributor>
      </publicationStmt>
      <sourceDesc>
        <p>http://www.un.org/en/official-documents-system-search/index.html</p>
      </sourceDesc>
    </fileDesc>
    <profileDesc>
      <langUsage>
        <language ident="en">English</language>
      </langUsage>
    </profileDesc>
  </teiHeader>
  <text>
    <body>
      <p id="1">
        <s id="1:1" lang="en">Third session</s>
      </p>
      <p id="2">
        <s id="2:1" lang="en">New York, 28 April-9 May 2014</s>
      </p>
      <p id="3">
        <s id="3:1" lang="en">Action taken by France in support of the International Atomic Energy Agency&apos;s Action Plan on Nuclear Safety</s>
      </p>
      <p id="4">
        <s id="4:1" lang="en">France, for both its own nuclear facilities and as part of its cooperation with third parties, considers nuclear safety and its continuous improvement as a top priority and an essential condition for the responsible development of nuclear energy, without which the trust of the general public in nuclear energy could not be sustained.</s>
        <s id="4:2" lang="en">As Chair of the Group of Eight and the Group of 20 at the time of the accident at the Fukushima Daiichi nuclear power plant, France worked with its partners to provide emergency assistance to Japan and to ensure that the nuclear community took stock of the accident and learned lessons from it for the future.</s>
        <s id="4:3" lang="en">Its initiatives in the weeks following the accident (ministerial-level meeting and meetings of nuclear safety authorities in Paris, proposals for strengthening international emergency preparedness and response mechanisms under the aegis of the International Atomic Energy Agency) made an effective contribution to the development and implementation of the Agency&apos;s Action Plan on Nuclear Safety in September 2011.</s>
      </p>
      <p id="5">
        <s id="5:1" lang="en">Responsibility for implementing the Action Plan lies not only with the Agency but also with each of its member States.</s>
        <s id="5:2" lang="en">France, as a signatory of the Convention on Early Notification of a Nuclear Accident, the Convention on Assistance in the Case of a Nuclear Accident or Radiological Emergency, the Convention on Nuclear Safety and the Joint Convention on the Safety of Spent Fuel Management and on the Safety of Radioactive Waste Management, is committed to fulfilling all its responsibilities for the application of these agreements and the principles they set out and to working with its partners to ensure that the international safety framework is actually strengthened.</s>
        <s id="5:3" lang="en">France is also convinced that the highest levels of safety can only be reached and maintained if each operator and nuclear country assumes its full responsibility in this regard.</s>
      </p>
      <p id="6">
        <s id="6:1" lang="en">Immediately following the events of 11 March 2011, France committed itself to the reinforcement of nuclear safety both at the national and European levels, through safety assessments of all its nuclear installations, and through its international action.</s>
        <s id="6:2" lang="en">France began in 2012 to compile a summary of the actions taken, structured according to the 12 areas identified in the Agency&apos;s Action Plan on Nuclear Safety.</s>
        <s id="6:3" lang="en">This document was submitted to the second session of the Preparatory Committee in 2013 in a working paper (NPT/CONF.2015/PC.II/WP.47); and an updated version is presented in the table below with actions carried out since then.</s>
      </p>
      <p id="7">
        <s id="7:1" lang="en">In the field of nuclear safety, transparency is absolutely essential, and the submission of the attached table contribute to that end.</s>
        <s id="7:2" lang="en">Nuclear safety is also a collective responsibility.</s>
        <s id="7:3" lang="en">France plans to continue working to ensure that nuclear safety is improved and maintained at the highest levels throughout the world.</s>
      </p>
      <p id="8">
        <s id="8:1" lang="en">Action 1: Safety assessments in the light of the accident at Tokyo Electric Power Company&apos;s Fukushima Daiichi Nuclear Power Station</s>
      </p>
      <p id="9">
        <s id="9:1" lang="en">IAEA Action Plan on Nuclear Safety</s>
      </p>
      <p id="10">
        <s id="10:1" lang="en">Actions taken by France</s>
      </p>
      <p id="11">
        <s id="11:1" lang="en">National actions</s>
      </p>
      <p id="12">
        <s id="12:1" lang="en">Bilateral and international actions</s>
      </p>
      <p id="13">
        <s id="13:1" lang="en">Member States to promptly undertake a national assessment of the design of plants against site specific extreme natural hazards and to implement the necessary actions in a timely manner.</s>
      </p>
      <p id="14">
        <s id="14:1" lang="en">Organization of targeted inspection campaigns by the French nuclear safety authority</s>
      </p>
      <p id="15">
        <s id="15:1" lang="en">(ASN -- Autorité de sûreté nucléaire)</s>
      </p>
      <p id="16">
        <s id="16:1" lang="en">During the months following the Fukushima Daiichi accident, 38 campaigns were conducted to verify compliance of operators&apos; equipment and organization with the existing safety reference framework on topics related to Fukushima (loss of power supply, loss of cooling capacity, etc.).</s>
        <s id="16:2" lang="en">For the installations subject to targeted inspections in 2011, ASN conducted checking actions in 2012 in order to verify on the field that the requests were taken into account.</s>
        <s id="16:3" lang="en">These checking actions confirmed that the operators implemented in a satisfactory manner the actions they committed to implement in 2011.</s>
      </p>
      <p id="17">
        <s id="17:1" lang="en">ASN continued in 2012 its targeted inspections campaign on the French nuclear installations on topics linked to the Fukushima Daiichi accident.</s>
        <s id="17:2" lang="en">ASN conducted between January and September 2012 a second campaign of 19 targeted inspections on 22 laboratories and facilities (lot 2 of the complementary safety assessments).</s>
      </p>
      <p id="18">
        <s id="18:1" lang="en">Complementary safety assessments</s>
      </p>
      <p id="19">
        <s id="19:1" lang="en">At the request of the Prime Minister, in March 2011, ASN asked operators to conduct complementary safety assessments in order to verify the resistance of their nuclear facilities to extreme natural threats.</s>
        <s id="19:2" lang="en">The specifications for the complementary safety assessments were developed in line with those of European stress tests and concerned not only power reactors but also research facilities and fuel cycle plants; a total of 79 nuclear facilities were given priority status (lot 1).</s>
        <s id="19:3" lang="en">The analysis of the reports by operators within this context were subject to a report by ASN submitted to the French Prime Minister on 3 January 2012 (see below, actions by the operators).</s>
        <s id="19:4" lang="en">ASN adopted, on 26 June and 10 July 2012, 32 decisions that each describes about 30 complementary measures.</s>
        <s id="19:5" lang="en">These measures aim at strengthening strongly safety margins beyond the facilities&apos; capacities.</s>
        <s id="19:6" lang="en">These decisions are legally binding and the operators shall implement important works that include, in particular, investments in human resources and shall define a hard core of organizational and technical measures.</s>
      </p>
      <p id="20">
        <s id="20:1" lang="en">Some of these measures were already in effect by the end of 2013 (see below, actions by operators) and complementary measures on the core will be or were communicated during the first trimester of 2014.</s>
        <s id="20:2" lang="en">For the 20 facilities of lot 1, the hard core was the subject of the meeting of permanent experts on April 3 and 4 2013.</s>
        <s id="20:3" lang="en">Measures will be taken for facilities also requiring a hard core.</s>
      </p>
      <p id="21">
        <s id="21:1" lang="en">The same exercise was carried out for an additional 22 facilities called &quot;lot 2&quot;.</s>
        <s id="21:2" lang="en">They include reactors undergoing dismantling, the International Thermonuclear Experimental Reactor (ITER) facility and a radiopharmaceutical isotopes production facility.</s>
        <s id="21:3" lang="en">In accordance with ASN decisions of 5 May 2011 on the implementation of complementary safety assessments, nuclear operators submitted their reports before 15 September 2012.</s>
      </p>
      <p id="22">
        <s id="22:1" lang="en">The reports were analysed by ASN and its technical support, the IRSN (Institut de Radioprotection et de Sûreté Nucléaire -- French Institute for Radiological Protection and Nuclear Safety).</s>
        <s id="22:2" lang="en">On the basis of the advice of the permanent groups and the commitments by operators, ASN will draft measures for the necessary installations and site, according to a proportionate approach.</s>
      </p>
      <p id="23">
        <s id="23:1" lang="en">Finally, for the majority of lot 3 facilities, ASN fixed the dates for submitting the reports.</s>
      </p>
      <p id="24">
        <s id="24:1" lang="en">The reports should be submitted before the next safety review, public investigations or operating licence request.</s>
        <s id="24:2" lang="en">If the next safety review is too late, the submission of the reports should be done in advance.</s>
        <s id="24:3" lang="en">All reports on complementary safety assessments should be submitted before 2020.</s>
      </p>
      <p id="25">
        <s id="25:1" lang="en">Actions by operators</s>
      </p>
      <p id="26">
        <s id="26:1" lang="en">- In addition to checking the compliance of facilities and the existence of safety margins with regard to threats taken into account in the design basis, an additional level of defence in depth has been defined and proposed for safety facilities, so that under all circumstances the availability of functions essential to the safety of the facility can be maintained, for a sufficient period of time, under any extreme environmental conditions.</s>
        <s id="26:2" lang="en">This additional level of defence requires the strengthening and/or installation of equipment essential to the management of extreme situations, able to withstand large earthquakes or floods in excess of the existing design basis.</s>
        <s id="26:3" lang="en">This minimum essential equipment would therefore constitute a &quot;hardened safety core&quot; and would have to be extremely robust, available under all circumstances, so as to be able to prevent a serious accident or restrict its consequences.</s>
        <s id="26:4" lang="en">The complementary safety assessments are just the first step in a long feedback process following the Fukushima accident.</s>
        <s id="26:5" lang="en">In France, they will lead to a strengthening of the capacity of facilities to maintain their fundamental safety functions in the face of markedly more severe threats than those taken into consideration in their design.</s>
      </p>
      <p id="27">
        <s id="27:1" lang="en">- The creation of a French nuclear rapid response team (FARN -- Force d&apos;Action Rapide Nucléaire), able to respond to a situation on any Electricité de France (EDF) site within 24 hours.</s>
        <s id="27:2" lang="en">This team should be able to intervene on one reactor of a site.</s>
        <s id="27:3" lang="en">It shall be able to intervene on all the reactors of a site at the same time before the end of 2014 (on a site with four units), and by the end of 2015 (for a site with six units).</s>
      </p>
      <p id="28">
        <s id="28:1" lang="en">- In 2013, the company AREVA defined a road map and the procedures for the AREVA National Response Force (ANRF), comprising resources and equipment dedicated to on-site response interventions.</s>
        <s id="28:2" lang="en">The ANRF will be fully operational by the end of 2016.</s>
      </p>
      <p id="29">
        <s id="29:1" lang="en">- Strengthening of on-site communications resources for extreme situations (strengthening of the self-sufficiency of communications resources, satellite communications).</s>
      </p>
      <p id="30">
        <s id="30:1" lang="en">- Strengthening of the shared resources made available by EDF, AREVA and the Atomic Energy Commission (Commissariat à l&apos;Energie Atomique -- CEA) and currently restricted to automated robotic equipment for operation in highly radioactive conditions.</s>
      </p>
      <p id="31">
        <s id="31:1" lang="en">- Creation of an action plan to study and address the risks related to the nearby industrial environment in the event of extreme situations.</s>
      </p>
      <p id="32">
        <s id="32:1" lang="en">- The works for the implementation of the hard core have already started for some operators (Institut Laue Langevin for example) and will continue for several years.</s>
        <s id="32:2" lang="en">For the more complex measures, with a remote deadline, the decisions call for transitory measures.</s>
        <s id="32:3" lang="en">ASN pays special attention to the follow-up of the implementation of all measures it prescribes.</s>
        <s id="32:4" lang="en">Generally speaking, the response of the operators is satisfactory overall.</s>
      </p>
      <p id="33">
        <s id="33:1" lang="en">--&gt; Completed</s>
      </p>
      <p id="34">
        <s id="34:1" lang="en">--&gt; Under way</s>
      </p>
      <p id="35">
        <s id="35:1" lang="en">Implementation of stress tests</s>
      </p>
      <p id="36">
        <s id="36:1" lang="en">Following a decision taken at the European Council meeting held on 24-25 March 2011, for all European power reactors; stress tests were conducted between June 2011 and April 2012, in compliance with strict specifications drawn up by the European Nuclear Safety Regulators Group (ENSREG), on the basis of proposals by the Western European Nuclear Regulators Association.</s>
        <s id="36:2" lang="en">A peer review of actions conducted in the different countries was organized during the first trimester of 2012 in the framework of ENSREG.</s>
        <s id="36:3" lang="en">The recommendations issued by ENSREG following these stress tests are currently being implemented by the member States as part of European-level and national action plans.</s>
      </p>
      <p id="37">
        <s id="37:1" lang="en">A national action plan was published by ASN on 20 December 2012 and presented during an European workshop in April 2013.</s>
      </p>
      <p id="38">
        <s id="38:1" lang="en">After this workshop, members States decided to organize a follow-up on the implementation of the recommendations in 2015.</s>
      </p>
      <p id="39">
        <s id="39:1" lang="en">The IAEA Secretariat, taking into account existing experiences, to develop a methodology and make it available for Member States that may wish to use it in carrying out their national assessments.</s>
      </p>
      <p id="40">
        <s id="40:1" lang="en">The IAEA secretariat, upon request, to provide assistance and support to Member States in the implementation of a national assessment of the design of nuclear power plants against site-specific extreme natural hazards.</s>
      </p>
      <p id="41">
        <s id="41:1" lang="en">The IAEA secretariat, upon request, to undertake peer reviews of national assessment, and to provide additional support to Member States.</s>
      </p>
      <p id="42">
        <s id="42:1" lang="en">The IAEA secretariat to strengthen existing IAEA peer reviews by incorporating lessons learned and by ensuring that these reviews appropriately address regulatory effectiveness, operational safety, design safety and emergency preparedness and response; Member States to provide experts for peer review missions.</s>
      </p>
      <p id="43">
        <s id="43:1" lang="en">Participation of French experts in IAEA peer review missions.</s>
        <s id="43:2" lang="en">On average, experts from the ASN take part in four IRRS missions a year.</s>
      </p>
      <p id="44">
        <s id="44:1" lang="en">New permanent resources made available to the Agency to directly help it complete IRRSs (CFE ASN) and design reviews for new reactor models submitted to the Agency by Member States (CFE AREVA).</s>
      </p>
      <p id="45">
        <s id="45:1" lang="en">--&gt; Regular</s>
      </p>
      <p id="46">
        <s id="46:1" lang="en">The IAEA secretariat, in order to enhance transparency, to provide summary information on where and when IAEA peer reviews have taken place, and to make publicly available in a timely manner the results of such reviews with the consent of the State concerned.</s>
      </p>
      <p id="47">
        <s id="47:1" lang="en">The ASN publishes reports on International Regulatory Review Service (IRRS) and Operational Safety Review Team (OSART) missions conducted in France on its website.</s>
      </p>
      <p id="48">
        <s id="48:1" lang="en">Agreement given by France for information on IAEA peer review missions already conducted or planned in France to appear on the website for the Action Plan on Safety (message from the Governor of 28 March 2012).</s>
      </p>
      <p id="49">
        <s id="49:1" lang="en">Agreement in principle given by France for the IAEA to publish the results of certain types of peer review missions conducted in France (message from the Governor of 16 May 2012).</s>
      </p>
      <p id="50">
        <s id="50:1" lang="en">Member States to be strongly encouraged to voluntarily host IAEA peer reviews, including follow-up reviews, on a regular basis; the IAEA secretariat to respond in a timely manner to requests for such reviews.</s>
      </p>
      <p id="51">
        <s id="51:1" lang="en">One IRRS mission hosted in 2006, with a follow-up mission in 2009 and the next mission planned for 2014.</s>
      </p>
      <p id="52">
        <s id="52:1" lang="en">One OSART mission (pre-OSART, OSART and follow-up) hosted in France each year.</s>
      </p>
      <p id="53">
        <s id="53:1" lang="en">25 OSART missions hosted since 1985.</s>
      </p>
      <p id="54">
        <s id="54:1" lang="en">After the Chooz mission in 2013, all French nuclear power reactors will have been subject to an OSART mission.</s>
      </p>
      <p id="55">
        <s id="55:1" lang="en">EDF will welcome a &quot;Corporate OSART&quot; mission in 2014</s>
      </p>
      <p id="56">
        <s id="56:1" lang="en">The IAEA secretariat to assess, and enhance as necessary, the effectiveness of the IAEA peer reviews.</s>
      </p>
      <p id="57">
        <s id="57:1" lang="en">Action 3: Emergency preparedness and response</s>
      </p>
      <p id="58">
        <s id="58:1" lang="en">Member States to conduct a prompt national review and thereafter regular reviews on their emergency preparedness and response arrangements and capabilities, with the IAEA secretariat providing support and assistance through Emergency Preparedness Review (EPREV) missions, as requested.</s>
      </p>
      <p id="59">
        <s id="59:1" lang="en">Public authorities</s>
      </p>
      <p id="60">
        <s id="60:1" lang="en">- ASN action plan to improve its crisis management by integrating feedback from the mobilization carried out during the Fukushima Daiichi accident.</s>
      </p>
      <p id="61">
        <s id="61:1" lang="en">- Change in IRSN crisis management, integrating feedback from the mobilization carried out during the Fukushima Daiichi accident.</s>
      </p>
      <p id="62">
        <s id="62:1" lang="en">- Integration into the planning of nuclear and radiological emergency exercises of the feedback from Fukushima (simulation of accidents with an impact on several facilities at the same time -- interministerial circular of 20 December 2011).</s>
      </p>
      <p id="63">
        <s id="63:1" lang="en">- On the request of the Prime Minister in June 2011, interministerial works integrating feedback from the Fukushima Daiichi accident were conducted to establish a national plan for response to a major nuclear or radiological accident published in February 2014, designed as an aid to decision-making at the strategic and political level of the emergency planning national organization.</s>
      </p>
      <p id="64">
        <s id="64:1" lang="en">- Works ongoing on the field implementation of the national plan to respond to a major nuclear or radiological accident.</s>
      </p>
      <p id="65">
        <s id="65:1" lang="en">Operators</s>
      </p>
      <p id="66">
        <s id="66:1" lang="en">- Standardization and streamlining of EDF emergency plans currently under assessment by the ASN.</s>
      </p>
      <p id="67">
        <s id="67:1" lang="en">- Integration of a specific emergency plan for climactic and related risks to safety.</s>
        <s id="67:2" lang="en">This plan applies to several facilities.</s>
      </p>
      <p id="68">
        <s id="68:1" lang="en">- In 2013, AREVA defined a roadmap and the procedures for the AREVA National Response Force (ANRF), comprising resources and equipment dedicated to on-site response interventions.</s>
        <s id="68:2" lang="en">The training of the dedicated staff is ongoing.</s>
        <s id="68:3" lang="en">The ANRF will be fully operational by the end of 2016.</s>
      </p>
      <p id="69">
        <s id="69:1" lang="en">The IAEA secretariat, Member States and relevant international organizations to review and strengthen the international emergency preparedness and response framework, taking into account recommendations given in the final report of the International Action Plan for Strengthening the International Preparedness and Response System for Nuclear and Radiological Emergencies, and encouraging greater involvement of the relevant international organizations in the Joint Radiation Emergency Management Plan of the International Organizations.</s>
      </p>
      <p id="70">
        <s id="70:1" lang="en">Planned IAEA-IRSN cooperation to support the strengthening of the technical capacities of the IAEA and establish an operational working relationship between the two, based on the sharing of data and expertise.</s>
        <s id="70:2" lang="en">This technical cooperation programme, planned as a multi-year initiative (2012-2015), will be based on a first stage dedicated to the development of the technical capacity of the IEC, followed by a set of actions taken on a periodic basis to maintain and strengthen this capacity.</s>
      </p>
      <p id="71">
        <s id="71:1" lang="en">French proposals on the creation, under the aegis of the IAEA, of an International Rapid Response Mechanism for Nuclear and Radiological Emergencies, and a network of several national or regional nuclear crisis management training centres.</s>
      </p>
      <p id="72">
        <s id="72:1" lang="en">Declaration by French and British authorities (17 February 2012) to act together to strengthen their own capacity and develop bilateral coordination in terms of the organization and management of emergency situations.</s>
        <s id="72:2" lang="en">Launch of works to this end in summer 2012.</s>
      </p>
      <p id="73">
        <s id="73:1" lang="en">Participation of a French expert in the senior expert group of IAEA (Emergency Preparedness and Response Expert Group).</s>
      </p>
      <p id="74">
        <s id="74:1" lang="en">The IAEA secretariat, Member States and relevant international organizations to strengthen the assistance mechanisms to ensure that necessary assistance is made available promptly.</s>
        <s id="74:2" lang="en">Consideration to be given to enhancing and fully utilizing the IAEA Response and Assistance Network (RANET), including expanding its rapid response capabilities.</s>
      </p>
      <p id="75">
        <s id="75:1" lang="en">Member States to consider, on a voluntary basis, establishing national rapid response teams that could also be made available internationally through RANET.</s>
      </p>
      <p id="76">
        <s id="76:1" lang="en">The IAEA secretariat, in case of a nuclear emergency and with the consent of the State concerned, to conduct timely fact-finding missions and to make the results publicly available.</s>
      </p>
      <p id="77">
        <s id="77:1" lang="en">Action 4: National regulatory bodies</s>
      </p>
      <p id="78">
        <s id="78:1" lang="en">Actions deployed by France</s>
      </p>
      <p id="79">
        <s id="79:1" lang="en">Member States to conduct a prompt national review and thereafter regular reviews of their regulatory bodies, including an assessment of their effective independence, adequacy of human and financial resources and the need for appropriate technical and scientific support, to fulfil their responsibilities.</s>
      </p>
      <p id="80">
        <s id="80:1" lang="en">Increase in the number of staff members and budget of ASN and IRSN in order to meet the increased workload of ASN resulting from the feedback from the Fukushima Daiichi accident, consistent with the missions of these organizations.</s>
      </p>
      <p id="81">
        <s id="81:1" lang="en">The IAEA secretariat to enhance the Integrated Regulatory Review Service (IRRS) for peer review of regulatory effectiveness through a more comprehensive assessment of national regulations against IAEA Safety Standards.</s>
      </p>
      <p id="82">
        <s id="82:1" lang="en">Each Member State with nuclear power plants to voluntarily host, on a regular basis, an IAEA IRRS mission to assess its national regulatory framework.</s>
        <s id="82:2" lang="en">In addition, a follow-up mission to be conducted within three years of the main IRRS mission.</s>
      </p>
      <p id="83">
        <s id="83:1" lang="en">IRRS mission hosted in 2006, with a follow-up mission in 2009, and the next mission planned for 2014 (see action 2).</s>
      </p>
      <p id="84">
        <s id="84:1" lang="en">In compliance with Directive 2009/71/Euratom on nuclear safety, this international peer review must take place in France at least every 10 years (see action 2).</s>
      </p>
      <p id="85">
        <s id="85:1" lang="en">Action 5: Operating organizations</s>
      </p>
      <p id="86">
        <s id="86:1" lang="en">Member States to ensure improvement, as necessary, of management systems, safety culture, human resources management, and scientific and technical capacity in operating organizations; the IAEA secretariat to provide assistance to Member States upon request.</s>
      </p>
      <p id="87">
        <s id="87:1" lang="en">France has extended post-Fukushima complementary safety assessments and the resulting provisions to organizational, social and human factors, as part of a continuous improvement approach with regard to safety (see action 1).</s>
      </p>
      <p id="88">
        <s id="88:1" lang="en">8 February 2012: adoption of the decree setting the general rules on basic nuclear installations, which includes provisions on safety policy, safety management system, technical and financial capacities, human resources, subcontractors, etc.</s>
      </p>
      <p id="89">
        <s id="89:1" lang="en">Strengthening of crisis organization and related resources (FARN mobile resources, strengthened crisis buildings, etc.) by operators.</s>
      </p>
      <p id="90">
        <s id="90:1" lang="en">Widening of the scope of action of WANO (World Association of Nuclear Operators) to improve the level of protection and mitigation among nuclear operators worldwide: external threats, management of serious accidents, emergency preparedness for crisis situations, etc.</s>
      </p>
      <p id="91">
        <s id="91:1" lang="en">AREVA has been a member of WANO since July 2012.</s>
        <s id="91:2" lang="en">A peer review mission will be organized in The Hague facility in June 2014.</s>
      </p>
      <p id="92">
        <s id="92:1" lang="en">Each Member State with nuclear power plants to voluntarily host at least one IAEA Operational Safety Review Team (OSART) mission during the coming three years, with the initial focus on older nuclear power plants.</s>
        <s id="92:2" lang="en">Thereafter, OSART missions to be voluntarily hosted on a regular basis.</s>
      </p>
      <p id="93">
        <s id="93:1" lang="en">EDF will receive a &quot;Corporate OSART&quot; mission in 2014.</s>
      </p>
      <p id="94">
        <s id="94:1" lang="en">The IAEA secretariat to strengthen cooperation with WANO by amending their Memorandum of Understanding to enhance information exchange on operating experience and on other relevant safety and engineering areas and, in consultation with other relevant stakeholders, to explore mechanisms to enhance communication and interaction among operating organizations.</s>
      </p>
      <p id="95">
        <s id="95:1" lang="en">Action 6: IAEA Safety Standards</s>
      </p>
      <p id="96">
        <s id="96:1" lang="en">The Commission on Safety Standards and the IAEA secretariat to review, and revise as necessary using the existing process in a more efficient manner, the relevant IAEA Safety Standards in a prioritised sequence.</s>
      </p>
      <p id="97">
        <s id="97:1" lang="en">France contributes to the drafting of IAEA Safety Standards:</s>
      </p>
      <p id="98">
        <s id="98:1" lang="en">French experts take part in the meetings of the Commission on Safety Standards, as well as those of the four technical committees.</s>
      </p>
      <p id="99">
        <s id="99:1" lang="en">Making resources (CFE AREVA, CFE, EDF) available to the Agency to help it update its safety standards, including, as far as necessary, the lessons learned from the Fukushima accident.</s>
      </p>
      <p id="100">
        <s id="100:1" lang="en">Member States to utilize as broadly and effectively as possible the IAEA Safety Standards in an open, timely and transparent manner.</s>
        <s id="100:2" lang="en">The IAEA secretariat to continue providing support and assistance in the implementation of IAEA Safety Standards.</s>
      </p>
      <p id="101">
        <s id="101:1" lang="en">The French regulatory framework has been developed in accordance with IAEA Safety Standards.</s>
      </p>
      <p id="102">
        <s id="102:1" lang="en">Action 7: International legal framework</s>
      </p>
      <p id="103">
        <s id="103:1" lang="en">States parties to explore mechanisms to enhance the effective implementation of the Convention on Nuclear Safety, the Joint Convention on the Safety of Spent Fuel Management and the Safety of Radioactive Waste Management, the Convention on the Early Notification of a Nuclear Accident and the Convention on Assistance in the Case of a Nuclear Accident or Radiological Emergency, and to consider proposals made to amend the Convention on Nuclear Safety and the Convention on the Early Notification of a Nuclear Accident.</s>
      </p>
      <p id="104">
        <s id="104:1" lang="en">Active participation in the extraordinary meeting of the Convention on Nuclear Safety in August 2012, including by submitting proposals for changes to the guides governing the Convention mechanism, in an effort to strengthen the effectiveness of the process established under the Convention</s>
      </p>
      <p id="105">
        <s id="105:1" lang="en">ASN participates in the Convention on Nuclear Safety Working Group on Transparency and Effectiveness, and the joint working group of the Convention on Nuclear Safety and the Joint Convention on the Safety of Spent Fuel Management and on the Safety of Radioactive Waste Management, to ensure consistency between the two conventions (working group initiated by France)</s>
      </p>
      <p id="106">
        <s id="106:1" lang="en">Member States to be encouraged to join and effectively implement these Conventions.</s>
      </p>
      <p id="107">
        <s id="107:1" lang="en">France has adhered to the following conventions:</s>
      </p>
      <p id="108">
        <s id="108:1" lang="en">- Convention on Nuclear Safety (France applies the Convention to research reactors on a voluntary basis)</s>
      </p>
      <p id="109">
        <s id="109:1" lang="en">- Joint Convention on the Safety of Spent Fuel Management and on the Safety of Radioactive Waste Management</s>
      </p>
      <p id="110">
        <s id="110:1" lang="en">- Convention on Early Notification of a Nuclear Accident</s>
      </p>
      <p id="111">
        <s id="111:1" lang="en">- Convention on Assistance in the Case of Nuclear Accident or Radiological Emergency</s>
      </p>
      <p id="112">
        <s id="112:1" lang="en">Active participation by France in the meetings of the Contracting Parties to review implementation of these conventions Sixth review meeting of the Convention on Nuclear Safety (24 March-4 April 2014): French chair</s>
      </p>
      <p id="113">
        <s id="113:1" lang="en">Member States to work towards establishing a global nuclear liability regime that addresses the concerns of all States that might be affected by a nuclear accident with a view to providing appropriate compensation for nuclear damage.</s>
        <s id="113:2" lang="en">The IAEA International Expert Group on Nuclear Liability (INLEX) to recommend actions to facilitate achievement of such a global regime.</s>
        <s id="113:3" lang="en">Member States to give due consideration to the possibility of joining the international nuclear liability instruments as a step toward achieving such a global regime.</s>
      </p>
      <p id="114">
        <s id="114:1" lang="en">Adherence of France to the Paris and Brussels Conventions</s>
      </p>
      <p id="115">
        <s id="115:1" lang="en">Ratification of the Joint Protocol relating to the Application of the Vienna Convention and the Paris Convention on April 2014</s>
      </p>
      <p id="116">
        <s id="116:1" lang="en">Anticipated inclusion in French legislation of the increase of compensation ceilings for nuclear operators set out by the amending protocols of 2004.</s>
        <s id="116:2" lang="en">A draft law ratifying order No. 2012-6 dated 5 January 2012 modifying books I and V of the environment code, the public health code and the defence code [text No. 481 (2011-2012)] was submitted to the French Senate on 21 March 2012.</s>
      </p>
      <p id="117">
        <s id="117:1" lang="en">The ratification process for the 2004 protocols amending the conventions of Paris and Brussels has been completed.</s>
        <s id="117:2" lang="en">The instruments of ratification will be simultaneously deposited by all European Union member States parties to the Paris and Brussels Conventions.</s>
      </p>
      <p id="118">
        <s id="118:1" lang="en">Participation of two French experts in the IAEA INLEX group</s>
      </p>
      <p id="119">
        <s id="119:1" lang="en">Participation of France in the OECD Nuclear Energy Agency&apos;s Nuclear Law Committee</s>
      </p>
      <p id="120">
        <s id="120:1" lang="en">Joint statement with the United States (signed on 13 and 28 August 2014) on civil liability for nuclear damage.</s>
        <s id="120:2" lang="en">This joint statement affirms the commitment of both States to contribute to the establishment of a global civil nuclear liability regime involving a fair indemnification for the victims of nuclear accidents, as recommended by the IAEA.</s>
      </p>
      <p id="121">
        <s id="121:1" lang="en">--&gt; Permanent</s>
      </p>
      <p id="122">
        <s id="122:1" lang="en">Action 8: Member States planning to embark on a nuclear power programme</s>
      </p>
      <p id="123">
        <s id="123:1" lang="en">Member States to create an appropriate nuclear infrastructure based on IAEA Safety Standards and other relevant guidance, and the IAEA secretariat to provide assistance as may be requested.</s>
      </p>
      <p id="124">
        <s id="124:1" lang="en">France provides assistance to States wishing to launch a nuclear power programme, either as part of IAEA activities or in the form of bilateral cooperation (organization of training and workshops for IAEA, actions by the Agence France Nucléaire International (French international nuclear agency), including developing skills in partnership with the International Institute of Nuclear Energy and CFE IRSN in the IAEA Nuclear Safety Action Team (2012-2014)).</s>
      </p>
      <p id="125">
        <s id="125:1" lang="en">ASN responds to requests for assistance through bilateral initiatives or through European and international instruments (European Union Nuclear Safety Cooperation Instrument and IAEA Regulatory Cooperation Forum).</s>
        <s id="125:2" lang="en">The purpose of this cooperation is to enable the countries concerned to establish a suitable regulatory framework and a competent and independent safety authority, and develop a safety and transparency culture, which is essential for a national nuclear safety and radiation protection oversight system.</s>
      </p>
      <p id="126">
        <s id="126:1" lang="en">Member States to voluntarily host Integrated Nuclear Infrastructure Reviews (INIR) and relevant peer review missions, including site and design safety reviews, prior to commissioning the first nuclear power plant.</s>
      </p>
      <p id="127">
        <s id="127:1" lang="en">Action 9: Capacity-building</s>
      </p>
      <p id="128">
        <s id="128:1" lang="en">Member States with nuclear power programmes and those planning to embark on such a programme to strengthen, develop, maintain and implement their capacity building programs, including education, training and exercises at the national, regional and international levels; to continuously ensure sufficient and competent human resources necessary to assume their responsibility for safe, responsible and sustainable use of nuclear technologies; the IAEA secretariat to assist as requested.</s>
        <s id="128:2" lang="en">Such programmes to cover all the nuclear safety related areas, including safe operation, emergency preparedness and response and regulatory effectiveness and to build upon existing capacity building infrastructures.</s>
      </p>
      <p id="129">
        <s id="129:1" lang="en">Scope of complementary safety assessments conducted by ASN extended to the areas of subcontracting and taking into account organizational and human factors.</s>
      </p>
      <p id="130">
        <s id="130:1" lang="en">Creation of the International Institute of Nuclear Energy in 2010.</s>
      </p>
      <p id="131">
        <s id="131:1" lang="en">7 February 2012: adoption of decree setting out the general rules for basic nuclear installations on safety policy, safety management system, human resources, subcontracting, etc.).</s>
      </p>
      <p id="132">
        <s id="132:1" lang="en">Operator action: implementation of the FARN and training of crisis teams in the use of mobile resources, extension of the scope of exercises to extreme situations affecting several reactors at once.</s>
      </p>
      <p id="133">
        <s id="133:1" lang="en">France undertakes active cooperation with the Agency as part of its bilateral cooperation (see action 8).</s>
      </p>
      <p id="134">
        <s id="134:1" lang="en">IRSN and its European partners have created the European Nuclear Safety Training and Tutoring Institute, which provides training to safety professionals in Europe and worldwide.</s>
      </p>
      <p id="135">
        <s id="135:1" lang="en">Under the aegis of IAEA, the Technical Safety Organizations Forum has been created to promote the sharing of information, experiences, lessons and safety cultures, and to harmonize nuclear safety practices in keeping with the highest safety standards.</s>
      </p>
      <p id="136">
        <s id="136:1" lang="en">Member States with nuclear power programmes and those planning to embark on such a programme, to incorporate lessons learned from the accident into their nuclear power programme infrastructure; the IAEA secretariat to assist as requested.</s>
      </p>
      <p id="137">
        <s id="137:1" lang="en">France extended post-Fukushima complementary safety assessments and the resulting provisions to organizational, social and human factors, as part of a continuous improvement approach with regard to safety (see actions 1 and 5).</s>
      </p>
      <p id="138">
        <s id="138:1" lang="en">Action 10: Protection of people and the environment from ionizing radiation</s>
      </p>
      <p id="139">
        <s id="139:1" lang="en">Member States, the IAEA secretariat and other relevant stakeholders to facilitate the use of available information, expertise and techniques for monitoring, decontamination and remediation both on and off nuclear sites and the IAEA secretariat to consider strategies and programmes to improve knowledge and strengthen capabilities in these areas.</s>
      </p>
      <p id="140">
        <s id="140:1" lang="en">Studies at the Fukushima site</s>
      </p>
      <p id="141">
        <s id="141:1" lang="en">- IRSN participation in different studies:</s>
      </p>
      <p id="142">
        <s id="142:1" lang="en">- Environmental measurement campaigns around Fukushima (JAEA-MEXT)</s>
      </p>
      <p id="143">
        <s id="143:1" lang="en">- FreeBird project on radiation effects on physiology, phenotype and physical shape of birds in the contaminated area around Fukushima.</s>
        <s id="143:2" lang="en">Follow-up of the project on frogs (Tempe University -- Tsukuba University)</s>
      </p>
      <p id="144">
        <s id="144:1" lang="en">- Report of the United Nations Scientific Committee on the Effects of Atomic Radiation (2011) on radiological situation in the Fukushima region.</s>
        <s id="144:2" lang="en">It deals with workers and populations exposed to atmospheric and environment radiations.</s>
      </p>
      <p id="145">
        <s id="145:1" lang="en">- Five-year cooperation agreement with Tsukuba University to study the radiological impact of the Fukushima accident (transfer of contamination in the ground and evolution of the contamination in forests).</s>
      </p>
      <p id="146">
        <s id="146:1" lang="en">Generic studies</s>
      </p>
      <p id="147">
        <s id="147:1" lang="en">- Sharing of information on the management of post-accident situations (IRSN-JAEA)</s>
      </p>
      <p id="148">
        <s id="148:1" lang="en">- Elements of national doctrine on post-accident management were published in November 2012 by ASN and transmitted to the Government.</s>
        <s id="148:2" lang="en">Work is ongoing to enhance certain elements: waste management, non-food goods control, implication of stakeholders in post-accident management.</s>
        <s id="148:3" lang="en">Annual exercises now include the first phase of post-accident management.</s>
      </p>
      <p id="149">
        <s id="149:1" lang="en">- Participation of France in OECD/NEA Committee on Radiation Protection and Public Health.</s>
      </p>
      <p id="150">
        <s id="150:1" lang="en">Member States, the IAEA secretariat and other relevant stakeholders to facilitate the use of available information, expertise and techniques regarding the removal of damaged nuclear fuel and the management and disposal of radioactive waste resulting from a nuclear emergency.</s>
      </p>
      <p id="151">
        <s id="151:1" lang="en">Thanks to its long experience, AREVA is ready to contribute to the damaged fuel removal.</s>
      </p>
      <p id="152">
        <s id="152:1" lang="en">Member States, the IAEA secretariat and other relevant stakeholders to share information regarding the assessment of radiation doses and any associated impacts on people and the environment.</s>
      </p>
      <p id="153">
        <s id="153:1" lang="en">Treating people exposed to radiation in the specialized services of French hospitals: IRSN and Percy hospital are currently in discussions with the IAEA and some South American countries with a view to developing an international technical cooperation project.</s>
      </p>
      <p id="154">
        <s id="154:1" lang="en">Member States, with the assistance of the IAEA secretariat, to strengthen the emergency notification system, and reporting and information sharing arrangements and capabilities.</s>
      </p>
      <p id="155">
        <s id="155:1" lang="en">Continuous improvement of the emergency notification system (see actions 1 and 3).</s>
      </p>
      <p id="156">
        <s id="156:1" lang="en">Member States, with the assistance of the IAEA secretariat, to enhance the transparency and effectiveness of communication among operators, regulators and various international organizations, and strengthen the IAEA&apos;s coordinating role in this regard, underlining that the freest possible flow and wide dissemination of safety related technical and technological information enhances nuclear safety.</s>
      </p>
      <p id="157">
        <s id="157:1" lang="en">The environment code contains general provisions for informing the public (systematic public consultation on regulatory draft texts, participation of the public in some authorization procedures, right of access of the public to environmental information)</s>
      </p>
      <p id="158">
        <s id="158:1" lang="en">It also provides for the right of the public access any information related to nuclear safety and for the creation of local information committees near each nuclear facility.</s>
      </p>
      <p id="159">
        <s id="159:1" lang="en">Participation of France in the &quot;Fukushima dialogue&quot;, a forum set by the International Commission on Radiological Protection to facilitate discussion between Japanese stakeholders (citizens, associations, elected representatives, teachers, etc.) and international experts.</s>
      </p>
      <p id="160">
        <s id="160:1" lang="en">The IAEA secretariat to provide Member States, international organizations and the general public with timely, clear, factually correct, objective and easily understandable information during a nuclear emergency on its potential consequences, including analysis of available information and prognosis of possible scenarios based on evidence, scientific knowledge and the capabilities of Member States.</s>
      </p>
      <p id="161">
        <s id="161:1" lang="en">Following consultation at national level, France made proposals to the IAEA secretariat to better define the Agency&apos;s role in the event of a nuclear crisis.</s>
        <s id="161:2" lang="en">The aim is to promote consultation in the international community, in particular within the context of the Emergency Preparedness and Response Expert Group.</s>
      </p>
      <p id="162">
        <s id="162:1" lang="en">The IAEA secretariat to organize international experts meetings to analyse all relevant technical aspects and learn the lessons from the Fukushima Daiichi nuclear power station accident.</s>
      </p>
      <p id="163">
        <s id="163:1" lang="en">The IAEA secretariat to facilitate and to continue sharing with Member States a fully transparent assessment of the accident at the Tokyo Electric Power Company&apos;s Fukushima Daiichi nuclear power station, in cooperation with Japan.</s>
      </p>
      <p id="164">
        <s id="164:1" lang="en">The IAEA secretariat and Member States, in consultation with the OECD/NEA and the IAEA International Nuclear and Radiological Event Scale (INES) Advisory Committee to review the application of the INES scale as a communication tool.</s>
      </p>
      <p id="165">
        <s id="165:1" lang="en">Relevant stakeholders, with assistance provided by the IAEA secretariat as appropriate, to conduct necessary research and development in nuclear safety, technology and engineering, including that related to existing and new design-specific aspects.</s>
      </p>
      <p id="166">
        <s id="166:1" lang="en">ASN, supported by its scientific committee, issues and publishes notices which identify subjects on which research is to be strengthened in the field of nuclear safety and radiation protection.</s>
        <s id="166:2" lang="en">Under the aegis of the national agency for research, several research projects related to nuclear safety and radiation protection are going to be carried out by IRSN, CEA, CNRS or universities starting in 2014.</s>
        <s id="166:3" lang="en">IRSN pursues research activities in different fields (human and environmental safety and radiation protection; development of codes; creation of databases ...).</s>
      </p>
      <p id="167">
        <s id="167:1" lang="en">CEA, EDF and AREVA cooperate within a joint research institute, coordinating work on second- and third-generation reactors and their fuel.</s>
      </p>
      <p id="168">
        <s id="168:1" lang="en">French entities are strongly involved in research programmes carried out in the Euratom and OECD/NEA frameworks.</s>
      </p>
      <p id="169">
        <s id="169:1" lang="en">Participation of France in the OECD/NEA Committee on the Safety of Nuclear Installations.</s>
      </p>
      <p id="170">
        <s id="170:1" lang="en">IRSN and Fukushima University signed a five-year collaboration agreement to share scientific information and data and carry out joint research projects involving experts from both entities.</s>
      </p>
      <p id="171">
        <s id="171:1" lang="en">Cooperation between IRSN and Japan Nuclear Energy Safety Organization on core fusion phenomena for generations II and III nuclear reactors.</s>
        <s id="171:2" lang="en">Reflection on complementarity of their future experimental programmes and of their computer codes.</s>
      </p>
      <p id="172">
        <s id="172:1" lang="en">Relevant stakeholders and the IAEA secretariat to utilize the results of research and development and to share them, as appropriate, to the benefit of all Member States.</s>
      </p>
      <p id="173">
        <s id="173:1" lang="en">CFE IRSN mentioned in actions 8 and 9.</s>
      </p>
      <p id="174">
        <s id="174:1" lang="en">Creation of the Technical Safety Organizations Forum to promote the sharing of information, experiences, lessons and safety cultures and to standardize nuclear safety practices according to the highest safety standards.</s>
      </p>
      <p id="175">
        <s id="175:1" lang="en">Participation of French institutes in the IAEA coordinated research projects.</s>
      </p>
      <p id="176">
        <s id="176:1" lang="en">Memorandum of understanding between Melodi, l&apos;Alliance, Eurados and NERIS platforms on radiation protection matters</s>
      </p>
    </body>
  </text>
</TEI.2>
