<?xml version="1.0" encoding="utf-8"?>
<TEI.2>
  <teiHeader>
    <fileDesc>
      <titleStmt>
        <title>The United Nations Parallel Corpus v1.0 - NPT/CONF.2015/PC.III/WP.42</title>
      </titleStmt>
      <publicationStmt>
        <publisher>United Nations DGACM</publisher>
        <pubPlace>New York</pubPlace>
        <date>20140506</date>
        <idno type="symbol">NPT/CONF.2015/PC.III/WP.42</idno>
        <idno type="jobno">N1432344</idno>
        <availability>
          <p>The following disclaimer, an integral part of the United Nations Parallel Corpus v1.0, 
             shall be respected in regard to the Corpus v1.0 (no other restrictions apply):</p>

          <p>The United Nations Parallel Corpus is made available without warranty of any kind, 
             explicit or implied. The United Nations specifically makes no warranties or 
             representations as to the accuracy or completeness of the information contained in 
             the United Nations corpus.</p>

          <p>Under no circumstances shall the United Nations be liable for any loss, liability,
             injury or damage incurred or suffered that is claimed to have resulted from the use
             of the United Nations Corpus. The use of the United Nations Corpus is at the user's 
             sole risk. The user specifically acknowledges and agrees that the United Nations is 
             not liable for the conduct of any user. If the user is dissatisfied with any of the 
             material provided in the United Nations Corpus, the users's sole and exclusive remedy 
             is to discontinue using the United Nations Corpus.</p>

          <p>When using the United Nations Corpus, the user must acknowledge the United Nations as the
             source of the information. For references, please use this reference:
             Ziemski, M., Junczys-Dowmunt, M., and Pouliquen, B. (2016) The United Nations
             Parallel Corpus, Language Resources and Evaluation (LREC’16), Portorož, Slovenia, 
             May 2016.</p>

          <p>Nothing herein shall constitute or be considered to be a limitation upon or waiver,
             express or implied, of the privileges and immunities of the United Nations, which
             are specifically reserved.</p>
        </availability>
        <distributor>http://conferences.unite.un.org/UNCorpus</distributor>
      </publicationStmt>
      <sourceDesc>
        <p>http://www.un.org/en/official-documents-system-search/index.html</p>
      </sourceDesc>
    </fileDesc>
    <profileDesc>
      <langUsage>
        <language ident="en">English</language>
      </langUsage>
    </profileDesc>
  </teiHeader>
  <text>
    <body>
      <p id="1">
        <s id="1:1" lang="en">Third session</s>
      </p>
      <p id="2">
        <s id="2:1" lang="en">New York, 28 April-9 May 2014</s>
      </p>
      <p id="3">
        <s id="3:1" lang="en">Nuclear disarmament</s>
      </p>
      <p id="4">
        <s id="4:1" lang="en">Working paper submitted by China</s>
      </p>
      <p id="5">
        <s id="5:1" lang="en">Nuclear disarmament and non-proliferation and the peaceful uses of nuclear energy are important elements of global nuclear governance, and have a direct bearing not only on global peace and stability, but also on the security of all countries and the well-being of humankind.</s>
        <s id="5:2" lang="en">All parties should focus on global nuclear governance, further enhance their common understanding and cooperation, and promote nuclear disarmament and non-proliferation and the peaceful uses of nuclear energy in a comprehensive, balanced and steady manner.</s>
      </p>
      <p id="6">
        <s id="6:1" lang="en">I. China&apos;s basic positions on nuclear disarmament are as follows:</s>
      </p>
      <p id="7">
        <s id="7:1" lang="en">(a) Universal security is the guiding principle of nuclear disarmament.</s>
        <s id="7:2" lang="en">A new security concept featuring mutual trust, mutual benefit, equality and coordination should be pursued.</s>
        <s id="7:3" lang="en">The legitimate and reasonable security concerns of all countries should be fully respected and accommodated.</s>
        <s id="7:4" lang="en">Efforts should be made to build relations among countries based on mutual understanding and trust.</s>
        <s id="7:5" lang="en">International disputes should be resolved peacefully through dialogue on a basis of equality.</s>
        <s id="7:6" lang="en">Efforts should be made to create a peaceful and stable international security environment which provides the necessary conditions for further progress towards nuclear disarmament;</s>
      </p>
      <p id="8">
        <s id="8:1" lang="en">(b) Strategic stability provides the basic assurances needed for nuclear disarmament.</s>
        <s id="8:2" lang="en">The principles of maintaining global strategic stability and undiminished security for all should be observed.</s>
        <s id="8:3" lang="en">Attempts to seek absolute strategic advantages should be abandoned, as should programmes to develop and deploy missile defence systems which undermine global and regional strategic stability.</s>
        <s id="8:4" lang="en">Efforts to promote multilateral negotiations on the prevention of an arms race in outer space, including the weaponization of outer space, should be vigorously pursued.</s>
        <s id="8:5" lang="en">The practice of providing a nuclear umbrella and the policy of nuclear sharing by some countries should also be abandoned;</s>
      </p>
      <p id="9">
        <s id="9:1" lang="en">(c) The step-by-step approach should be the fundamental means of promoting nuclear disarmament.</s>
        <s id="9:2" lang="en">Nuclear disarmament should be a just and reasonable process of gradual reduction towards a lower-level balance.</s>
        <s id="9:3" lang="en">Countries with the largest nuclear arsenals bear special responsibility and should continue to take the lead in making drastic and substantive reductions in those arsenals.</s>
        <s id="9:4" lang="en">When conditions are ripe, other nuclear-weapon States should also join the multilateral negotiations on nuclear disarmament.</s>
        <s id="9:5" lang="en">The international community should develop, at the appropriate time, a viable long-term plan comprising phased actions that steadily promote nuclear disarmament until all nuclear weapons are ultimately eliminated;</s>
      </p>
      <p id="10">
        <s id="10:1" lang="en">(d) Existing mechanisms should constitute important platforms for dealing with nuclear disarmament.</s>
        <s id="10:2" lang="en">The authority, universality and effectiveness of the Treaty on the Non-Proliferation of Nuclear Weapons should be maintained, and the important roles of such existing mechanisms as the First Committee of the General Assembly, the United Nations Disarmament Commission and the Conference on Disarmament should be given full play.</s>
        <s id="10:3" lang="en">Consultations on an equal footing and democratic decision-making on the basis of consensus will provide legal and institutional assurances for promoting the international arms control and disarmament process, including nuclear disarmament.</s>
      </p>
      <p id="11">
        <s id="11:1" lang="en">II. Proceeding from the above-mentioned basic positions, China proposes that, pending the complete prohibition and thorough destruction of all nuclear weapons, the following measures should be taken:</s>
      </p>
      <p id="12">
        <s id="12:1" lang="en">(a) All States not parties to the Treaty on the Non-Proliferation of Nuclear Weapons should accede to the Treaty as non-nuclear-weapon States at the earliest possible date, and should scrupulously implement the relevant obligations;</s>
      </p>
      <p id="13">
        <s id="13:1" lang="en">(b) All States should work together to promote the early entry into force of the Comprehensive Nuclear-Test-Ban Treaty.</s>
        <s id="13:2" lang="en">Pending the entry into force of the Treaty, all nuclear-weapon States should maintain existing moratoriums on nuclear-weapon test explosions;</s>
      </p>
      <p id="14">
        <s id="14:1" lang="en">(c) The Conference on Disarmament should begin at the earliest opportunity the negotiation of a treaty banning the production of fissile material for nuclear weapons or other nuclear explosive devices in accordance with the mandate established in document CD/1299, with the full participation of all the parties concerned.</s>
        <s id="14:2" lang="en">The United Nations group of governmental experts to make recommendations on possible aspects that could contribute to but not negotiate a treaty banning the production of fissile material for nuclear weapons or other nuclear explosive devices should carry out its work in strict accordance with its mandate under the relevant General Assembly resolution;</s>
      </p>
      <p id="15">
        <s id="15:1" lang="en">(d) Nuclear-weapon States should abandon the nuclear deterrence policy based on first use of nuclear weapons; not target their nuclear weapons against any country, or list any country as a target of nuclear strikes; ensure the security of nuclear weapons and avoid accidental or unauthorized launches of nuclear weapons; not use or threaten to use nuclear weapons against non-nuclear-weapon States or nuclear-weapon-free zones, and negotiate and conclude a legally binding international instrument in this regard in the Conference on Disarmament at an early date; and support efforts to establish nuclear-weapon-free zones or other weapons-of-mass-destruction-free zones.</s>
      </p>
    </body>
  </text>
</TEI.2>
