<?xml version="1.0" encoding="utf-8"?>
<TEI.2>
  <teiHeader>
    <fileDesc>
      <titleStmt>
        <title>The United Nations Parallel Corpus v1.0 - NPT/CONF.2015/PC.III/WP.43</title>
      </titleStmt>
      <publicationStmt>
        <publisher>United Nations DGACM</publisher>
        <pubPlace>New York</pubPlace>
        <date>20140507</date>
        <idno type="symbol">NPT/CONF.2015/PC.III/WP.43</idno>
        <idno type="jobno">N1432750</idno>
        <availability>
          <p>The following disclaimer, an integral part of the United Nations Parallel Corpus v1.0, 
             shall be respected in regard to the Corpus v1.0 (no other restrictions apply):</p>

          <p>The United Nations Parallel Corpus is made available without warranty of any kind, 
             explicit or implied. The United Nations specifically makes no warranties or 
             representations as to the accuracy or completeness of the information contained in 
             the United Nations corpus.</p>

          <p>Under no circumstances shall the United Nations be liable for any loss, liability,
             injury or damage incurred or suffered that is claimed to have resulted from the use
             of the United Nations Corpus. The use of the United Nations Corpus is at the user's 
             sole risk. The user specifically acknowledges and agrees that the United Nations is 
             not liable for the conduct of any user. If the user is dissatisfied with any of the 
             material provided in the United Nations Corpus, the users's sole and exclusive remedy 
             is to discontinue using the United Nations Corpus.</p>

          <p>When using the United Nations Corpus, the user must acknowledge the United Nations as the
             source of the information. For references, please use this reference:
             Ziemski, M., Junczys-Dowmunt, M., and Pouliquen, B. (2016) The United Nations
             Parallel Corpus, Language Resources and Evaluation (LREC’16), Portorož, Slovenia, 
             May 2016.</p>

          <p>Nothing herein shall constitute or be considered to be a limitation upon or waiver,
             express or implied, of the privileges and immunities of the United Nations, which
             are specifically reserved.</p>
        </availability>
        <distributor>http://conferences.unite.un.org/UNCorpus</distributor>
      </publicationStmt>
      <sourceDesc>
        <p>http://www.un.org/en/official-documents-system-search/index.html</p>
      </sourceDesc>
    </fileDesc>
    <profileDesc>
      <langUsage>
        <language ident="en">English</language>
      </langUsage>
    </profileDesc>
  </teiHeader>
  <text>
    <body>
      <p id="1">
        <s id="1:1" lang="en">Third session</s>
      </p>
      <p id="2">
        <s id="2:1" lang="en">New York, 28 April-9 May 2014</s>
      </p>
      <p id="3">
        <s id="3:1" lang="en">Proposal for an updated plan of action on nuclear disarmament to be adopted by the 2015 Review Conference of the Parties to the Treaty on the Non-Proliferation of Nuclear Weapons</s>
      </p>
      <p id="4">
        <s id="4:1" lang="en">Working paper submitted by Cuba</s>
      </p>
      <p id="5">
        <s id="5:1" lang="en">1. Cuba fully supports the working documents and proposals presented by the Group of Non-Aligned States Parties to the Treaty on the Non-Proliferation of Nuclear Weapons, including the proposed substantive recommendations for incorporation into the final document of the 2015 Review Conference of the Parties to the Treaty on the Non-Proliferation of Nuclear Weapons.</s>
      </p>
      <p id="6">
        <s id="6:1" lang="en">2. The 2015 Review Conference should adopt an updated plan of action on nuclear disarmament and take decisions on concrete actions to ensure the full implementation of all commitments and the unequivocal undertakings assumed by the nuclear-weapon States, at the 1995 Review and Extension Conference and the 2000 and 2010 Review Conferences, to accomplish the prohibition and total elimination of nuclear weapons.</s>
      </p>
      <p id="7">
        <s id="7:1" lang="en">3. Cuba proposes that the updated plan of action be adopted in 2015, including the following 10 actions, among others to be considered and decided by the States parties to the Treaty:</s>
      </p>
      <p id="8">
        <s id="8:1" lang="en">:: Action 1: To support the commencement of negotiations, immediately after the 2015 Review Conference, on a comprehensive convention on nuclear weapons to prohibit their possession, development, production, acquisition, testing, stockpiling, transfer, use or threat of use and to provide for their destruction within a specified framework of time.</s>
      </p>
      <p id="9">
        <s id="9:1" lang="en">:: Action 2: Pending the realization of the goal of the total elimination of nuclear weapons, to immediately start negotiations on the provision of effective, unconditional, non-discriminatory and irrevocable, universal, legally binding security assurances by all the nuclear-weapon States to all non-nuclear-weapon States parties to the Treaty against the use or threat of use of nuclear weapons under all circumstances.</s>
      </p>
      <p id="10">
        <s id="10:1" lang="en">:: Action 3: Pending the adoption of the unconditional, non-discriminatory and irrevocable security assurances, all nuclear-weapon States shall fully respect their existing commitments with regard to negative security assurances and shall extend these assurances, without any condition and discrimination, to all non-nuclear-weapon States parties to the Treaty.</s>
      </p>
      <p id="11">
        <s id="11:1" lang="en">:: Action 4: To demand the immediate and unconditional cessation of all nuclear weapon tests and the closure of all nuclear weapon test sites.</s>
        <s id="11:2" lang="en">All States parties that have not yet done so should close and dismantle, in a transparent, irreversible and verifiable manner, any remaining sites for nuclear test explosions and their associated infrastructure.</s>
      </p>
      <p id="12">
        <s id="12:1" lang="en">:: Action 5: To support the prohibition of all nuclear weapon test explosions or any other nuclear explosions, or nuclear weapon tests in any alternative ways, as well as the use of new technologies for upgrading the existing nuclear weapons systems.</s>
      </p>
      <p id="13">
        <s id="13:1" lang="en">:: Action 6: To urge the nuclear weapon-States to prohibit completely nuclear weapons research and to immediately cease all plans to further invest in modernizing, upgrading, refurbishing or extending the lives or other measures regarding the qualitative improvement of their nuclear weapons and related facilities and to end the production of new types of nuclear weapons.</s>
      </p>
      <p id="14">
        <s id="14:1" lang="en">:: Action 7: To support the commencement of negotiations and the adoption of a legally binding treaty to prevent and prohibit an arms race in outer space.</s>
      </p>
      <p id="15">
        <s id="15:1" lang="en">:: Action 8: To support the commencement of negotiations on a treaty banning the production of fissile materials for nuclear weapons and other nuclear explosive devices, including all practical measures to eliminate the past production and existing stockpiles of fissile materials for nuclear weapons and other nuclear explosive devices, in an irreversible and verifiable manner, taking into account both nuclear disarmament and nuclear non-proliferation objectives.</s>
      </p>
      <p id="16">
        <s id="16:1" lang="en">:: Action 9: To establish a clear deadline for the complete exclusion of the use and the threat of use of nuclear weapons from all the military and security policies, concepts and doctrines.</s>
      </p>
      <p id="17">
        <s id="17:1" lang="en">:: Action 10: To support the full implementation of General Assembly resolution 68/32 on the follow-up to the 2013 high-level meeting of the General Assembly on nuclear disarmament, through which the Assembly: (a) called for the urgent commencement of negotiations in the Conference on Disarmament for the early conclusion of a comprehensive convention on nuclear weapons to prohibit their possession, development, production, acquisition, testing, stockpiling, transfer, use or threat of use and to provide for their destruction; (b) decided to convene, no later than 2018, a United Nations high-level international conference on nuclear disarmament to review the progress made in this regard; and (c) declared 26 September as the International Day for the Total Elimination of Nuclear Weapons devoted to furthering this objective.</s>
      </p>
      <p id="18">
        <s id="18:1" lang="en">4. The 2015 Review Conference should establish a standing committee to monitor the implementation of the updated plan of action on nuclear disarmament and to make recommendations on additional steps to ensure the full implementation of article VI of the Treaty.</s>
      </p>
    </body>
  </text>
</TEI.2>
