<?xml version="1.0" encoding="utf-8"?>
<TEI.2>
  <teiHeader>
    <fileDesc>
      <titleStmt>
        <title>The United Nations Parallel Corpus v1.0 - NPT/CONF.2015/PC.III/WP.5</title>
      </titleStmt>
      <publicationStmt>
        <publisher>United Nations DGACM</publisher>
        <pubPlace>New York</pubPlace>
        <date>20140312</date>
        <idno type="symbol">NPT/CONF.2015/PC.III/WP.5</idno>
        <idno type="jobno">N1426241</idno>
        <availability>
          <p>The following disclaimer, an integral part of the United Nations Parallel Corpus v1.0, 
             shall be respected in regard to the Corpus v1.0 (no other restrictions apply):</p>

          <p>The United Nations Parallel Corpus is made available without warranty of any kind, 
             explicit or implied. The United Nations specifically makes no warranties or 
             representations as to the accuracy or completeness of the information contained in 
             the United Nations corpus.</p>

          <p>Under no circumstances shall the United Nations be liable for any loss, liability,
             injury or damage incurred or suffered that is claimed to have resulted from the use
             of the United Nations Corpus. The use of the United Nations Corpus is at the user's 
             sole risk. The user specifically acknowledges and agrees that the United Nations is 
             not liable for the conduct of any user. If the user is dissatisfied with any of the 
             material provided in the United Nations Corpus, the users's sole and exclusive remedy 
             is to discontinue using the United Nations Corpus.</p>

          <p>When using the United Nations Corpus, the user must acknowledge the United Nations as the
             source of the information. For references, please use this reference:
             Ziemski, M., Junczys-Dowmunt, M., and Pouliquen, B. (2016) The United Nations
             Parallel Corpus, Language Resources and Evaluation (LREC’16), Portorož, Slovenia, 
             May 2016.</p>

          <p>Nothing herein shall constitute or be considered to be a limitation upon or waiver,
             express or implied, of the privileges and immunities of the United Nations, which
             are specifically reserved.</p>
        </availability>
        <distributor>http://conferences.unite.un.org/UNCorpus</distributor>
      </publicationStmt>
      <sourceDesc>
        <p>http://www.un.org/en/official-documents-system-search/index.html</p>
      </sourceDesc>
    </fileDesc>
    <profileDesc>
      <langUsage>
        <language ident="en">English</language>
      </langUsage>
    </profileDesc>
  </teiHeader>
  <text>
    <body>
      <p id="1">
        <s id="1:1" lang="en">Third session</s>
      </p>
      <p id="2">
        <s id="2:1" lang="en">New York, 28 April-9 May 2014</s>
      </p>
      <p id="3">
        <s id="3:1" lang="en">Verification</s>
      </p>
      <p id="4">
        <s id="4:1" lang="en">Working paper submitted by the Group of Non-Aligned States Parties to the Treaty on the Non-Proliferation of Nuclear Weapons</s>
      </p>
      <p id="5">
        <s id="5:1" lang="en">1. The Group of Non-Aligned States Parties to the Treaty on the NonProliferation of Nuclear Weapons reaffirms that, under article III (1) of the Treaty, each non-nuclear-weapon State party to the Treaty undertakes to accept safeguards &quot;for the exclusive purpose of verification of the fulfilment of its obligations assumed under this Treaty with a view to preventing diversion of nuclear energy from peaceful uses to nuclear weapons or other nuclear explosive devices&quot;.</s>
      </p>
      <p id="6">
        <s id="6:1" lang="en">2. In this regard, the Group of Non-Aligned States Parties to the Treaty also reaffirms the importance and calls for strict observance of article III (3) of the Treaty, by which the required safeguards &quot;shall be implemented in a manner designed to comply with article IV of this Treaty, and to avoid hampering the economic or technological development of the parties or international cooperation in the field of peaceful nuclear activities, including the international exchange of nuclear material and equipment for the processing, use or production of nuclear material for peaceful purposes in accordance with the provisions of this article and the principle of safeguarding set forth in the preamble of the Treaty&quot;.</s>
      </p>
      <p id="7">
        <s id="7:1" lang="en">3. The Group of Non-Aligned States Parties to the Treaty fully recognizes that the International Atomic Energy Agency (IAEA), an independent intergovernmental, science- and technology-based organization, is the sole competent authority responsible for verification of the fulfilment of safeguard obligations assumed by States parties under the Treaty, with a view to preventing the diversion of nuclear energy from peaceful uses to nuclear weapons or other nuclear explosive devices, as well as the global focal point for nuclear technical cooperation.</s>
      </p>
      <p id="8">
        <s id="8:1" lang="en">4. The Group of Non-Aligned States Parties to the Treaty, while supporting the verification activities of IAEA, underlines the importance of strict observance of the IAEA statute and relevant comprehensive safeguards agreements in conducting verification activities.</s>
      </p>
      <p id="9">
        <s id="9:1" lang="en">5. In this connection, the Group of Non-Aligned States Parties to the Treaty, while stressing the importance of safeguards, underlines the essential responsibility of IAEA in maintaining and observing fully the principle of confidentiality regarding all information related to the implementation of safeguards in accordance with the Agency&apos;s statute and safeguards agreements.</s>
        <s id="9:2" lang="en">Since the Agency is the only organization that receives highly confidential and sensitive information on the nuclear facilities of member States, and given the undesirable incidences of leaks of such information, the Group emphasizes that the confidentiality of such information shall be fully respected and that the regime, for its protection, needs to be significantly strengthened.</s>
        <s id="9:3" lang="en">In the view of the Group, safeguards-related confidential information should not be provided in any way to any party not authorized by the Agency.</s>
        <s id="9:4" lang="en">The Group recalls IAEA General Conference resolution GC(57)/RES/13, paragraph 27, in which the IAEA Director General is urged to exercise the highest vigilance in ensuring the proper protection of classified safeguards information and is requested to continue to review and update the established procedure for the protection of classified safeguards information within the secretariat.</s>
      </p>
      <p id="10">
        <s id="10:1" lang="en">6. The Group of Non-Aligned States Parties to the Treaty stresses that all States members of IAEA shall strictly observe its statute and that nothing should be done to undermine its authority.</s>
        <s id="10:2" lang="en">Furthermore, the Group calls upon all States to avoid any pressure or interference in the Agency&apos;s activities, especially its verification process, that could jeopardize its efficiency and credibility.</s>
      </p>
      <p id="11">
        <s id="11:1" lang="en">7. The Group of Non-Aligned States Parties to the Treaty emphasizes the need to achieve worldwide application of the comprehensive safeguards system and calls upon all nuclear-weapon States and all States not parties to the Treaty to place all their nuclear facilities under IAEA full-scope safeguards.</s>
        <s id="11:2" lang="en">The Group calls upon the nuclear-weapon States to undertake to accept full-scope safeguards.</s>
        <s id="11:3" lang="en">This is to be set forth in an agreement to be concluded with IAEA in accordance with its statute, for the exclusive purpose of verification of the fulfilment of the nuclear-weapon States&apos; obligations assumed under the Treaty.</s>
      </p>
      <p id="12">
        <s id="12:1" lang="en">8. In the view of the Group of Non-Aligned States Parties to the Treaty, such agreement would be concluded with the aim of:</s>
      </p>
      <p id="13">
        <s id="13:1" lang="en">(a) Ensuring full compliance with the obligations assumed under article I of the Non-Proliferation Treaty;</s>
      </p>
      <p id="14">
        <s id="14:1" lang="en">(b) Providing baseline data regarding the fulfilment of obligations on nuclear disarmament and preventing further diversion of nuclear energy from peaceful uses to nuclear weapons or other nuclear explosive devices;</s>
      </p>
      <p id="15">
        <s id="15:1" lang="en">(c) Strictly observing the prohibition of transfer, which is inconsistent with the provisions, object and purpose of the Treaty, of any nuclear-related equipment, information, material and facilities, resources or devices and the extension of assistance in the nuclear scientific or technological fields to States not party to the Treaty, without exception.</s>
      </p>
      <p id="16">
        <s id="16:1" lang="en">9. The Group of Non-Aligned States Parties to the Treaty, mindful of the importance of article III of the Treaty in verifying the peaceful nature of nuclear programmes, reiterates that obligations under that article provide credible assurances for States parties to engage in the transfer of nuclear equipment, material and technology for peaceful purposes.</s>
        <s id="16:2" lang="en">Therefore, States parties to the Treaty are called upon to refrain from imposing or maintaining any restriction or limitation on the transfer of nuclear equipment, material and technology to other States parties with comprehensive safeguards agreements.</s>
      </p>
      <p id="17">
        <s id="17:1" lang="en">10. The Group of Non-Aligned States Parties to the Treaty stresses the statutory role of IAEA on nuclear disarmament, including applying safeguards on nuclear materials derived from the dismantling of nuclear weapons, and recognizes the Agency&apos;s capability of verifying nuclear disarmament agreements.</s>
      </p>
      <p id="18">
        <s id="18:1" lang="en">11. The Group of Non-Aligned States Parties to the Treaty strongly believes that the nuclear-weapon States, in implementing their unequivocal undertaking to totally eliminate their nuclear arsenals, should undertake further efforts, in a transparent, irreversible and internationally verifiable manner, to eliminate all types of nuclear weapons, deployed and non-deployed, as well as their nuclear weapon-related materials, including through unilateral, bilateral, regional and multilateral measures.</s>
        <s id="18:2" lang="en">Furthermore, the Group calls upon the nuclear-weapon States to dismantle or convert for peaceful uses facilities and related equipment for the production of fissile material for use in nuclear weapons or other nuclear explosive devices.</s>
      </p>
      <p id="19">
        <s id="19:1" lang="en">12. In this regard, the Group supports furthering the establishment of safeguarded worldwide nuclear disarmament and the development of appropriate legally binding verification arrangements, within the context of IAEA, to ensure the irreversible removal of fissile material from nuclear weapons or other nuclear explosive devices.</s>
        <s id="19:2" lang="en">The Group further urges the Review Conference to examine such legally binding verification arrangements and the means of making them operational, with the aim of ensuring the realization of that objective.</s>
      </p>
      <p id="20">
        <s id="20:1" lang="en">13. The Group of Non-Aligned States Parties to the Treaty recalls action 16 of the recommendations and follow-on actions of the 2010 Review Conference of the Parties to the Treaty and urges the nuclear-weapon States to commit to declaring to IAEA all weapon-grade fissile material and to place such material, as soon as practicable, under the supervision of IAEA or other relevant international verification and arrangements for the disposition of such material for peaceful purposes, to ensure that such material remains permanently outside military programmes.</s>
        <s id="20:2" lang="en">The Group calls upon the Conference to conduct an in-depth evaluation of the fulfilment of these commitments through the establishment of an international mechanism for monitoring the implementation of the action, which should be made mandatory for the nuclear-weapon States.</s>
      </p>
      <p id="21">
        <s id="21:1" lang="en">14. The Group of Non-Aligned States Parties to the Treaty also calls for the establishment by the Review Conference of a standing committee to monitor and verify the nuclear disarmament steps undertaken unilaterally or through bilateral agreements by the nuclear-weapon States.</s>
      </p>
    </body>
  </text>
</TEI.2>
