<?xml version="1.0" encoding="utf-8"?>
<TEI.2>
  <teiHeader>
    <fileDesc>
      <titleStmt>
        <title>The United Nations Parallel Corpus v1.0 - NPT/CONF.2015/PC.III/WP.6</title>
      </titleStmt>
      <publicationStmt>
        <publisher>United Nations DGACM</publisher>
        <pubPlace>New York</pubPlace>
        <date>20140314</date>
        <idno type="symbol">NPT/CONF.2015/PC.III/WP.6</idno>
        <idno type="jobno">N1426476</idno>
        <availability>
          <p>The following disclaimer, an integral part of the United Nations Parallel Corpus v1.0, 
             shall be respected in regard to the Corpus v1.0 (no other restrictions apply):</p>

          <p>The United Nations Parallel Corpus is made available without warranty of any kind, 
             explicit or implied. The United Nations specifically makes no warranties or 
             representations as to the accuracy or completeness of the information contained in 
             the United Nations corpus.</p>

          <p>Under no circumstances shall the United Nations be liable for any loss, liability,
             injury or damage incurred or suffered that is claimed to have resulted from the use
             of the United Nations Corpus. The use of the United Nations Corpus is at the user's 
             sole risk. The user specifically acknowledges and agrees that the United Nations is 
             not liable for the conduct of any user. If the user is dissatisfied with any of the 
             material provided in the United Nations Corpus, the users's sole and exclusive remedy 
             is to discontinue using the United Nations Corpus.</p>

          <p>When using the United Nations Corpus, the user must acknowledge the United Nations as the
             source of the information. For references, please use this reference:
             Ziemski, M., Junczys-Dowmunt, M., and Pouliquen, B. (2016) The United Nations
             Parallel Corpus, Language Resources and Evaluation (LREC’16), Portorož, Slovenia, 
             May 2016.</p>

          <p>Nothing herein shall constitute or be considered to be a limitation upon or waiver,
             express or implied, of the privileges and immunities of the United Nations, which
             are specifically reserved.</p>
        </availability>
        <distributor>http://conferences.unite.un.org/UNCorpus</distributor>
      </publicationStmt>
      <sourceDesc>
        <p>http://www.un.org/en/official-documents-system-search/index.html</p>
      </sourceDesc>
    </fileDesc>
    <profileDesc>
      <langUsage>
        <language ident="en">English</language>
      </langUsage>
    </profileDesc>
  </teiHeader>
  <text>
    <body>
      <p id="1">
        <s id="1:1" lang="en">Third session</s>
      </p>
      <p id="2">
        <s id="2:1" lang="en">New York, 28 April-9 May 2014</s>
      </p>
      <p id="3">
        <s id="3:1" lang="en">De-alerting</s>
      </p>
      <p id="4">
        <s id="4:1" lang="en">Joint working paper submitted by the members of the NonProliferation and Disarmament Initiative (Australia, Canada, Chile, Germany, Japan, Mexico, Nigeria, the Netherlands,</s>
      </p>
      <p id="5">
        <s id="5:1" lang="en">the Philippines, Poland, Turkey and the United Arab Emirates)</s>
      </p>
      <p id="6">
        <s id="6:1" lang="en">1. The 2000 Review Conference of the Parties to the Treaty on the</s>
      </p>
      <p id="7">
        <s id="7:1" lang="en">Non-Proliferation of Nuclear Weapons, in its consensus final document, included in its 13 practical steps towards nuclear disarmament the need for &quot;concrete agreed measures to further reduce the operational status of nuclear weapons systems&quot;.</s>
      </p>
      <p id="8">
        <s id="8:1" lang="en">2. Action 5 of the action plan adopted at the 2010 Review Conference of the Parties to the Treaty on the Non-Proliferation of Nuclear Weapons further highlighted the importance of de-alerting nuclear weapons.</s>
        <s id="8:2" lang="en">It called for nuclear-weapon States to &quot;commit to accelerate concrete progress&quot; on the 13 practical steps agreed at the 2000 Review Conference.</s>
        <s id="8:3" lang="en">It specifically called upon nuclear-weapon States to &quot;consider the legitimate interest of non-nuclear-weapon States in further reducing the operational status of nuclear weapons systems in ways that promote international stability and security&quot; (action 5 (e)) and to &quot;reduce the risk of accidental use of nuclear weapons&quot; (action 5 (f)).</s>
      </p>
      <p id="9">
        <s id="9:1" lang="en">3. The issue of de-alerting is also closely related to the other aims found in the action plan.</s>
        <s id="9:2" lang="en">For example, de-alerting may provide a much-needed boost to disarmament efforts (action 5 (a)) and help to de-emphasize the role of nuclear weapons (action 5 (c)).</s>
      </p>
      <p id="10">
        <s id="10:1" lang="en">4. As expressed in our ministerial statement of 26 September 2013, the members of the Non-Proliferation and Disarmament Initiative urged all nuclear-weapon States and those States outside of the Treaty on the Non-Proliferation of Nuclear Weapons to take steps towards de-alerting their nuclear forces to help lower the risk of inadvertent use.</s>
      </p>
      <p id="11">
        <s id="11:1" lang="en">5. A lowered operational readiness for nuclear weapons systems would demonstrate a commitment to reducing the role of nuclear weapons in security and defence doctrines.</s>
        <s id="11:2" lang="en">It would also be a valuable confidence-building measure and an important step towards nuclear disarmament.</s>
      </p>
      <p id="12">
        <s id="12:1" lang="en">6. While we acknowledge steps taken by the United States of America and the Russian Federation to mitigate the risk of avoidable nuclear war, including through the operation of nuclear risk reduction centres, we are concerned by the lack of declared or assumed reductions in operational status since the 2010 Review Conference.</s>
      </p>
      <p id="13">
        <s id="13:1" lang="en">7. The high alert nuclear force posture is based on a security environment that existed during the Cold War, but there has been no correspondingly significant change to reflect the major reduction in levels of tension since the end of the Cold War.</s>
      </p>
      <p id="14">
        <s id="14:1" lang="en">8. We therefore recommend that the 2015 Review Conference of the Parties to the Treaty on the Non-Proliferation of Nuclear Weapons:</s>
      </p>
      <p id="15">
        <s id="15:1" lang="en">(a) Urge all nuclear-weapon States to take concrete and meaningful steps, whether unilaterally, bilaterally or regionally, to implement actions 5 (e) and 5 (f) in the action plan adopted at the 2010 Review Conference;</s>
      </p>
      <p id="16">
        <s id="16:1" lang="en">(b) Call on all nuclear-weapon States to provide an update to States Parties to the Treaty on efforts they have undertaken to implement actions 5 (e) and 5 (f);</s>
      </p>
      <p id="17">
        <s id="17:1" lang="en">(c) Highlight the importance of nuclear armed States outside the Treaty also taking steps towards de-alerting their nuclear forces.</s>
      </p>
    </body>
  </text>
</TEI.2>
