<?xml version="1.0" encoding="utf-8"?>
<TEI.2>
  <teiHeader>
    <fileDesc>
      <titleStmt>
        <title>The United Nations Parallel Corpus v1.0 - NPT/CONF.2015/PC.III/WP.7</title>
      </titleStmt>
      <publicationStmt>
        <publisher>United Nations DGACM</publisher>
        <pubPlace>New York</pubPlace>
        <date>20140314</date>
        <idno type="symbol">NPT/CONF.2015/PC.III/WP.7</idno>
        <idno type="jobno">N1426540</idno>
        <availability>
          <p>The following disclaimer, an integral part of the United Nations Parallel Corpus v1.0, 
             shall be respected in regard to the Corpus v1.0 (no other restrictions apply):</p>

          <p>The United Nations Parallel Corpus is made available without warranty of any kind, 
             explicit or implied. The United Nations specifically makes no warranties or 
             representations as to the accuracy or completeness of the information contained in 
             the United Nations corpus.</p>

          <p>Under no circumstances shall the United Nations be liable for any loss, liability,
             injury or damage incurred or suffered that is claimed to have resulted from the use
             of the United Nations Corpus. The use of the United Nations Corpus is at the user's 
             sole risk. The user specifically acknowledges and agrees that the United Nations is 
             not liable for the conduct of any user. If the user is dissatisfied with any of the 
             material provided in the United Nations Corpus, the users's sole and exclusive remedy 
             is to discontinue using the United Nations Corpus.</p>

          <p>When using the United Nations Corpus, the user must acknowledge the United Nations as the
             source of the information. For references, please use this reference:
             Ziemski, M., Junczys-Dowmunt, M., and Pouliquen, B. (2016) The United Nations
             Parallel Corpus, Language Resources and Evaluation (LREC’16), Portorož, Slovenia, 
             May 2016.</p>

          <p>Nothing herein shall constitute or be considered to be a limitation upon or waiver,
             express or implied, of the privileges and immunities of the United Nations, which
             are specifically reserved.</p>
        </availability>
        <distributor>http://conferences.unite.un.org/UNCorpus</distributor>
      </publicationStmt>
      <sourceDesc>
        <p>http://www.un.org/en/official-documents-system-search/index.html</p>
      </sourceDesc>
    </fileDesc>
    <profileDesc>
      <langUsage>
        <language ident="en">English</language>
      </langUsage>
    </profileDesc>
  </teiHeader>
  <text>
    <body>
      <p id="1">
        <s id="1:1" lang="en">Third session</s>
      </p>
      <p id="2">
        <s id="2:1" lang="en">New York, 28 April-9 May 2014</s>
      </p>
      <p id="3">
        <s id="3:1" lang="en">Establishing a weapons-of-mass-destruction-free zone in the Middle East</s>
      </p>
      <p id="4">
        <s id="4:1" lang="en">Joint working paper submitted by the members of the</s>
      </p>
      <p id="5">
        <s id="5:1" lang="en">Non-Proliferation and Disarmament Initiative (Australia, Canada, Chile, Germany, Japan, Mexico, Nigeria, the Netherlands, the Philippines, Poland, Turkey and the United Arab Emirates)</s>
      </p>
      <p id="6">
        <s id="6:1" lang="en">1. The political situation in the Middle East is one of the most volatile in the world.</s>
        <s id="6:2" lang="en">The existence of ossified problems and the lack of confidence among the countries of the region have brought about constant tensions throughout the decades.</s>
      </p>
      <p id="7">
        <s id="7:1" lang="en">2. There is a build-up of weapons of mass destruction in the region.</s>
        <s id="7:2" lang="en">Some States of the region are still not party to the Treaty on the Non-Proliferation of Nuclear Weapons, the Biological and Toxin Weapons Convention or the Chemical Weapons Convention.</s>
        <s id="7:3" lang="en">Also, some States of the region have yet to agree to place their nuclear activities under full scope safeguards by the International Atomic Energy Agency.</s>
        <s id="7:4" lang="en">Questions remain about the nuclear capabilities of some States.</s>
        <s id="7:5" lang="en">There is a considerable stockpile of chemical weapons, and some States may be engaged in biological warfare-related activities.</s>
      </p>
      <p id="8">
        <s id="8:1" lang="en">3. To make matters worse, chemical weapons have, in fact, been used in the region, in the cases of Iraq and recently Syria, which led to humanitarian tragedies.</s>
        <s id="8:2" lang="en">Although the decisions of the Organization for the Prohibition of Chemical Weapons (OPCW) and Security Council resolution 2118 (2013) were adopted in September 2013, and Syria became a party to the Chemical Weapons Convention, the commitments by the Syrian authorities with regard to the elimination of the chemical weapons stockpile and production facilities are yet to be implemented despite a strict timetable set by the decision of the Executive Council of OPCW.</s>
      </p>
      <p id="9">
        <s id="9:1" lang="en">4. Weapons-of-mass-destruction-free zones should be established on the basis of arrangements freely arrived at among the States of the region concerned.</s>
        <s id="9:2" lang="en">They constitute an important intermediate step towards the ultimate goal, namely, complete disarmament.</s>
        <s id="9:3" lang="en">Given the seriousness and urgency of the situation, we are of the view that the Middle East is a priority region for the establishment of such a zone.</s>
      </p>
      <p id="10">
        <s id="10:1" lang="en">5. Few words can better explain the way forward than those of Queen Rania of Jordan, who said that &quot;to achieve a lasting peace in the Middle East takes guts, not guns&quot;.</s>
        <s id="10:2" lang="en">Unfortunately, we note that, 40 years after the adoption of the first General Assembly resolution calling for the establishment of a nuclear-weapon-free zone in the Middle East (resolution 3263 (XXIX)), the issue remains unresolved.</s>
      </p>
      <p id="11">
        <s id="11:1" lang="en">6. A number of other resolutions that have the same purpose as resolution 3263 (XXIX) have been adopted by consensus by the General Assembly since 1980.</s>
        <s id="11:2" lang="en">A number of Security Council resolutions have also endorsed the idea.</s>
        <s id="11:3" lang="en">Since 1991, International Atomic Energy Agency General Conferences have also annually adopted a resolution calling for the application of full-scope safeguards on all nuclear activities in the region as a necessary step for the establishment of such a zone.</s>
      </p>
      <p id="12">
        <s id="12:1" lang="en">7. At the 1995 Review and Extension Conference of the Parties to the Treaty on the Non-Proliferation of Nuclear Weapons, States parties agreed on a resolution on the Middle East.</s>
        <s id="12:2" lang="en">The resolution states that a future weapons-of-mass-destruction-free zone would commit parties not to possess, acquire, test, manufacture or use any nuclear, chemical and biological weapons as well as their delivery systems.</s>
        <s id="12:3" lang="en">The decision, adopted without a vote, to indefinitely extend the Non-Proliferation Treaty in 1995 was made possible through a negotiated package of texts that included the resolution on the Middle East as well as the decisions entitled &quot;Strengthening the review process for the Treaty&quot; and &quot;Principles and objectives for nuclear nonproliferation and disarmament&quot;.</s>
        <s id="12:4" lang="en">The Final Document of the 2000 Review Conference (NPT/CONF.2000/28 (Parts I and II)) recalled and reaffirmed the 1995 resolution.</s>
      </p>
      <p id="13">
        <s id="13:1" lang="en">8. At the 2010 Review Conference, States parties agreed on a decision to make progress on this issue.</s>
        <s id="13:2" lang="en">The United States of America, the Russian Federation and the United Kingdom of Great Britain and Northern Ireland committed to work together with the Secretary-General to convene a regional conference to discuss the issue in 2012.</s>
        <s id="13:3" lang="en">Subsequently, Finnish Ambassador Jaakko Laajava was appointed as Facilitator.</s>
        <s id="13:4" lang="en">Regrettably, however, an international conference on a weapons-of-mass-destruction-free zone in the Middle East that would have been attended by all countries of the region on the basis of arrangements freely arrived at was not convened in 2012.</s>
      </p>
      <p id="14">
        <s id="14:1" lang="en">9. All States of the Middle East should unite around the idea of rendering the region free of all weapons of mass destruction.</s>
        <s id="14:2" lang="en">Transforming the Middle East into a weapons-of-mass-destruction-free zone will be instrumental in reducing tensions and building confidence.</s>
      </p>
      <p id="15">
        <s id="15:1" lang="en">10. The Non-Proliferation and Disarmament Initiative firmly believes that the challenges that must be overcome to create a weapons-of-mass-destruction-free zone in the Middle East are difficult, but not insurmountable.</s>
        <s id="15:2" lang="en">If all countries of the region display the required political will and work in a spirit of cooperation, progress can be made.</s>
      </p>
      <p id="16">
        <s id="16:1" lang="en">11. We note the recent developments in the region that may improve the prospects for a weapons-of-mass-destruction-free zone conference.</s>
        <s id="16:2" lang="en">The Non-Proliferation and Disarmament Initiative hopes that this positive momentum can be maintained.</s>
      </p>
      <p id="17">
        <s id="17:1" lang="en">12. Patience is an important virtue when it comes to the Middle East.</s>
        <s id="17:2" lang="en">Nevertheless, we also need to be mindful that the challenge at hand is pressing and requires a prompt solution.</s>
      </p>
      <p id="18">
        <s id="18:1" lang="en">13. We welcome the discussions on a weapons-of-mass-destruction-free zone conference that took place in Glion, Switzerland, which we supported and closely followed.</s>
        <s id="18:2" lang="en">We believe that these meetings are significant occasions for the countries of the region to come together and discuss the prospect of a conference on a weapons-of-mass-destruction-free zone in the Middle East.</s>
        <s id="18:3" lang="en">The Non-Proliferation and Disarmament Initiative hopes that the consultation process will produce substantial outcomes that will facilitate the convening of the conference.</s>
      </p>
      <p id="19">
        <s id="19:1" lang="en">14. The members of the Non-Proliferation and Disarmament Initiative see the decision to postpone the conference as a missed opportunity, not a lost one.</s>
        <s id="19:2" lang="en">However, we are concerned that further delay or lack of tangible progress to convene a conference could have negative repercussions for the prospects for a successful 2015 Review Conference.</s>
      </p>
      <p id="20">
        <s id="20:1" lang="en">15. To this end, we, as the Non-Proliferation and Disarmament Initiative, recommend that:</s>
      </p>
      <p id="21">
        <s id="21:1" lang="en">:: The international community continue to pay special attention to the ultimate goal of establishing the Middle East as a zone free from all weapons of mass destruction;</s>
      </p>
      <p id="22">
        <s id="22:1" lang="en">:: Countries of the region work together to reach an agreement on the arrangements for the conference;</s>
      </p>
      <p id="23">
        <s id="23:1" lang="en">:: The Conveners and the Facilitator continue their efforts in a constructive, flexible and forward-looking manner so as to ensure that the conference is convened at the earliest convenience;</s>
      </p>
      <p id="24">
        <s id="24:1" lang="en">:: The Conveners, in consultation with the countries of the region, announce a new date for the postponed conference;</s>
      </p>
      <p id="25">
        <s id="25:1" lang="en">:: Countries of the region continue to work constructively with the Facilitator, Ambassador Laajava, and his team;</s>
      </p>
      <p id="26">
        <s id="26:1" lang="en">:: All interested States parties to the Non-Proliferation Treaty constructively assist the process to convene a conference;</s>
      </p>
      <p id="27">
        <s id="27:1" lang="en">:: Countries of the region work to strengthen mutual understanding and cooperation.</s>
      </p>
      <p id="28">
        <s id="28:1" lang="en">16. The Non-Proliferation and Disarmament Initiative will continue to follow this issue and stands ready to provide any support that the Conveners and the Facilitator may require.</s>
      </p>
    </body>
  </text>
</TEI.2>
