<?xml version="1.0" encoding="utf-8"?>
<TEI.2>
  <teiHeader>
    <fileDesc>
      <titleStmt>
        <title>The United Nations Parallel Corpus v1.0 - NPT/CONF.2015/PC.III/WP.8</title>
      </titleStmt>
      <publicationStmt>
        <publisher>United Nations DGACM</publisher>
        <pubPlace>New York</pubPlace>
        <date>20140313</date>
        <idno type="symbol">NPT/CONF.2015/PC.III/WP.8</idno>
        <idno type="jobno">N1426564</idno>
        <availability>
          <p>The following disclaimer, an integral part of the United Nations Parallel Corpus v1.0, 
             shall be respected in regard to the Corpus v1.0 (no other restrictions apply):</p>

          <p>The United Nations Parallel Corpus is made available without warranty of any kind, 
             explicit or implied. The United Nations specifically makes no warranties or 
             representations as to the accuracy or completeness of the information contained in 
             the United Nations corpus.</p>

          <p>Under no circumstances shall the United Nations be liable for any loss, liability,
             injury or damage incurred or suffered that is claimed to have resulted from the use
             of the United Nations Corpus. The use of the United Nations Corpus is at the user's 
             sole risk. The user specifically acknowledges and agrees that the United Nations is 
             not liable for the conduct of any user. If the user is dissatisfied with any of the 
             material provided in the United Nations Corpus, the users's sole and exclusive remedy 
             is to discontinue using the United Nations Corpus.</p>

          <p>When using the United Nations Corpus, the user must acknowledge the United Nations as the
             source of the information. For references, please use this reference:
             Ziemski, M., Junczys-Dowmunt, M., and Pouliquen, B. (2016) The United Nations
             Parallel Corpus, Language Resources and Evaluation (LREC’16), Portorož, Slovenia, 
             May 2016.</p>

          <p>Nothing herein shall constitute or be considered to be a limitation upon or waiver,
             express or implied, of the privileges and immunities of the United Nations, which
             are specifically reserved.</p>
        </availability>
        <distributor>http://conferences.unite.un.org/UNCorpus</distributor>
      </publicationStmt>
      <sourceDesc>
        <p>http://www.un.org/en/official-documents-system-search/index.html</p>
      </sourceDesc>
    </fileDesc>
    <profileDesc>
      <langUsage>
        <language ident="en">English</language>
      </langUsage>
    </profileDesc>
  </teiHeader>
  <text>
    <body>
      <p id="1">
        <s id="1:1" lang="en">Third session</s>
      </p>
      <p id="2">
        <s id="2:1" lang="en">New York, 28 April-9 May 2014</s>
      </p>
      <p id="3">
        <s id="3:1" lang="en">Addressing &quot;Vienna issues&quot;: the Comprehensive NuclearTest-Ban Treaty; compliance and verification; export controls; cooperation in the peaceful uses of nuclear energy; nuclear safety; and nuclear security</s>
      </p>
      <p id="4">
        <s id="4:1" lang="en">Working paper submitted by Australia, Austria, Canada, Denmark, Finland, Hungary, Ireland, the Netherlands,</s>
      </p>
      <p id="5">
        <s id="5:1" lang="en">New Zealand, Norway, and Sweden (the Vienna Group of Ten)</s>
      </p>
      <p id="6">
        <s id="6:1" lang="en">1. The Vienna Group of Ten reconfirms its full commitment to the Treaty on the Non-Proliferation of Nuclear Weapons.</s>
        <s id="6:2" lang="en">The Treaty is the cornerstone of the international disarmament and non-proliferation regime and fundamentally contributes to international peace and security.</s>
        <s id="6:3" lang="en">The Vienna Group of Ten places great importance on the universalization of the Treaty, and encourages all States that have not acceded to the Treaty to do so as soon as possible.</s>
      </p>
      <p id="7">
        <s id="7:1" lang="en">2. This working paper on the implementation of the action plan of the 2010 Review Conference of the Parties to the Treaty is designed to bring the so-called Vienna issues -- the peaceful issues of nuclear energy, nuclear safety, security and safeguards, export controls and nuclear testing -- into focus for participants at the 2014 Preparatory Committee and aims to ensure that these issues are given appropriate weight at the 2015 Review Conference.</s>
        <s id="7:2" lang="en">It begins with an overview of the key issues in the order they are set out in the 2010 Review Conference outcomes document, submits a series of proposals for the Preparatory Committee&apos;s consideration, and provides more detailed analysis of the issues in annexes I to VI.</s>
      </p>
      <p id="8">
        <s id="8:1" lang="en">3. The Non-Proliferation Treaty plays a unique role in providing a framework that fosters international confidence and cooperation in the peaceful uses of nuclear energy.</s>
        <s id="8:2" lang="en">By aiming to ensure that nuclear materials, equipment, technology and facilities do not contribute to nuclear proliferation, the Treaty creates the necessary basis for technological transfer and cooperation.</s>
      </p>
      <p id="9">
        <s id="9:1" lang="en">4. Following the success of the 2010 Review Conference, progress has been made, but much work remains to be done to take its 64-point action plan forward.</s>
        <s id="9:2" lang="en">Slow progress on the implementation of nuclear disarmament commitments, the lack of universality and a number of pressing non-compliance challenges have had the net effect of undermining confidence in the Treaty itself.</s>
      </p>
      <p id="10">
        <s id="10:1" lang="en">5. The three pillars of the Non-Proliferation Treaty remain equally important and mutually reinforcing.</s>
        <s id="10:2" lang="en">The Vienna Group of Ten calls on all States, including those outside the Treaty, to redouble their efforts towards the fundamental goals of the Treaty, including full and irreversible disarmament.</s>
      </p>
      <p id="11">
        <s id="11:1" lang="en">6. The Vienna Group of Ten reaffirms the pivotal role of the Comprehensive Nuclear-Test-Ban Treaty as a verifiable ban on nuclear test explosions and any other nuclear explosions.</s>
        <s id="11:2" lang="en">Even before the Treaty has entered into force, it has established a significant norm against testing and the Comprehensive Nuclear-Test-Ban Treaty Organization plays a valuable role in monitoring that States are not conducting nuclear tests, including through its network of monitoring stations.</s>
        <s id="11:3" lang="en">By building confidence, the Comprehensive Nuclear-Test-Ban Treaty constitutes a core element of nuclear disarmament and nuclear non-proliferation and is vital to the NonProliferation Treaty.</s>
        <s id="11:4" lang="en">The Vienna Group of Ten strongly encourages all States yet to do so to sign and/or ratify the Comprehensive Nuclear-Test-Ban Treaty without delay, in particular the eight remaining Annex 2 States, and to recognize the value of the Treaty for regional and international security.</s>
      </p>
      <p id="12">
        <s id="12:1" lang="en">7. The Vienna Group of Ten stresses that full confidence in the peaceful nature of State nuclear programmes requires all States parties to apply both a comprehensive safeguards agreement as well as an additional protocol, to submit all relevant materials and activities to International Atomic Energy Agency (IAEA) safeguards, to cooperate fully with IAEA to address all safeguards issues in a timely and appropriate manner in order to validate the correctness and completeness of their declarations, and to provide early design information on all planned nuclear facilities.</s>
        <s id="12:2" lang="en">In order for IAEA to effectively and efficiently implement safeguards, the Vienna Group of Ten welcomes the continuing progress being made on the conceptualization of the State-level concept and encourages all member States to support this important advancement in the application of safeguards.</s>
      </p>
      <p id="13">
        <s id="13:1" lang="en">8. The Vienna Group of Ten underlines the responsibility that all States parties have to ensure that their nuclear-related exports do not directly or indirectly assist the development of nuclear weapons or other nuclear explosive devices.</s>
        <s id="13:2" lang="en">Effective export controls are also central to cooperation in the peaceful uses of nuclear energy, which depends on the existence of a climate of confidence regarding nonproliferation.</s>
        <s id="13:3" lang="en">The Additional Protocol is an integral part of the IAEA safeguards system and, together with a comprehensive safeguards agreement, represents the current verification standard pursuant to article III.1 of the Treaty.</s>
        <s id="13:4" lang="en">This verification standard should be a condition for new supply arrangements to non-nuclear-weapon States.</s>
      </p>
      <p id="14">
        <s id="14:1" lang="en">9. The Vienna Group of Ten notes the numerous peaceful uses of nuclear energy, including in areas such as human health, water management, agriculture, food security and nutrition, energy and environmental protection.</s>
        <s id="14:2" lang="en">All States parties have a right to undertake research, production and use of nuclear energy for peaceful purposes, without discrimination and in conformity with the Non-Proliferation Treaty.</s>
        <s id="14:3" lang="en">IAEA plays an essential role in this regard, helping member States use nuclear techniques, where they offer an advantage over conventional methods, to address important development challenges, supporting the development of instruments, standards and codes of conduct to minimize harmful effects, as well as by helping States parties improve their scientific, technological and regulatory capabilities.</s>
      </p>
      <p id="15">
        <s id="15:1" lang="en">10. The Vienna Group of Ten recognizes the right for any State to decide upon its own energy policy, but emphasizes that safety in all activities throughout the nuclear fuel cycle is a prerequisite for the peaceful uses of nuclear energy, and that continuous efforts are needed to prevent complacency and ensure that all elements of safety culture are maintained at the optimal level.</s>
        <s id="15:2" lang="en">The Group reinforces the importance of ongoing international efforts to improve the global nuclear safety regime, including adherence to and development of the necessary non-binding and legally binding instruments, and the robust implementation of the IAEA Action Plan on Nuclear Safety.</s>
        <s id="15:3" lang="en">In this regard, the Group notes the central and ongoing role of IAEA in the sharing and applying the lessons learned from the accident at the Fukushima Daiichi nuclear power station and the importance of States continuing to take active steps to fulfil the actions contained in the Plan as a matter of priority and to help identify where it can be further strengthened.</s>
      </p>
      <p id="16">
        <s id="16:1" lang="en">11. The Vienna Group of Ten recalls that article III of the Non-Proliferation Treaty is designed to detect and prevent the diversion of nuclear material, equipment and technology.</s>
        <s id="16:2" lang="en">This relates not only to diversion risks at the State level, but also to the risk that individuals or subnational groups gain uncontrolled access to nuclear material, equipment and technology.</s>
        <s id="16:3" lang="en">Physical protection and measures to combat illicit trafficking are fundamental parts of a national nuclear security regime.</s>
        <s id="16:4" lang="en">The existence of an effective and sustainable national nuclear security regime should be a precondition for the transfer of nuclear material, sensitive equipment and technology.</s>
      </p>
      <p id="17">
        <s id="17:1" lang="en">Proposals to the Preparatory Committee</s>
      </p>
      <p id="18">
        <s id="18:1" lang="en">12. The Vienna Group of Ten therefore proposes that the Preparatory Committee submit the following draft recommendations to the Review Conference.</s>
      </p>
      <p id="19">
        <s id="19:1" lang="en">13. On the Comprehensive Nuclear-Test-Ban Treaty, that the Review Conference:</s>
      </p>
      <p id="20">
        <s id="20:1" lang="en">(a) Affirm that the Comprehensive Nuclear-Test-Ban Treaty is vital to the Non-Proliferation Treaty and constitutes a core element of the nuclear disarmament and nuclear non-proliferation regime;</s>
      </p>
      <p id="21">
        <s id="21:1" lang="en">(b) Underline that the entry into force of the Comprehensive</s>
      </p>
      <p id="22">
        <s id="22:1" lang="en">Nuclear-Test-Ban Treaty is of the utmost urgency as it provides the global community a permanent, non-discriminatory, and legally binding commitment to end nuclear weapon testing and all other nuclear explosions;</s>
      </p>
      <p id="23">
        <s id="23:1" lang="en">(c) Urge all States that have not yet done so to sign and/or ratify the Treaty without delay, in particular those remaining eight Annex 2 States necessary for the Treaty&apos;s entry into force;</s>
      </p>
      <p id="24">
        <s id="24:1" lang="en">(d) Urge all States to refrain from any action that would defeat the object and purpose of the Treaty, pending its entry into force;</s>
      </p>
      <p id="25">
        <s id="25:1" lang="en">(e) Recognize that the continued development of the Treaty&apos;s verification regime is vital to the effectiveness of the Treaty and to maintaining the norm that existing signatures and ratifications establish against nuclear testing; and</s>
      </p>
      <p id="26">
        <s id="26:1" lang="en">(f) Urge State Signatories to support the work of the Provisional Technical Secretariat to ensure that the technical aspects of the work of the Comprehensive Nuclear-Test-Ban Treaty Organization continue to move ahead so the verification regime shall be capable of meeting the verification requirements of the Treaty at its entry into force and to sustain political progress towards entry into force.</s>
      </p>
      <p id="27">
        <s id="27:1" lang="en">14. On compliance and verification, that the Review Conference:</s>
      </p>
      <p id="28">
        <s id="28:1" lang="en">(a) Underline the importance of building and maintaining confidence in the peaceful nature of nuclear activities in non-nuclear-weapon States;</s>
      </p>
      <p id="29">
        <s id="29:1" lang="en">(b) Call on all States to submit all relevant materials and activities, both current and future, to IAEA safeguards;</s>
      </p>
      <p id="30">
        <s id="30:1" lang="en">(c) Call for the universal application of IAEA safeguards by all States parties, and urge those States parties that have not yet done so to conclude a comprehensive safeguards agreement;</s>
      </p>
      <p id="31">
        <s id="31:1" lang="en">(d) Recognize the Additional Protocol as an integral part of the IAEA safeguards system, affirm that a comprehensive safeguards agreement, together with the Additional Protocol, represents the verification standard pursuant to article III(1) of the Treaty, and urge all States parties that have not yet done so to conclude and bring into force an additional protocol as soon as possible;</s>
      </p>
      <p id="32">
        <s id="32:1" lang="en">(e) Urge all States to cooperate fully with IAEA in implementing safeguards agreements and in expeditiously addressing anomalies, inconsistencies, and questions identified by IAEA to inform annual safeguards conclusions with respect to the correctness and completeness of States&apos; declarations;</s>
      </p>
      <p id="33">
        <s id="33:1" lang="en">(f) Note that, in order to draw well-founded safeguards conclusions, IAEA needs to receive early design information, in accordance with the 1992 decision of the IAEA Board of Governors (IAEA document GOV/2554/Attachment 2/Rev.2), and stress the need for all non-nuclear-weapon States parties to provide this information to the Agency on a timely basis; and</s>
      </p>
      <p id="34">
        <s id="34:1" lang="en">(g) Welcome the important work being undertaken by IAEA in the conceptualization of the State-level concept and the further implementation of</s>
      </p>
      <p id="35">
        <s id="35:1" lang="en">State-level approaches to additional States parties in order to increase the efficiency and effectiveness of the safeguards system.</s>
      </p>
      <p id="36">
        <s id="36:1" lang="en">15. On export controls, that the Review Conference:</s>
      </p>
      <p id="37">
        <s id="37:1" lang="en">(a) Reaffirm that all States parties are responsible for ensuring their</s>
      </p>
      <p id="38">
        <s id="38:1" lang="en">nuclear-related exports do not directly or indirectly assist the development of nuclear weapons or other nuclear explosive devices and that such exports are in full conformity with the objectives and purposes of the Treaty;</s>
      </p>
      <p id="39">
        <s id="39:1" lang="en">(b) Urge all States to apply in their export control regimes the Understandings of the Zangger Committee, which are designed to implement the obligations under article III of the Treaty, and make use of multilaterally negotiated and agreed guidelines and understandings;</s>
      </p>
      <p id="40">
        <s id="40:1" lang="en">(c) Stress that effective export controls are central to cooperation in the peaceful uses of nuclear energy;</s>
      </p>
      <p id="41">
        <s id="41:1" lang="en">(d) Reaffirm that the list of items triggering IAEA safeguards and the procedures for implementation, in accordance with article III, paragraph 2 of the Treaty, should be reviewed from time to time to take into account advances in technology, the proliferation sensitivity, and changes in procurement practices;</s>
      </p>
      <p id="42">
        <s id="42:1" lang="en">(e) Welcome the increasing adherence to export controls, encourage further progress in this regard, and call on all States parties to examine opportunities offered by the increasing adherence to export controls with a view to strengthening the global nuclear disarmament and non-proliferation regime;</s>
      </p>
      <p id="43">
        <s id="43:1" lang="en">(f) Reaffirm that new supply arrangements for the transfer of source or special fissionable material or equipment or material especially designed or prepared for the processing, use or production of special fissionable material to nonnuclear-weapon States should require, as a necessary precondition, acceptance of full-scope IAEA safeguards, and urge all States to require an additional protocol based on the model INFCIRC/540 (Corrected) as a condition for new supply arrangements.</s>
      </p>
      <p id="44">
        <s id="44:1" lang="en">16. On cooperation in the peaceful uses of nuclear energy, that the Review Conference:</s>
      </p>
      <p id="45">
        <s id="45:1" lang="en">(a) Recognize the benefits that can be obtained from the peaceful applications of nuclear energy and nuclear techniques and acknowledge the right of all States parties to undertake research, production and use of nuclear energy for peaceful purposes without discrimination and in conformity with articles I, II and III of the Treaty;</s>
      </p>
      <p id="46">
        <s id="46:1" lang="en">(b) Stress that adherence to, and compliance with, the non-proliferation and verification requirements of the Treaty is a precondition for cooperation in this field, and that the use of nuclear energy must also be accompanied by adherence to the highest levels of safety and security at all stages of the nuclear fuel cycle; and</s>
      </p>
      <p id="47">
        <s id="47:1" lang="en">(c) Underline the essential role of IAEA in assisting developing States parties in engaging in the peaceful applications of nuclear energy and nuclear techniques, including through the further development of instruments, standards and codes of conduct to ensure human safety and environmental protection.</s>
      </p>
      <p id="48">
        <s id="48:1" lang="en">17. On nuclear safety, that the Review Conference:</s>
      </p>
      <p id="49">
        <s id="49:1" lang="en">(a) Emphasize the importance for States and international organizations to continue to take active steps to enhance safety measures for all fuel cycle activities;</s>
      </p>
      <p id="50">
        <s id="50:1" lang="en">(b) Underline the central role of IAEA in enhancing the global nuclear safety regime, and in sharing and encouraging the application of lessons learned from the accident at the Fukushima Daiichi nuclear power station and emphasize the importance of States continuing to take active steps to fulfil the actions contained in the Nuclear Safety Action Plan as a matter of priority and to identify further scope for enhancing nuclear safety;</s>
      </p>
      <p id="51">
        <s id="51:1" lang="en">(c) Emphasize the need for States embarking on nuclear energy programmes to develop an adequate national technical, human and regulatory infrastructure to ensure safety and security for all fuel cycle activities in line with international standards, guidelines and recommendations at a very early stage of the process; and</s>
      </p>
      <p id="52">
        <s id="52:1" lang="en">(d) Emphasize the importance for all States, in particular those with nuclear fuel cycle activities, to become parties to all conventions and agreements relevant to safety and support the further development as necessary of legally binding instruments to ensure a better global safety and security framework.</s>
      </p>
      <p id="53">
        <s id="53:1" lang="en">18. On nuclear security, that the Review Conference:</s>
      </p>
      <p id="54">
        <s id="54:1" lang="en">(a) Underline the paramount importance of effective physical protection of nuclear material and nuclear facilities and the need for all States to maintain the highest standards of physical protection;</s>
      </p>
      <p id="55">
        <s id="55:1" lang="en">(b) Call for the acceleration of efforts to develop and implement a fully effective global nuclear security framework based on prevention, detection and response;</s>
      </p>
      <p id="56">
        <s id="56:1" lang="en">(c) Urge States that have not yet done so to become party to the Convention on the Physical Protection of Nuclear Material and the 2005 Amendment to the Convention as soon as possible;</s>
      </p>
      <p id="57">
        <s id="57:1" lang="en">(d) Underline the importance of the International Convention for the Suppression of Acts of Nuclear Terrorism, and urge all States to sign and ratify the Convention as soon as possible;</s>
      </p>
      <p id="58">
        <s id="58:1" lang="en">(e) Note with serious concern the illicit trafficking in nuclear and other radioactive material, equipment and technology;</s>
      </p>
      <p id="59">
        <s id="59:1" lang="en">(f) Recognize the increased need for all States to reinforce their efforts on improving existing control and cooperation mechanisms, including through membership of the IAEA Incident and Trafficking Database;</s>
      </p>
      <p id="60">
        <s id="60:1" lang="en">(g) Encourage States concerned to further minimize highly enriched uranium stocks and to further minimize their use, including by converting radioisotope production to low-enriched uranium targets and other non-highly enriched uranium technologies, taking into account the need for an assured and reliable supply of medical isotopes; and</s>
      </p>
      <p id="61">
        <s id="61:1" lang="en">(h) Welcome other initiatives, such as the Nuclear Security Summit, the Global Initiative to Combat Nuclear Terrorism, the Proliferation Security Initiative and the Global Partnership against the Spread of Weapons and Materials of Mass Destruction and encourage participating States to effectively follow-up their outcomes.</s>
      </p>
      <p id="62">
        <s id="62:1" lang="en">Comprehensive Nuclear-Test-Ban Treaty</s>
      </p>
      <p id="63">
        <s id="63:1" lang="en">1. The Vienna Group of Ten proposes that the Preparatory Committee submit the following draft recommendations to the Review Conference.</s>
        <s id="63:2" lang="en">On the Comprehensive Nuclear-Test-Ban Treaty, it is recommended that the Review Conference:</s>
      </p>
      <p id="64">
        <s id="64:1" lang="en">(c) Urge all States that have not yet to done so to sign and/or ratify the Comprehensive Nuclear-Test-Ban Treaty without delay, in particular those remaining eight Annex 2 States necessary for the Treaty&apos;s entry into force;</s>
      </p>
      <p id="65">
        <s id="65:1" lang="en">(d) Urge all States to refrain from any action that would defeat the object and purpose of the Comprehensive Nuclear-Test-Ban Treaty, pending its entry into force;</s>
      </p>
      <p id="66">
        <s id="66:1" lang="en">(f) Urge State Signatories to support the work of the Provisional Technical Secretariat to ensure that the technical aspects of the work of the Comprehensive Nuclear-Test-Ban Treaty Organization continue to move ahead so the verification regime shall be capable of meeting the verification requirements of the treaty at its entry into force and to sustain political progress towards entry into force.</s>
      </p>
      <p id="67">
        <s id="67:1" lang="en">2. The Comprehensive Nuclear-Test-Ban Treaty was an integral part of the 1995 decision to indefinitely extend the Non-Proliferation Treaty.</s>
        <s id="67:2" lang="en">Once in effect, it will provide the global community a permanent, non-discriminatory, and legally binding commitment to end nuclear weapon testing and all other nuclear explosions.</s>
        <s id="67:3" lang="en">It constrains the development of nuclear weapons and their qualitative improvement, which combats both horizontal and vertical nuclear proliferation.</s>
        <s id="67:4" lang="en">The provisions of article V of the Non-Proliferation Treaty should be interpreted in this light.</s>
      </p>
      <p id="68">
        <s id="68:1" lang="en">3. Almost two decades after it was opened for signature, the Comprehensive Nuclear-Test-Ban Treaty has yet to enter into force.</s>
        <s id="68:2" lang="en">There has been progress in ratification and there are continued efforts to that end: the Treaty has now been signed by 183 States, of which 162 have ratified, including 36 whose ratification is necessary for entry into force.</s>
        <s id="68:3" lang="en">Recalling the 2000 and 2010 Review Conferences, including the 2010 action plan, entry into force of the Comprehensive</s>
      </p>
      <p id="69">
        <s id="69:1" lang="en">Nuclear-Test-Ban Treaty remains of the utmost urgency.</s>
      </p>
      <p id="70">
        <s id="70:1" lang="en">4. Pending the Treaty&apos;s entry into force, States should refrain from any action that would defeat its object and purpose.</s>
        <s id="70:2" lang="en">Development of new types of nuclear weapons, for example, may result in the resumption of tests and a lowering of the nuclear threshold.</s>
        <s id="70:3" lang="en">Existing moratoriums on nuclear weapon test explosions and any other nuclear explosions must be maintained, but such moratoriums cannot serve as a substitute for ratifying the Treaty.</s>
      </p>
      <p id="71">
        <s id="71:1" lang="en">5. The eighth Article XIV Conference, held in September 2013 in New York, confirmed the continuing commitment of the international community to the Treaty and highlighted the importance of its earliest possible entry into force.</s>
        <s id="71:2" lang="en">The Ministerial Conference on the Comprehensive Nuclear-Test-Ban Treaty, to be held in New York in September 2014, provides an opportunity to reaffirm strong political support for the early entry into force of the Treaty.</s>
      </p>
      <p id="72">
        <s id="72:1" lang="en">6. The nuclear tests by the Democratic People&apos;s Republic of Korea in 2006, 2009 and 2013, which were detected by the Treaty&apos;s verification system and internationally condemned, undermine the international non-proliferation regimes and the object and purpose of the Treaty.</s>
        <s id="72:2" lang="en">These events further underlined the need for a universal and effective international monitoring and verification system for detecting nuclear explosions and highlight the importance of bringing the Treaty into force as soon as possible.</s>
      </p>
      <p id="73">
        <s id="73:1" lang="en">7. The Preparatory Commission for the Comprehensive Nuclear-Test-Ban Treaty Organization is making progress building the system to verify compliance with the Treaty at its entry into force.</s>
        <s id="73:2" lang="en">The goal of this work should be an effective, reliable, participatory and non-discriminatory verification system with global reach.</s>
        <s id="73:3" lang="en">All major components of the verification system, including the capability to conduct an on-site inspection, should be ready to meet the verification requirements of the Treaty by the time of its entry into force.</s>
        <s id="73:4" lang="en">An integrated field exercise, to be held later in 2014 in Jordan, should help develop, test and refine the procedures and tools to conduct on-site inspections, as well as provide inspectors with hands-on experience.</s>
      </p>
      <p id="74">
        <s id="74:1" lang="en">8. In order to enable the Provisional Technical Secretariat of the Preparatory Commission to complete its mandate, State Signatories should provide adequate resources and political support, as well as relevant expertise, and make every effort to ensure the technical aspects of its work sustain progress towards entry into force.</s>
      </p>
      <p id="75">
        <s id="75:1" lang="en">9. Widespread advocacy, outreach and capacity-building have the potential to support further ratifications of the Treaty.</s>
        <s id="75:2" lang="en">States that have recently ratified have a unique ability to engage countries yet to ratify, by sharing their experiences of ratification.</s>
        <s id="75:3" lang="en">The recently established Group of Eminent Persons also contributes to this process.</s>
      </p>
      <p id="76">
        <s id="76:1" lang="en">10. Extensive training courses in the framework of the Capacity Development Initiative as well as the Pilot Project have brought relevant experts from developing countries to technical meetings.</s>
        <s id="76:2" lang="en">These capacity-building activities contribute to enhanced awareness of the Treaty, help enable State Signatories to fulfil their verification responsibilities and address possible technical, scientific and legal challenges.</s>
      </p>
      <p id="77">
        <s id="77:1" lang="en">11. Data from the international monitoring and verification system should continue to be used for civil and scientific purposes, especially in the context of natural disasters and other emergency situations.</s>
        <s id="77:2" lang="en">There has recently been enhanced cooperation with other international organizations in this regard.</s>
      </p>
      <p id="78">
        <s id="78:1" lang="en">Compliance and verification</s>
      </p>
      <p id="79">
        <s id="79:1" lang="en">1. The Vienna Group of Ten proposes that the Preparatory Committee submit the following draft recommendations to the Review Conference.</s>
        <s id="79:2" lang="en">On compliance and verification, it is recommended that the Review Conference:</s>
      </p>
      <p id="80">
        <s id="80:1" lang="en">(c) Call for the universal application of IAEA safeguards by all States parties and urge those States parties that have not yet done so to conclude a comprehensive safeguards agreement;</s>
      </p>
      <p id="81">
        <s id="81:1" lang="en">(d) Recognize the Additional Protocol as an integral part of the IAEA safeguards system, affirm that a comprehensive safeguards agreement, together with the Additional Protocol, represents the verification standard pursuant to article III(1) of the Treaty on the Non-Proliferation of Nuclear Weapons, and urge all States parties that have not yet done so to conclude and bring into force an additional protocol as soon as possible;</s>
      </p>
      <p id="82">
        <s id="82:1" lang="en">2. Full compliance with all the provisions of the Treaty, including with relevant safeguards agreements and subsidiary arrangements, remains fundamentally important.</s>
        <s id="82:2" lang="en">The integrity of the Non-Proliferation Treaty depends upon full respect for the set of interrelated and mutually reinforcing obligations and rights of States parties conferred by the Treaty.</s>
      </p>
      <p id="83">
        <s id="83:1" lang="en">3. Article III(1) of the Treaty requires each non-nuclear-weapons State party to accept safeguards on all source and special fissionable material in all peaceful nuclear activities.</s>
        <s id="83:2" lang="en">A State&apos;s comprehensive safeguards agreement, based on document INFCIRC/153 (Corrected), embodies the obligation that the State account for and control all nuclear material subject to safeguards and provide the required design information and reports to IAEA.</s>
        <s id="83:3" lang="en">The Agency, as the competent authority designated under article III to apply safeguards, verifies the correctness and completeness of a State&apos;s declarations with a view to providing assurances of the non-diversion of nuclear material from declared activities and of the absence of undeclared nuclear material and activities.</s>
      </p>
      <p id="84">
        <s id="84:1" lang="en">4. While a comprehensive safeguards agreement is essential in providing measures for verifying the non-diversion of declared nuclear material, such measures alone are not sufficient for the Agency to provide credible assurances regarding the absence of undeclared nuclear material and activities.</s>
        <s id="84:2" lang="en">It is therefore necessary for a comprehensive safeguards agreement to be complemented by an additional protocol based on document INFCIRC/540 (Corrected).</s>
        <s id="84:3" lang="en">The implementation of an additional protocol provides increased confidence about a State&apos;s compliance with article II of the Treaty.</s>
        <s id="84:4" lang="en">The Additional Protocol is an integral part of the IAEA safeguards system and, together with a comprehensive safeguards agreement, represents the current verification standard pursuant to article III.1 of the Treaty.</s>
      </p>
      <p id="85">
        <s id="85:1" lang="en">5. States parties which have not yet done so should conclude and implement comprehensive safeguards agreements without further delay; all States should submit all nuclear material and activities, both current and future, to IAEA safeguards; and States parties which have not yet done so should conclude and bring into force an additional protocol as soon as possible and implement them provisionally pending their entry into force.</s>
      </p>
      <p id="86">
        <s id="86:1" lang="en">6. Annual safeguards conclusions drawn by IAEA are of critical importance to assess States&apos; compliance with their related obligations under the Non-Proliferation Treaty.</s>
        <s id="86:2" lang="en">All States should cooperate fully with IAEA in implementing safeguards agreements and in expeditiously addressing anomalies, inconsistencies and questions identified by IAEA with a view to obtaining and maintaining the required conclusions.</s>
        <s id="86:3" lang="en">The full use of all tools at the Agency&apos;s disposal for resolution of safeguards issues, including special inspections when deemed necessary, remains important.</s>
      </p>
      <p id="87">
        <s id="87:1" lang="en">7. Despite the widespread implementation of comprehensive safeguards agreements, 12 States have yet to fulfil their respective obligation under the Treaty.</s>
        <s id="87:2" lang="en">One hundred and forty-three States have signed additional protocols, and such protocols are in force for 122 States.</s>
        <s id="87:3" lang="en">Thus, a majority of States have accepted the verification standard.</s>
        <s id="87:4" lang="en">The comprehensive safeguards agreement and the Additional Protocol together allow for the application of integrated safeguards.</s>
        <s id="87:5" lang="en">States that have brought into force an additional protocol fully benefit from the increased efficiency under integrated safeguards as IAEA is able to draw a broader safeguards conclusion.</s>
      </p>
      <p id="88">
        <s id="88:1" lang="en">8. IAEA safeguards are fundamental to the nuclear non-proliferation regime and help to create an environment conducive to nuclear cooperation.</s>
        <s id="88:2" lang="en">The 2010 Review Conference of the Parties to the Treaty reaffirmed IAEA as the competent authority responsible for verifying and assuring, in accordance with the statute of IAEA and the IAEA safeguards system, compliance by States parties with their safeguards agreements undertaken in fulfilment of their obligations under article III, paragraph 1, of the Treaty with a view to preventing diversion of nuclear energy from peaceful uses to nuclear weapons or other nuclear explosive devices.</s>
      </p>
      <p id="89">
        <s id="89:1" lang="en">9. Any State party that does not comply with its obligations under the Treaty isolates itself through its own actions from the benefits of constructive international relationships and from the benefits accruing from adherence to the Treaty, including from cooperation in the peaceful uses of nuclear energy, until it enters into full compliance.</s>
        <s id="89:2" lang="en">The Group calls on those States that are currently non-compliant -- Iran, Syria and the Democratic People&apos;s Republic of Korea -- to move promptly to full compliance with their obligations.</s>
      </p>
      <p id="90">
        <s id="90:1" lang="en">10. In order to draw well-founded safeguards conclusions, IAEA needs to receive early design information in accordance with the IAEA Board of Governors&apos; 1992 decision, in GOV/2554/Attachment 2/Rev. 2, to determine, whenever appropriate, the status of any nuclear facilities and to verify, on an ongoing basis, that all nuclear material in non-nuclear-weapon States is placed under safeguards.</s>
        <s id="90:2" lang="en">All</s>
      </p>
      <p id="91">
        <s id="91:1" lang="en">non-nuclear-weapon States parties must provide this information to the Agency on a timely basis.</s>
      </p>
      <p id="92">
        <s id="92:1" lang="en">11. States should undertake early consultations with the Agency early in the design process to ensure that safeguards-relevant aspects relating to new nuclear facilities are taken into consideration in order to facilitate future safeguards implementation, from their initial planning stage through design, construction, operation and decommissioning.</s>
      </p>
      <p id="93">
        <s id="93:1" lang="en">12. The 1995 and 2010 Review Conferences confirmed that IAEA safeguards should be assessed and evaluated regularly.</s>
        <s id="93:2" lang="en">Decisions adopted by the IAEA policy bodies aimed at further strengthening the effectiveness and improving the efficiency of IAEA safeguards should be supported and implemented.</s>
      </p>
      <p id="94">
        <s id="94:1" lang="en">13. The State-level concept being implemented by IAEA represents a move towards a more effective and efficient safeguards systems that adheres fully to the principles of non-discriminatory, technical, objectives-based safeguards implementation.</s>
      </p>
      <p id="95">
        <s id="95:1" lang="en">Non-compliance challenges to the Treaty on the Non-Proliferation of Nuclear Weapons</s>
      </p>
      <p id="96">
        <s id="96:1" lang="en">a. The Democratic People&apos;s Republic of Korea&apos;s nuclear weapons programme remains a serious challenge to the international nuclear non-proliferation regime as well as to peace and stability in the Korean peninsula and beyond.</s>
        <s id="96:2" lang="en">Resolution GC(57)/RES/14 of the General Conference of the International Atomic Energy Agency (IAEA) at its fifty-seventh session highlighted serious concerns related to implementation of IAEA safeguards in the Democratic People&apos;s Republic of Korea.</s>
      </p>
      <p id="97">
        <s id="97:1" lang="en">b. The nuclear tests by the Democratic People&apos;s Republic of Korea in 2006, 2009, and 2013 demonstrate the urgent need for the Democratic People&apos;s Republic of Korea to comply with its obligations under the Non-Proliferation Treaty, and to allow for the return of IAEA inspectors and the reintroduction of IAEA safeguards.</s>
        <s id="97:2" lang="en">The latest nuclear test highlights the important role that the Agency needs to play in resolving the nuclear situation on the Korean peninsula.</s>
      </p>
      <p id="98">
        <s id="98:1" lang="en">c. Implementation of the E3/EU+3/Iran Joint Plan of Action is welcome and represents an important first step in verifying the exclusively peaceful nature of Iran&apos;s nuclear programme.</s>
        <s id="98:2" lang="en">The recently concluded IAEA-Iran Framework for Cooperation is also a positive step.</s>
        <s id="98:3" lang="en">Iran should cooperate fully with the Agency to address all past outstanding issues regarding its nuclear programme.</s>
        <s id="98:4" lang="en">The establishment of confidence in Iran&apos;s nuclear programme requires not only assurances of the non-diversion of declared nuclear material, but equally importantly, of the absence of undeclared nuclear material and activities.</s>
        <s id="98:5" lang="en">This can only be accomplished through Iran&apos;s full and transparent cooperation with IAEA.</s>
      </p>
      <p id="99">
        <s id="99:1" lang="en">d. In this context, serious concerns remain regarding Iran&apos;s nuclear programme, including the 2005 finding of the Board of Governors of Iran&apos;s non-compliance with its Non-Proliferation Treaty safeguards agreement, numerous subsequent resolutions of the Board of Governors, and the &quot;possible military dimensions&quot; of Iran&apos;s nuclear programme found in the annex to the Director General&apos;s November 2011 report.</s>
      </p>
      <p id="100">
        <s id="100:1" lang="en">e. The finding by the IAEA Board of Governors (resolution GOV/2011/36 of June 2011) that, based on the report of the Director General, the destroyed building at Dair Alzour was very likely a nuclear reactor and should have been declared by Syria, remains of concern.</s>
        <s id="100:2" lang="en">Failure to provide design information for the facility in accordance with Code 3.1 of Syria&apos;s subsidiary arrangements remain breaches of articles 41 and 42 of Syria&apos;s Non-Proliferation Treaty safeguards agreement, and constitute non-compliance with its obligations under its safeguards agreement with the Agency in the context of article XII.C of the Agency&apos;s statute.</s>
        <s id="100:3" lang="en">Syria must remedy its non-compliance as soon as possible in order to verify the peaceful nature of its nuclear programme.</s>
      </p>
      <p id="101">
        <s id="101:1" lang="en">Export controls</s>
      </p>
      <p id="102">
        <s id="102:1" lang="en">1. The Vienna Group of Ten proposes that the Preparatory Committee submit the following draft recommendations to the Review Conference.</s>
        <s id="102:2" lang="en">On export controls, it is recommended that the Review Conference:</s>
      </p>
      <p id="103">
        <s id="103:1" lang="en">(a) Reaffirm that all States parties are responsible for ensuring that their nuclear-related exports do not directly or indirectly assist the development of nuclear weapons or other nuclear explosive devices and that such exports are in full conformity with the objectives and purposes of the Treaty on the Non-Proliferation of Nuclear Weapons;</s>
      </p>
      <p id="104">
        <s id="104:1" lang="en">(b) Urge all States to apply in their export control regimes the understandings of the Zangger Committee, which are designed to implement the obligations under article III of the Treaty, and make use of multilaterally negotiated and agreed guidelines and understandings;</s>
      </p>
      <p id="105">
        <s id="105:1" lang="en">(d) Reaffirm that the list of items triggering International Atomic Energy Agency (IAEA) safeguards and the procedures for implementation, in accordance with article III, paragraph 2 of the Treaty, should be reviewed from time to time to take into account advances in technology, the proliferation sensitivity, and changes in procurement practices;</s>
      </p>
      <p id="106">
        <s id="106:1" lang="en">(e) Welcome the increasing adherence to export controls, encourage further progress in this regard and call on all States parties to examine opportunities offered by the increasing adherence to export controls with a view to strengthening the global nuclear disarmament and non-proliferation regime;</s>
      </p>
      <p id="107">
        <s id="107:1" lang="en">(f) Reaffirm that new supply arrangements for the transfer of source or special fissionable material or equipment or material especially designed or prepared for the processing, use or production of special fissionable material to non-nuclear-weapon States should require, as a necessary precondition, acceptance of full-scope IAEA safeguards, and urge all States to require an additional protocol based on the model INFCIRC/540 (Corrected) as a condition for new supply arrangements.</s>
      </p>
      <p id="108">
        <s id="108:1" lang="en">2. Export controls aim to ensure that nuclear trade for peaceful purposes does not contribute to the proliferation of nuclear weapons or other nuclear explosive devices, and that international trade and cooperation in the nuclear field, under article IV of the Treaty, is not hindered unduly in the process.</s>
        <s id="108:2" lang="en">Nuclear export controls are a legitimate, necessary and desirable means of implementing the obligations of States parties under article III of the Treaty, in order not to contribute to a nuclear explosive activity, an unsafeguarded nuclear fuel cycle activity, or acts of nuclear terrorism.</s>
      </p>
      <p id="109">
        <s id="109:1" lang="en">3. The existence of extensive covert networks related to the procurement and the supply of sensitive nuclear equipment and technology underline the need for all States to exercise vigilance in countering proliferation, including through their nuclear export controls.</s>
      </p>
      <p id="110">
        <s id="110:1" lang="en">4. There is a clear relationship between the non-proliferation obligations as set out in articles I, II and III and the objectives with regard to peaceful uses as set out in article IV of the Treaty.</s>
        <s id="110:2" lang="en">Nothing in the Treaty should be interpreted as affecting the inalienable right of all States parties to the Treaty to undertake research, production and use of nuclear energy for peaceful purposes, without discrimination and in conformity with articles I, II and III of the Treaty.</s>
        <s id="110:3" lang="en">Recipient States have an obligation to exercise appropriately stringent controls to prevent proliferation.</s>
      </p>
      <p id="111">
        <s id="111:1" lang="en">5. A number of States parties meet regularly in an informal group known as the Zangger Committee, in order to coordinate their implementation of article III, paragraph 2, of the Treaty, related to the supply of nuclear material and equipment.</s>
        <s id="111:2" lang="en">To this end, these States parties have adopted certain understandings, including a list of items triggering IAEA safeguards, for their exports to States not parties to the Treaty, as set forth in IAEA document INFCIRC/209, as amended.</s>
        <s id="111:3" lang="en">The Committee&apos;s understandings also relate to exports to non-nuclear-weapon States parties to the Treaty insofar as the recipient State should recognize the items on the trigger list, as well as the procedures and criteria under article III, paragraph 2, of the Treaty as a basis for its own export control decisions, including re-exports.</s>
        <s id="111:4" lang="en">The Committee provides important guidance to State parties in meeting their obligation under article III, paragraph 2, of the Treaty.</s>
      </p>
      <p id="112">
        <s id="112:1" lang="en">6. A number of States parties have informed IAEA that they cooperate on a voluntary basis through guidelines for their nuclear-related exports (INFCIRC/254, as amended).</s>
        <s id="112:2" lang="en">The Nuclear Suppliers Group guidelines play an important and useful role in the development of national export control policies and contribute to the international non-proliferation regime.</s>
      </p>
      <p id="113">
        <s id="113:1" lang="en">7. The list of items triggering IAEA safeguards and the procedures for implementation, in accordance with article III, paragraph 2, of the Treaty, should be reviewed from time to time so as to take into account advances in technology, proliferation sensitivity, and changes in procurement practices.</s>
        <s id="113:2" lang="en">In this context, the completion of the fundamental review of the control lists by the Nuclear Suppliers Group is a welcome development.</s>
      </p>
      <p id="114">
        <s id="114:1" lang="en">8. In September 2008, a number of States parties, participating in the Nuclear Suppliers Group, granted an India-specific exception to the full-scope safeguards requirement in the Nuclear Suppliers Group&apos;s export control guidelines, based on certain non-proliferation commitments and actions of India (IAEA document INFCIRC/734).</s>
        <s id="114:2" lang="en">India must continue to honour these commitments in full, noting that Governments participating in the Nuclear Suppliers Group have agreed to consult through regular channels on matters connected with the implementation of all aspects of the decision of the Nuclear Suppliers Group.</s>
      </p>
      <p id="115">
        <s id="115:1" lang="en">9. Guidelines from export control regimes are finding increasing acceptance and application by national authorities and the number of States participating in these regimes continues to grow.</s>
        <s id="115:2" lang="en">All States parties should consider the opportunities offered by the increasing adherence to export controls with a view to strengthening the global nuclear disarmament and non-proliferation regime.</s>
      </p>
      <p id="116">
        <s id="116:1" lang="en">10. Notwithstanding the 2008 decision of the Nuclear Suppliers Group, the principle that new supply arrangements for the transfer of source or special fissionable material, or equipment or material especially designed or prepared for the processing, use or production of special fissionable material, to non-nuclear-weapon States should require, as a necessary precondition, acceptance of full-scope IAEA safeguards and internationally legally binding commitments not to acquire nuclear weapons or other nuclear explosive devices remains important.</s>
        <s id="116:2" lang="en">Those supplier States that have not yet done so should require the fulfilment of such conditions without delay.</s>
      </p>
      <p id="117">
        <s id="117:1" lang="en">11. Since all non-nuclear-weapon States parties to the Treaty have a legal obligation under article III to accept safeguards stipulated under the Treaty, and a comprehensive safeguards agreement, together with an additional protocol, represents the current verification standard for Treaty safeguards, this verification standard should be a condition for new supply arrangements to non-nuclear-weapon States.</s>
        <s id="117:2" lang="en">The Additional Protocol contains important provisions related to reporting to IAEA on the export and import of nuclear-related equipment.</s>
      </p>
      <p id="118">
        <s id="118:1" lang="en">12. Article III of the Treaty is designed to detect and prevent the diversion of nuclear material, equipment and technology.</s>
        <s id="118:2" lang="en">This relates to diversion not only at the State level, but also to individuals or subnational groups.</s>
        <s id="118:3" lang="en">Transfers of nuclear material, sensitive equipment or technology should take place only if the recipient State has in place an effective and adequate national regime of nuclear security.</s>
        <s id="118:4" lang="en">This regime comprises Treaty-related IAEA safeguards, an adequate system of physical protection, a minimum set of measures to combat illicit trafficking, and rules and regulations for appropriate export controls in case of re-transfers.</s>
      </p>
      <p id="119">
        <s id="119:1" lang="en">13. While the responsibility for establishing and implementing such a regime rests with the concerned State, supplying States parties have the responsibility to seek assurance that such a regime is in place in the recipient State as a necessary precondition for their receiving nuclear supplies.</s>
      </p>
      <p id="120">
        <s id="120:1" lang="en">Cooperation in the peaceful uses of nuclear energy</s>
      </p>
      <p id="121">
        <s id="121:1" lang="en">1. The Vienna Group of Ten proposes the Preparatory Committee submit the following draft recommendations to the Review Conference.</s>
        <s id="121:2" lang="en">On cooperation in the peaceful uses of nuclear energy, it is recommended that the Review Group:</s>
      </p>
      <p id="122">
        <s id="122:1" lang="en">(a) Recognize the benefits that can be obtained from the peaceful applications of nuclear energy and nuclear techniques and acknowledge the right of all States parties to undertake research, production and use of nuclear energy for peaceful purposes without discrimination and in conformity with articles I, II and III of the Treaty on the Non-Proliferation of Nuclear Weapons;</s>
      </p>
      <p id="123">
        <s id="123:1" lang="en">(b) Stress that adherence to, and compliance with, the non-proliferation and verification requirements of the Treaty is a preconditions for cooperation in this field, and that the use of nuclear energy must also be accompanied by adherence to the highest levels of safety and security at all stages of the nuclear fuel cycle; and</s>
      </p>
      <p id="124">
        <s id="124:1" lang="en">(c) Underline the essential role of the International Atomic Energy Agency (IAEA) in assisting developing States parties in engaging in the peaceful applications of nuclear energy and nuclear techniques, including through the further development of instruments, standards and codes of conduct to ensure human safety and environmental protection.</s>
      </p>
      <p id="125">
        <s id="125:1" lang="en">2. For the purposes of article IV of the Treaty, &quot;nuclear energy&quot; embraces both power and non-power applications.</s>
        <s id="125:2" lang="en">All States parties to the Treaty have an inalienable right to undertake research, production and use of nuclear energy for peaceful purposes without discrimination and in conformity with articles I, II and III of the Treaty.</s>
        <s id="125:3" lang="en">States parties may choose individually not to exercise all their rights, or to exercise those rights collectively.</s>
      </p>
      <p id="126">
        <s id="126:1" lang="en">3. All States parties to the Treaty have undertaken to facilitate, and have the right to participate in, the fullest possible exchange of equipment, material, services and scientific and technological information for the peaceful uses of nuclear energy in a safe and secure environment.</s>
      </p>
      <p id="127">
        <s id="127:1" lang="en">4. Nuclear applications play an essential role in areas such as human health, water management, agriculture, food safety and nutrition, energy and environmental protection.</s>
        <s id="127:2" lang="en">Nuclear applications make a considerable contribution to advancing the Millennium Development Goals and the IAEA technical cooperation programme plays an important role in this regard.</s>
        <s id="127:3" lang="en">The IAEA Peaceful Uses Initiative is a flexible and efficient instrument that provides additional, extrabudgetary contributions to this programme.</s>
      </p>
      <p id="128">
        <s id="128:1" lang="en">5. IAEA plays an essential role assisting States party in the peaceful uses of nuclear energy through the development of programmes aimed at improving their scientific, technological and regulatory capabilities.</s>
        <s id="128:2" lang="en">The Vienna Group welcomes the Agency&apos;s efforts to enhance the effectiveness and efficiency of these programmes.</s>
        <s id="128:3" lang="en">Close cooperation with other States parties and international organizations, notably of the United Nations system, facilitates synergies and minimizes overlap.</s>
      </p>
      <p id="129">
        <s id="129:1" lang="en">6. The IAEA medium-term strategy is important for technical cooperation through model project standards and expanded use of country programme commitment as a prerequisite for such cooperation.</s>
        <s id="129:2" lang="en">IAEA should continue taking this objective, and the needs of developing countries, notably least developed countries, and the Millennium Development Goals into account when planning its future activities.</s>
      </p>
      <p id="130">
        <s id="130:1" lang="en">7. When developing nuclear energy, including nuclear power, it remains important to ensure that the use of nuclear energy is accompanied by commitments to and ongoing implementation of safeguards as well as the highest levels of safety and security at all stages of the nuclear fuel cycle.</s>
        <s id="130:2" lang="en">Instruments, standards and codes of conduct developed within the framework of IAEA to prevent and/or mitigate harmful effects on human safety and the environment are of great importance in this regard.</s>
        <s id="130:3" lang="en">When developing nuclear energy, it remains important to ensure that the technical and regulatory infrastructure, a skilled workforce, as well as a legislative framework and regulatory bodies, are in place.</s>
      </p>
      <p id="131">
        <s id="131:1" lang="en">Nuclear safety</s>
      </p>
      <p id="132">
        <s id="132:1" lang="en">1. The Vienna Group of Ten proposes that the Preparatory Committee submit the following draft recommendations to the Review Conference.</s>
        <s id="132:2" lang="en">On nuclear safety, it is recommended that Review Conference:</s>
      </p>
      <p id="133">
        <s id="133:1" lang="en">(b) Underline the central role of the International Atomic Energy Agency (IAEA) in enhancing the global nuclear safety regime, and in sharing and encouraging the application of lessons learned from the accident at the Fukushima Daiichi nuclear power station and emphasize the importance of States continuing to take active steps to fulfil the actions contained in the Nuclear Security Action Plan as a matter of priority and to identify further scope for enhancing nuclear safety;</s>
      </p>
      <p id="134">
        <s id="134:1" lang="en">2. Safety in all activities throughout the nuclear fuel cycle is a prerequisite for the peaceful uses of nuclear energy.</s>
        <s id="134:2" lang="en">Continuous efforts are needed to prevent complacency and ensure that all elements of safety culture are maintained at the optimal level.</s>
        <s id="134:3" lang="en">Although primary responsibility for the safety of nuclear installations rests with individual States, international cooperation is vital for the exchange of knowledge and learning from best practices.</s>
      </p>
      <p id="135">
        <s id="135:1" lang="en">3. IAEA activities directed towards strengthening nuclear safety are crucial, including in operating power and research reactors and recognizing that ongoing challenges for safety include the ageing of facilities.</s>
      </p>
      <p id="136">
        <s id="136:1" lang="en">4. The international community strengthened its focus on nuclear safety following the 11 March 2011 earthquake and tsunami in Japan and the subsequent accident at the Fukushima Daiichi nuclear power station, including through the Declaration adopted by the IAEA Ministerial Conference on Nuclear Safety in June 2011, the High-level Meeting on Nuclear Safety and Security hosted by the Secretary-General in September 2011 and the subsequent Nuclear Safety Action Plan endorsed by the IAEA General Conference in 2011.</s>
      </p>
      <p id="137">
        <s id="137:1" lang="en">5. The strength of the Action Plan will be in its robust implementation, including prioritization, as new lessons are learned and weaknesses are identified.</s>
        <s id="137:2" lang="en">IAEA has a central role to play in implementation of the Plan, including through its ongoing initiatives, including international expert meetings, safety assessments and peer review service missions.</s>
        <s id="137:3" lang="en">All States with nuclear facilities should host IAEA review missions on a regular basis, as provided for in the Plan.</s>
        <s id="137:4" lang="en">Further steps to increase States&apos; commitment to these missions, for example by agreeing on a mandatory periodicity of peer reviews, would be welcome.</s>
      </p>
      <p id="138">
        <s id="138:1" lang="en">6. Nuclear and radiological incidents and emergencies, and acts with malicious intent associated with nuclear and radiological terrorism, may lead to significant radiological consequences over wide geographical areas, generate a pressing need for authoritative information to address public and media concerns, and require an effective international response.</s>
      </p>
      <p id="139">
        <s id="139:1" lang="en">7. The IAEA Safety Standards Commission and Committees continues to prepare internationally recognized safety fundamentals, requirements and guides.</s>
        <s id="139:2" lang="en">The IAEA Fundamental Safety Principles continue to provide a unified conceptual basis for the ongoing development of safety standards.</s>
      </p>
      <p id="140">
        <s id="140:1" lang="en">8. Adequate and independent national technical, human and regulatory infrastructure is of crucial importance, and challenges remain with regard to the availability of well-trained staff.</s>
        <s id="140:2" lang="en">Therefore sustainable programmes for education and training are of fundamental importance, and technical cooperation and assistance play an important role in developing national infrastructure.</s>
      </p>
      <p id="141">
        <s id="141:1" lang="en">9. The Convention on Nuclear Safety remains of central importance and States operating, constructing or planning nuclear power reactors, or considering a nuclear power programme, should become a party.</s>
        <s id="141:2" lang="en">The voluntary application of the relevant provisions of the Convention to other nuclear installations dedicated to the peaceful uses of nuclear energy is important.</s>
        <s id="141:3" lang="en">The Sixth Review Meeting of the Parties to the Convention, to be held in 2014, provides a timely opportunity to consider its operation.</s>
        <s id="141:4" lang="en">The working group on &quot;effectiveness and transparency&quot; has provided useful input.</s>
      </p>
      <p id="142">
        <s id="142:1" lang="en">10. The IAEA secretariat&apos;s implementation of the Plan of Activities on the Radiation Protection of the Environment remains important.</s>
        <s id="142:2" lang="en">There should be further cooperation between IAEA and relevant international organizations and stakeholders in promoting a coherent international policy regarding the radiological protection of the environment.</s>
      </p>
      <p id="143">
        <s id="143:1" lang="en">11. The United Nations Scientific Committee on the Effects of Atomic Radiation (UNSCEAR) continues to provide a valuable contribution by assessing and reporting levels and effects of exposure to ionizing radiation, including its full assessment on the consequences to humans and the environment as a result of the nuclear accident at the Fukushima Daiichi nuclear power station.</s>
        <s id="143:2" lang="en">Many States parties rely on estimates from UNSCEAR as the scientific basis for evaluating radiation risk and for establishing protective measures.</s>
      </p>
      <p id="144">
        <s id="144:1" lang="en">12. The Code of Conduct on the Safety and Security of Radioactive Sources remains important, as does the comprehensive Action Plan for its implementation subsequently adopted by the Board.</s>
        <s id="144:2" lang="en">The Guidance on the Import and Export of Radioactive Sources also remains important, as demonstrated by the IAEA General Conference&apos;s encouragement for States to act in accordance with the Guidance on a harmonized basis.</s>
        <s id="144:3" lang="en">All States parties should make political commitments to the Code and the Guidance and subsequently implement them.</s>
      </p>
      <p id="145">
        <s id="145:1" lang="en">13. All States parties should become parties to the Joint Convention on the Safety of Spent Fuel Management and the Safety of Radioactive Waste Management and should actively step up efforts to develop and implement disposal and long-term storage solutions for spent fuel and radioactive waste.</s>
        <s id="145:2" lang="en">IAEA continues to conduct valuable efforts in waste management.</s>
      </p>
      <p id="146">
        <s id="146:1" lang="en">14. Remediating the various nuclear legacy challenges remains important, as recognized by the establishment of an international working forum for the regulatory supervision of legacy contaminated sites.</s>
        <s id="146:2" lang="en">The Agency should continue facilitating ongoing international efforts in this regard.</s>
      </p>
      <p id="147">
        <s id="147:1" lang="en">15. All States that have not yet done so should take the steps necessary to become parties to the Convention on Early Notification of a Nuclear Accident and to the Convention on Assistance in the Case of a Nuclear Accident or Radiological Emergency.</s>
        <s id="147:2" lang="en">The Seventh Meeting of the Representatives of Competent Authorities identified under the joint conventions are due to be held in Vienna in 2014.</s>
        <s id="147:3" lang="en">There remains a need to strengthen the implementation of the conventions and work for amending their review mechanisms, where appropriate.</s>
      </p>
      <p id="148">
        <s id="148:1" lang="en">16. The recommendations and conclusions of the IAEA Action Plan for Strengthening the International Preparedness and Response System for Nuclear and Radiological Emergencies provide valuable guidance.</s>
        <s id="148:2" lang="en">This should be supported by continued efforts by the IAEA secretariat and member States to implement the strategy outlined in the final report of that Plan, particularly in the light of the nuclear accident at Fukushima.</s>
        <s id="148:3" lang="en">The IAEA Incident and Emergency Centre serves</s>
      </p>
      <p id="149">
        <s id="149:1" lang="en">as the Agency&apos;s focal point for responding to nuclear or radiological incidents</s>
      </p>
      <p id="150">
        <s id="150:1" lang="en">and emergencies and for promoting improvement in emergency response and preparedness.</s>
      </p>
      <p id="151">
        <s id="151:1" lang="en">17. International cooperation to enhance the safety of international navigation, while respecting maritime and air navigation rights and freedoms, as provided for in international law and as reflected in relevant international instruments, remains important.</s>
        <s id="151:2" lang="en">It is in the interests of all States that maritime and other transportation of radioactive materials be conducted in compliance with international standards of safety, security and environmental protection, and that States have under international law the obligation to protect and preserve the maritime environment.</s>
      </p>
      <p id="152">
        <s id="152:1" lang="en">18. Concerns about a potential accident or incident during the transport of radioactive materials remain.</s>
        <s id="152:2" lang="en">The practice of some shipping States and operators of providing, in a timely manner, information and responses to relevant coastal States in advance of shipments of radioactive materials for the purpose of addressing concerns regarding safety and security, including emergency preparedness, is positive.</s>
        <s id="152:3" lang="en">Recent advances in cooperation in relation to the importance of transparency and timely information exchange between Governments in the event of an accident during the transport of nuclear material and the adoption of best practice guidelines for systematic communications to build on the current practice of voluntary exchange of information provide practical examples.</s>
      </p>
      <p id="153">
        <s id="153:1" lang="en">19. All States should ensure that national regulatory documents conform with the current edition of the Agency&apos;s transport regulations.</s>
        <s id="153:2" lang="en">Coordination with other bodies associated with the transport of dangerous goods, including the Economic and Social Council Committee of Experts, the International Maritime Organization and the International Civil Aviation Organization, remain important.</s>
      </p>
      <p id="154">
        <s id="154:1" lang="en">20. In the light of the various conventions on civil liability for nuclear damage, having effective liability mechanisms in place to ensure prompt compensation for damage to people, property and the environment, as well as actual economic loss, owing to an accident or incident during the transport of radioactive materials is important.</s>
      </p>
      <p id="155">
        <s id="155:1" lang="en">21. The IAEA International Expert Group on Nuclear Liability continues to undertake valuable work examining the application and scope of the Agency&apos;s nuclear liability regime and considering and identification of further specific actions to address any gaps in scope and coverage of the regime.</s>
        <s id="155:2" lang="en">The International Expert Group should continue to address outstanding issues as provided for in the Action Plan on Nuclear Safety and in the recommendations of the 2011 IAEA International Conference on the Safe and Secure Transport of Radioactive Materials.</s>
      </p>
      <p id="156">
        <s id="156:1" lang="en">Nuclear security</s>
      </p>
      <p id="157">
        <s id="157:1" lang="en">1. The Vienna Group of Ten proposes that the Preparatory Committee submit the following draft recommendations to the Review Conference.</s>
        <s id="157:2" lang="en">On nuclear security, it is recommended that the Review Conference:</s>
      </p>
      <p id="158">
        <s id="158:1" lang="en">(h) Welcome other initiatives, such as the Nuclear Security Summit, the Global Initiative to Combat Nuclear Terrorism, the Proliferation Security Initiative and the Global Partnership against the Spread of Weapons and Materials of</s>
      </p>
      <p id="159">
        <s id="159:1" lang="en">Mass Destruction and encourages participating states to effectively follow-up</s>
      </p>
      <p id="160">
        <s id="160:1" lang="en">their outcomes.</s>
      </p>
      <p id="161">
        <s id="161:1" lang="en">2. The International Atomic Energy Agency (IAEA) has a central and essential role in the efforts to improve global nuclear security framework, promote its implementation and facilitate effective cooperation and coordination at the international and regional levels.</s>
        <s id="161:2" lang="en">In this regard, it is of great importance that the Agency continues to have the appropriate structure, resources and expertise needed to carry out its mandated nuclear security activities.</s>
      </p>
      <p id="162">
        <s id="162:1" lang="en">3. IAEA and the Nuclear Security Guidance Committee have made progress in developing the Nuclear Security Series, comprising a comprehensive set of Nuclear Security Fundamentals, Recommendations, Implementing Guides and Technical Guidance publications.</s>
        <s id="162:2" lang="en">It is crucial also that cyber- and information security will be handled by the Committee.</s>
      </p>
      <p id="163">
        <s id="163:1" lang="en">4. IAEA is also making an important contribution in assisting States in meeting appropriate security standards.</s>
        <s id="163:2" lang="en">All States should take full advantage of the IAEA advisory services in that regard, including the IAEA International Physical Protection Advisory Service and the establishment of Integrated Nuclear Security Support Plans.</s>
      </p>
      <p id="164">
        <s id="164:1" lang="en">5. The Ministerial Declaration adopted by consensus by all member States of IAEA at the International Conference on Nuclear Security: Enhancing Global Efforts convened by the Agency in Vienna in 2013 is an important milestone in strengthening nuclear security worldwide.</s>
      </p>
      <p id="165">
        <s id="165:1" lang="en">6. Continued and enhanced efforts are needed to provide for the full and effective protection of nuclear facilities and material in peaceful domestic use, storage and transport.</s>
        <s id="165:2" lang="en">It is therefore of great importance that all States parties act in accordance with the object and purpose of the 2005 Amendment to the Convention on the Physical Protection of Nuclear Material until such time as it enters into force.</s>
      </p>
      <p id="166">
        <s id="166:1" lang="en">7. The minimization of the use of highly enriched uranium in civilian applications, including the conversion of civilian research reactors to low-enriched uranium fuel, carries non-proliferation and security benefits.</s>
        <s id="166:2" lang="en">States concerned should further minimize highly enriched uranium stocks and use and convert radioisotope production to low-enriched uranium targets and other non-highly enriched uranium technologies, where technically and economically feasible, and taking into account the need for an assured supply of medical isotopes.</s>
      </p>
      <p id="167">
        <s id="167:1" lang="en">8. The illicit trafficking in nuclear and other radioactive material, equipment and technology remains a serious concern.</s>
        <s id="167:2" lang="en">All States must fully cooperate in identifying the supply routes and sources of the aforesaid.</s>
        <s id="167:3" lang="en">All States should reinforce their efforts on improving existing control and cooperation mechanisms as appropriate in order to achieve higher degrees of effectiveness in the efforts to curb illicit trafficking.</s>
      </p>
      <p id="168">
        <s id="168:1" lang="en">9. IAEA continues to undertake activities to provide for the enhanced exchange of information, including through the continued maintenance of its Incident and Trafficking Database.</s>
        <s id="168:2" lang="en">All States should consider joining and participating actively in this programme.</s>
        <s id="168:3" lang="en">There remains a need for enhanced coordination among States and among international organizations, such as work by the International Criminal Police Organization (INTERPOL) and the World Customs Organization, in preventing, detecting and responding to the illicit trafficking in nuclear and other radioactive materials.</s>
      </p>
      <p id="169">
        <s id="169:1" lang="en">10. Nuclear forensics is important in determining the origin of detected nuclear and other radioactive materials, and in providing evidence for the prosecution of acts of illicit trafficking and malicious uses.</s>
        <s id="169:2" lang="en">States should develop and enhance nuclear forensics capabilities and engage in enhanced international cooperation in this regard.</s>
        <s id="169:3" lang="en">IAEA, the Global Initiative to Combat Nuclear Terrorism and the Nuclear Forensics International Technical Working Group deliver important contributions to further enhance knowledge and capabilities in this field.</s>
      </p>
      <p id="170">
        <s id="170:1" lang="en">11. In the conviction that States and industry have a common interest in fostering nuclear security, a substantial contribution of nuclear industry in evaluating nuclear security regulations is essential.</s>
        <s id="170:2" lang="en">While strengthening this cooperation, possible divergences of interest and the ultimate responsibility of national authorities should duly be taken into consideration.</s>
      </p>
      <p id="171">
        <s id="171:1" lang="en">12. Fostering nuclear security culture through nuclear security education, training and proper certification of nuclear security managers should be a priority for States and nuclear industry.</s>
        <s id="171:2" lang="en">The establishment of centres of excellence and other nuclear security training and support centres, as well as an international nuclear security education network, has been positive.</s>
        <s id="171:3" lang="en">In this regard, close cooperation with and through IAEA is essential.</s>
      </p>
      <p id="172">
        <s id="172:1" lang="en">13. A number of valuable initiatives exist to support the goals of nuclear security, including: the Global Partnership against the Spread of Weapons and Materials of Mass Destruction, with its continued multilateral and bilateral contributions to enhance the physical protection of nuclear facilities and weapons-usable material worldwide; the Global Threat Reduction Initiative, which is contributing to the reduction and protection of vulnerable nuclear and radiological materials located at civilian sites worldwide; the Global Initiative to Combat Nuclear Terrorism, which aims at developing partnership capacity to combat nuclear terrorism consistent with the International Convention for the Suppression of Acts of Nuclear Terrorism and the Convention on the Physical Protection of Nuclear Material and the Proliferation Security Initiative, which further enhances international cooperation in combating illicit trafficking of nuclear material.</s>
      </p>
      <p id="173">
        <s id="173:1" lang="en">14. The effective implementation of the workplan adopted by the Nuclear Security Summit held in Washington, D.C., in 2010, should continue to be supported.</s>
        <s id="173:2" lang="en">Participating States should effectively follow up the outcomes of the Nuclear Security Summit to be held in The Hague in 2014, in order to reduce the threat of nuclear terrorism and to make the global nuclear security architecture as strong and comprehensive as possible.</s>
        <s id="173:3" lang="en">All States are encouraged to consider participating in the Global Initiative to Combat Nuclear Terrorism, including the next Plenary to be held in Helsinki in June 2015.</s>
      </p>
    </body>
  </text>
</TEI.2>
