<?xml version="1.0" encoding="utf-8"?>
<TEI.2>
  <teiHeader>
    <fileDesc>
      <titleStmt>
        <title>The United Nations Parallel Corpus v1.0 - NPT/CONF.2015/PC.III/WP.9</title>
      </titleStmt>
      <publicationStmt>
        <publisher>United Nations DGACM</publisher>
        <pubPlace>New York</pubPlace>
        <date>20140317</date>
        <idno type="symbol">NPT/CONF.2015/PC.III/WP.9</idno>
        <idno type="jobno">N1426714</idno>
        <availability>
          <p>The following disclaimer, an integral part of the United Nations Parallel Corpus v1.0, 
             shall be respected in regard to the Corpus v1.0 (no other restrictions apply):</p>

          <p>The United Nations Parallel Corpus is made available without warranty of any kind, 
             explicit or implied. The United Nations specifically makes no warranties or 
             representations as to the accuracy or completeness of the information contained in 
             the United Nations corpus.</p>

          <p>Under no circumstances shall the United Nations be liable for any loss, liability,
             injury or damage incurred or suffered that is claimed to have resulted from the use
             of the United Nations Corpus. The use of the United Nations Corpus is at the user's 
             sole risk. The user specifically acknowledges and agrees that the United Nations is 
             not liable for the conduct of any user. If the user is dissatisfied with any of the 
             material provided in the United Nations Corpus, the users's sole and exclusive remedy 
             is to discontinue using the United Nations Corpus.</p>

          <p>When using the United Nations Corpus, the user must acknowledge the United Nations as the
             source of the information. For references, please use this reference:
             Ziemski, M., Junczys-Dowmunt, M., and Pouliquen, B. (2016) The United Nations
             Parallel Corpus, Language Resources and Evaluation (LREC’16), Portorož, Slovenia, 
             May 2016.</p>

          <p>Nothing herein shall constitute or be considered to be a limitation upon or waiver,
             express or implied, of the privileges and immunities of the United Nations, which
             are specifically reserved.</p>
        </availability>
        <distributor>http://conferences.unite.un.org/UNCorpus</distributor>
      </publicationStmt>
      <sourceDesc>
        <p>http://www.un.org/en/official-documents-system-search/index.html</p>
      </sourceDesc>
    </fileDesc>
    <profileDesc>
      <langUsage>
        <language ident="en">English</language>
      </langUsage>
    </profileDesc>
  </teiHeader>
  <text>
    <body>
      <p id="1">
        <s id="1:1" lang="en">Third session</s>
      </p>
      <p id="2">
        <s id="2:1" lang="en">New York, 28 April-9 May 2014</s>
      </p>
      <p id="3">
        <s id="3:1" lang="en">Nuclear disarmament post-New START</s>
      </p>
      <p id="4">
        <s id="4:1" lang="en">Working paper submitted by the members of the Non-Proliferation and Disarmament Initiative (Australia, Canada, Chile, Germany, Japan, Mexico, Nigeria, the Netherlands, the Philippines, Poland, Turkey and the United Arab Emirates)</s>
      </p>
      <p id="5">
        <s id="5:1" lang="en">1. The Final Document of the 2010 Review Conference of the Parties to the Treaty on the Non-Proliferation of Nuclear Weapons reaffirms the &quot;unequivocal undertaking of the nuclear-weapon States to accomplish the total elimination of their nuclear arsenals leading to nuclear disarmament, to which all States parties are committed under article VI&quot;.</s>
      </p>
      <p id="6">
        <s id="6:1" lang="en">2. Action 5 of the action plan spells out that the nuclear-weapon States &quot;commit to accelerate concrete progress on the steps leading to nuclear disarmament, contained in the Final Document of the 2000 Review Conference&quot;.</s>
      </p>
      <p id="7">
        <s id="7:1" lang="en">3. The present paper will focus on the fulfilment of action 4 of the 2010 action plan, which calls upon the Russian Federation and the United States of America to seek the early entry into force and full implementation of the Treaty on Measures for the Further Reduction and Limitation of Strategic Offensive Arms (New START Treaty).</s>
        <s id="7:2" lang="en">This call needs to be framed within the broader objectives set by action 3, which stipulates the commitment of nuclear-weapon States to undertake further efforts to reduce and ultimately eliminate all types of nuclear weapons, deployed and nondeployed, including through unilateral, bilateral regional and multilateral measures.</s>
        <s id="7:3" lang="en">Other issues on nuclear disarmament have been dealt with in various working papers by the Non-Proliferation and Disarmament Initiative, such as a fissile material cut-off treaty (NPT/CONF.2015/PC.I/WP.10), the transparency of Nuclear Weapons (NPT/CONF.2015/PC.I/WP.12), disarmament and nonproliferation education (NPT/CONF.2015/PC.I/WP.14), the Comprehensive Nuclear-Test-Ban Treaty (NPT/CONF.2015/PC.II/WP.1), non-strategic nuclear weapons (NPT/CONF.2015/ PC.II/WP.3) and the reduced role of nuclear weapons (NPT/CONF.2015/PC.II/WP.4).</s>
      </p>
      <p id="8">
        <s id="8:1" lang="en">4. The Non-Proliferation and Disarmament Initiative welcomes the unilateral measures undertaken in the past few years.</s>
        <s id="8:2" lang="en">We would welcome more activities in this regard.</s>
        <s id="8:3" lang="en">We note that, so far, the onus has been on bilateral dealings between the Russian Federation and the United States of America to work on bilateral nuclear disarmament efforts.</s>
        <s id="8:4" lang="en">According to the Final Document of the Review Conference of 2010, a special responsibility lies with the States possessing the largest arsenals.</s>
      </p>
      <p id="9">
        <s id="9:1" lang="en">5. The Final Document also encourages the Russian Federation and the United States of America to &quot;continue discussions on follow-on measures in order to achieve deeper reductions in their nuclear arsenals.&quot;</s>
        <s id="9:2" lang="en">This emphasizes the fundamental conviction underpinning the action plan that nuclear disarmament is an ongoing endeavour which demands continuous progress.</s>
        <s id="9:3" lang="en">The 1995 decision on disarmament and non-proliferation states that with the end of the cold war and the ensuing easing of tensions, cooperation based on trust replaced the former antagonism.</s>
      </p>
      <p id="10">
        <s id="10:1" lang="en">6. The United States of America and the Russian Federation significantly reduced their nuclear arsenals after the end of the cold war.</s>
        <s id="10:2" lang="en">The successful completion of the Agreement between the Russian Federation and the United States of America concerning the Disposition of Highly Enriched Uranium Extracted from Nuclear Weapons, in December 2013, is also a very welcome development. 500 tons of Russian highly enriched uranium stockpiles (enough to fuel 20,000 nuclear weapons) have been converted into low-enriched uranium suitable for use as power reactor fuel.</s>
        <s id="10:3" lang="en">Efforts made first under the Strategic Arms Reduction Treaty (START I), and subsequently under the Strategic Offensive Reductions Treaty (SORT), are now being taken forward under the more comprehensive New START Treaty.</s>
        <s id="10:4" lang="en">With the full implementation of New START by 2018, the nuclear arsenals of the United States of America and the Russian Federation will return to the levels in existence before the Cuban missile crisis in 1962.</s>
      </p>
      <p id="11">
        <s id="11:1" lang="en">7. In the light of this assessment, the obligations and commitments made at the Review Conferences since 1995, and in the spirit of the action plan, the NonProliferation and Disarmament Initiative welcomes the offer made by the President of the United States of America, Barack Obama, on 19 June 2013 in Berlin to seek negotiated cuts with the Russian Federation and to further reduce deployed strategic nuclear weapons by up to one third.</s>
        <s id="11:2" lang="en">The Non-Proliferation and Disarmament Initiative expects that this offer provides a much needed perspective for the next round of nuclear weapons reductions in line with article VI of the NonProliferation Treaty.</s>
        <s id="11:3" lang="en">We hope that it will lead to progress in bilateral negotiations between the Russian Federation and the United States of America on a comprehensive reduction of nuclear weapons including non-strategic and nondeployed nuclear weapons, as the action plan of 2010 requires action with respect to all types of nuclear weapons.</s>
      </p>
      <p id="12">
        <s id="12:1" lang="en">8. While recognizing the positive impact of this trend in bilateral reductions, the Non-Proliferation and Disarmament Initiative recalls that this does not replace multilateral negotiations towards the ultimate elimination of all types of nuclear weapons regardless of their size and location, in accordance with article VI. Action 3 also recommends regional or multilateral measures, which have so far not materialized.</s>
        <s id="12:2" lang="en">In this context, the Non-Proliferation and Disarmament Initiative expects that the ongoing dialogue among the nuclear-weapon States will lead to concrete and tangible results at the third session of the Preparatory Committee.</s>
        <s id="12:3" lang="en">The Non-Proliferation and Disarmament Initiative looks forward to an intensification of this process, which must be a departure point or platform for future multilateral disarmament negotiations, particularly after the next bilateral United States-Russian disarmament round has been achieved.</s>
      </p>
      <p id="13">
        <s id="13:1" lang="en">9. The action plan stipulates that all nuclear-weapon States, not only the two States with the largest arsenals, should reduce all types of nuclear weapons in their stockpiles, deployed and non-deployed.</s>
        <s id="13:2" lang="en">Any build-up of nuclear arsenals runs counter to the obligations of nuclear weapon-States.</s>
        <s id="13:3" lang="en">The Non-Proliferation and Disarmament Initiative remains deeply concerned about the reported build-up of nuclear arsenals by some States, against the clear intent of the international community to achieve the goal of a world free of nuclear weapons.</s>
        <s id="13:4" lang="en">In this context, we urge all nuclear-weapon States to continue, and in some cases, to start reducing their arsenals, with the objective of their total elimination.</s>
      </p>
      <p id="14">
        <s id="14:1" lang="en">10. Apart from this obligation, the action plan commits all nuclear-weapon States to refrain from developing or qualitatively improving nuclear weapons.</s>
        <s id="14:2" lang="en">They are called upon to end the development of advanced new types of nuclear weapons.</s>
      </p>
      <p id="15">
        <s id="15:1" lang="en">On this basis, the 2015 Review Conference should:</s>
      </p>
      <p id="16">
        <s id="16:1" lang="en">11. Welcome the ongoing implementation of New START and urge the United States of America and the Russian Federation to engage in a new round of negotiations and advance further steps in line with the principles of irreversibility, verifiability and transparency.</s>
      </p>
      <p id="17">
        <s id="17:1" lang="en">12. Reiterate that the obligation to pursue nuclear disarmament concerns not only the two States with the largest arsenals and that, in due time, the other nuclear-weapon States should also take part in nuclear disarmament negotiations, bearing in mind that all States parties are called upon to engage in multilateral disarmament negotiations under the provisions of article VI. Pending such negotiations, nuclear-weapon States must undertake not to increase their nuclear holdings.</s>
      </p>
      <p id="18">
        <s id="18:1" lang="en">13. Call upon all nuclear-weapon States and other States possessing nuclear weapons to take further steps to reduce their arsenals, regardless of their size, type or location, and to declare a moratorium on developing new warheads and new types of nuclear weapons, and on upgrading existing nuclear weapons or developing new missions for nuclear weapons.</s>
        <s id="18:2" lang="en">A further build-up of nuclear arsenals runs counter to the obligations under the action plan and article VI.</s>
      </p>
    </body>
  </text>
</TEI.2>
